customer_id,segment,fact_type,condition,expected_answer,model_answer,correct,verdict,context_n_char,context_text
cust_7517,leve,last_entity,sem_retrieval,ent_57,,False,malformed,64,Nenhuma informação adicional sobre este cliente está disponível.
cust_7517,leve,last_entity,contexto_completo,ent_57,ent_57,True,correct,422,"Histórico completo de eventos do cliente cust_7517 (5 eventos):
- Evento: interação com ent_57 via search em ts=1701936770 (canal=app)
- Evento: interação com ent_31 via view em ts=1700935940 (canal=app)
- Evento: interação com ent_28 via support_ticket em ts=1700515880 (canal=app)
- Evento: interação com ent_35 via view em ts=1700169560 (canal=web)
- Evento: interação com ent_31 via search em ts=1700125100 (canal=app)"
cust_7517,leve,last_entity,topk_estatico,ent_57,,False,malformed,242,"## Contexto do cliente: cust_7517 (top-3 por frequência)
- ent_31 (2 interações) [view, search], último em ts=1700935940
- ent_35 (1 interações) [view], último em ts=1700169560
- ent_28 (1 interações) [support_ticket], último em ts=1700515880"
cust_7517,leve,last_entity,hibrido_sob_demanda,ent_57,ent_57,True,correct,451,"## Contexto do cliente: cust_7517
Canais com atividade encontrada: 2 (app, web)
Resumo de atividade (5 eventos totais): search: 2, view: 2, support_ticket: 1

### Entidades mais relevantes (ranqueadas por PageRank personalizado)
- ent_31 (relevância=0.023): 2 eventos [view, search], último em ts=1700935940
- ent_35 (relevância=0.020): 1 eventos [view], último em ts=1700169560
- ent_57 (relevância=0.019): 1 eventos [search], último em ts=1701936770"
cust_7517,leve,last_entity,sessao_memoria,ent_57,ent_57,True,correct,402,"## Contexto do cliente: cust_7517 (turno 0)
Resumo de atividade (5 eventos totais): search: 2, view: 2, support_ticket: 1

- ent_31 (relevância=0.065): estado mais recente = view em ts=1700935940 (havia também interações anteriores registradas)
- ent_57 (relevância=0.053): estado mais recente = search em ts=1701936770
- ent_28 (relevância=0.040): estado mais recente = support_ticket em ts=1700515880"
cust_7517,leve,last_entity,sessao_memoria_sem_clash,ent_57,ent_57,True,correct,312,"## Contexto do cliente: cust_7517 (turno 0)
Resumo de atividade (5 eventos totais): search: 2, view: 2, support_ticket: 1

- ent_31 (relevância=0.065): view em ts=1700935940; search em ts=1700125100
- ent_57 (relevância=0.053): search em ts=1701936770
- ent_28 (relevância=0.040): support_ticket em ts=1700515880"
cust_8930,leve,last_entity,sem_retrieval,ent_2,,False,malformed,64,Nenhuma informação adicional sobre este cliente está disponível.
cust_8930,leve,last_entity,contexto_completo,ent_2,ent_2,True,correct,425,"Histórico completo de eventos do cliente cust_8930 (5 eventos):
- Evento: interação com ent_2 via add_to_cart em ts=1702576580 (canal=app)
- Evento: interação com ent_38 via view em ts=1702041680 (canal=web)
- Evento: interação com ent_48 via search em ts=1701872210 (canal=app)
- Evento: interação com ent_14 via support_ticket em ts=1701034850 (canal=app)
- Evento: interação com ent_9 via view em ts=1700705570 (canal=web)"
cust_8930,leve,last_entity,topk_estatico,ent_2,,False,malformed,235,"## Contexto do cliente: cust_8930 (top-3 por frequência)
- ent_9 (1 interações) [view], último em ts=1700705570
- ent_14 (1 interações) [support_ticket], último em ts=1701034850
- ent_48 (1 interações) [search], último em ts=1701872210"
cust_8930,leve,last_entity,hibrido_sob_demanda,ent_2,ent_2,True,correct,473,"## Contexto do cliente: cust_8930
Canais com atividade encontrada: 2 (app, web)
Resumo de atividade (5 eventos totais): view: 2, support_ticket: 1, search: 1, add_to_cart: 1

### Entidades mais relevantes (ranqueadas por PageRank personalizado)
- ent_38 (relevância=0.024): 1 eventos [view], último em ts=1702041680
- ent_14 (relevância=0.022): 1 eventos [support_ticket], último em ts=1701034850
- ent_2 (relevância=0.018): 1 eventos [add_to_cart], último em ts=1702576580"
cust_8930,leve,last_entity,sessao_memoria,ent_2,ent_2,True,correct,373,"## Contexto do cliente: cust_8930 (turno 0)
Resumo de atividade (5 eventos totais): view: 2, support_ticket: 1, search: 1, add_to_cart: 1

- ent_2 (relevância=0.048): estado mais recente = add_to_cart em ts=1702576580
- ent_14 (relevância=0.048): estado mais recente = support_ticket em ts=1701034850
- ent_38 (relevância=0.043): estado mais recente = view em ts=1702041680"
cust_8930,leve,last_entity,sessao_memoria_sem_clash,ent_2,ent_2,True,correct,307,"## Contexto do cliente: cust_8930 (turno 0)
Resumo de atividade (5 eventos totais): view: 2, support_ticket: 1, search: 1, add_to_cart: 1

- ent_2 (relevância=0.048): add_to_cart em ts=1702576580
- ent_14 (relevância=0.048): support_ticket em ts=1701034850
- ent_38 (relevância=0.043): view em ts=1702041680"
cust_3954,leve,last_entity,sem_retrieval,ent_14,,False,malformed,64,Nenhuma informação adicional sobre este cliente está disponível.
cust_3954,leve,last_entity,contexto_completo,ent_14,,False,malformed,203,"Histórico completo de eventos do cliente cust_3954 (2 eventos):
- Evento: interação com ent_19 via search em ts=1701504350 (canal=web)
- Evento: interação com ent_40 via view em ts=1700707250 (canal=app)"
cust_3954,leve,last_entity,topk_estatico,ent_14,,False,malformed,170,"## Contexto do cliente: cust_3954 (top-3 por frequência)
- ent_40 (1 interações) [view], último em ts=1700707250
- ent_19 (1 interações) [search], último em ts=1701504350"
cust_3954,leve,last_entity,hibrido_sob_demanda,ent_14,ent_14,True,correct,463,"## Contexto do cliente: cust_3954
Canais com atividade encontrada: 2 (app, web)
Resumo de atividade (2 eventos totais): view: 1, search: 1

### Entidades mais relevantes (ranqueadas por PageRank personalizado)
- ent_19 (relevância=0.031): 1 eventos [search], último em ts=1701504350
- ent_40 (relevância=0.019): 1 eventos [view], último em ts=1700707250
- ent_14 (relevância=0.010): relacionada por padrão de comportamento similar, sem interação direta registrada"
cust_3954,leve,last_entity,sessao_memoria,ent_14,ent_14,True,correct,361,"## Contexto do cliente: cust_3954 (turno 0)
Resumo de atividade (2 eventos totais): view: 1, search: 1

- ent_19 (relevância=0.097): estado mais recente = search em ts=1701504350
- ent_40 (relevância=0.074): estado mais recente = view em ts=1700707250
- ent_14 (relevância=0.024): relacionada por padrão de comportamento similar, sem interação direta registrada"
cust_3954,leve,last_entity,sessao_memoria_sem_clash,ent_14,ent_14,True,correct,317,"## Contexto do cliente: cust_3954 (turno 0)
Resumo de atividade (2 eventos totais): view: 1, search: 1

- ent_19 (relevância=0.097): search em ts=1701504350
- ent_40 (relevância=0.074): view em ts=1700707250
- ent_14 (relevância=0.024): relacionada por padrão de comportamento similar, sem interação direta registrada"
cust_0,leve,last_entity,sem_retrieval,ent_18,,False,malformed,64,Nenhuma informação adicional sobre este cliente está disponível.
cust_0,leve,last_entity,contexto_completo,ent_18,,False,malformed,198,"Histórico completo de eventos do cliente cust_0 (2 eventos):
- Evento: interação com ent_11 via view em ts=1701390290 (canal=web)
- Evento: interação com ent_54 via view em ts=1700711780 (canal=web)"
cust_0,leve,last_entity,topk_estatico,ent_18,,False,malformed,165,"## Contexto do cliente: cust_0 (top-3 por frequência)
- ent_54 (1 interações) [view], último em ts=1700711780
- ent_11 (1 interações) [view], último em ts=1701390290"
cust_0,leve,last_entity,hibrido_sob_demanda,ent_18,,False,malformed,442,"## Contexto do cliente: cust_0
Canais com atividade encontrada: 1 (web)
Resumo de atividade (2 eventos totais): view: 2

### Entidades mais relevantes (ranqueadas por PageRank personalizado)
- ent_11 (relevância=0.036): 1 eventos [view], último em ts=1701390290
- ent_54 (relevância=0.035): 1 eventos [view], último em ts=1700711780
- ent_14 (relevância=0.015): relacionada por padrão de comportamento similar, sem interação direta registrada"
cust_0,leve,last_entity,sessao_memoria,ent_18,,False,malformed,345,"## Contexto do cliente: cust_0 (turno 0)
Resumo de atividade (2 eventos totais): view: 2

- ent_11 (relevância=0.086): estado mais recente = view em ts=1701390290
- ent_54 (relevância=0.082): estado mais recente = view em ts=1700711780
- ent_14 (relevância=0.032): relacionada por padrão de comportamento similar, sem interação direta registrada"
cust_0,leve,last_entity,sessao_memoria_sem_clash,ent_18,,False,malformed,301,"## Contexto do cliente: cust_0 (turno 0)
Resumo de atividade (2 eventos totais): view: 2

- ent_11 (relevância=0.086): view em ts=1701390290
- ent_54 (relevância=0.082): view em ts=1700711780
- ent_14 (relevância=0.032): relacionada por padrão de comportamento similar, sem interação direta registrada"
cust_9985,leve,last_entity,sem_retrieval,ent_37,,False,malformed,64,Nenhuma informação adicional sobre este cliente está disponível.
cust_9985,leve,last_entity,contexto_completo,ent_37,ent_37,True,correct,279,"Histórico completo de eventos do cliente cust_9985 (3 eventos):
- Evento: interação com ent_37 via view em ts=1702927400 (canal=web)
- Evento: interação com ent_59 via search em ts=1702190360 (canal=web)
- Evento: interação com ent_22 via add_to_cart em ts=1701439940 (canal=web)"
cust_9985,leve,last_entity,topk_estatico,ent_37,ent_37,True,correct,233,"## Contexto do cliente: cust_9985 (top-3 por frequência)
- ent_22 (1 interações) [add_to_cart], último em ts=1701439940
- ent_59 (1 interações) [search], último em ts=1702190360
- ent_37 (1 interações) [view], último em ts=1702927400"
cust_9985,leve,last_entity,hibrido_sob_demanda,ent_37,ent_37,True,correct,442,"## Contexto do cliente: cust_9985
Canais com atividade encontrada: 1 (web)
Resumo de atividade (3 eventos totais): add_to_cart: 1, search: 1, view: 1

### Entidades mais relevantes (ranqueadas por PageRank personalizado)
- ent_37 (relevância=0.036): 1 eventos [view], último em ts=1702927400
- ent_59 (relevância=0.024): 1 eventos [search], último em ts=1702190360
- ent_22 (relevância=0.022): 1 eventos [add_to_cart], último em ts=1701439940"
cust_9985,leve,last_entity,sessao_memoria,ent_37,ent_37,True,correct,347,"## Contexto do cliente: cust_9985 (turno 0)
Resumo de atividade (3 eventos totais): add_to_cart: 1, search: 1, view: 1

- ent_37 (relevância=0.082): estado mais recente = view em ts=1702927400
- ent_59 (relevância=0.057): estado mais recente = search em ts=1702190360
- ent_22 (relevância=0.052): estado mais recente = add_to_cart em ts=1701439940"
cust_9985,leve,last_entity,sessao_memoria_sem_clash,ent_37,ent_37,True,correct,281,"## Contexto do cliente: cust_9985 (turno 0)
Resumo de atividade (3 eventos totais): add_to_cart: 1, search: 1, view: 1

- ent_37 (relevância=0.082): view em ts=1702927400
- ent_59 (relevância=0.057): search em ts=1702190360
- ent_22 (relevância=0.052): add_to_cart em ts=1701439940"
cust_1637,leve,last_entity,sem_retrieval,ent_32,,False,malformed,64,Nenhuma informação adicional sobre este cliente está disponível.
cust_1637,leve,last_entity,contexto_completo,ent_32,ent_32,True,correct,340,"Histórico completo de eventos do cliente cust_1637 (4 eventos):
- Evento: interação com ent_32 via view em ts=1703318420 (canal=web)
- Evento: interação com ent_30 via view em ts=1702432700 (canal=web)
- Evento: interação com ent_13 via search em ts=1701443930 (canal=web)
- Evento: interação com ent_4 via view em ts=1700714000 (canal=web)"
cust_1637,leve,last_entity,topk_estatico,ent_32,,False,malformed,225,"## Contexto do cliente: cust_1637 (top-3 por frequência)
- ent_4 (1 interações) [view], último em ts=1700714000
- ent_13 (1 interações) [search], último em ts=1701443930
- ent_30 (1 interações) [view], último em ts=1702432700"
cust_1637,leve,last_entity,hibrido_sob_demanda,ent_32,ent_32,True,correct,416,"## Contexto do cliente: cust_1637
Canais com atividade encontrada: 1 (web)
Resumo de atividade (4 eventos totais): view: 3, search: 1

### Entidades mais relevantes (ranqueadas por PageRank personalizado)
- ent_32 (relevância=0.030): 1 eventos [view], último em ts=1703318420
- ent_30 (relevância=0.026): 1 eventos [view], último em ts=1702432700
- ent_4 (relevância=0.021): 1 eventos [view], último em ts=1700714000"
cust_1637,leve,last_entity,sessao_memoria,ent_32,ent_32,True,correct,321,"## Contexto do cliente: cust_1637 (turno 0)
Resumo de atividade (4 eventos totais): view: 3, search: 1

- ent_32 (relevância=0.067): estado mais recente = view em ts=1703318420
- ent_30 (relevância=0.056): estado mais recente = view em ts=1702432700
- ent_4 (relevância=0.043): estado mais recente = view em ts=1700714000"
cust_1637,leve,last_entity,sessao_memoria_sem_clash,ent_32,ent_32,True,correct,255,"## Contexto do cliente: cust_1637 (turno 0)
Resumo de atividade (4 eventos totais): view: 3, search: 1

- ent_32 (relevância=0.067): view em ts=1703318420
- ent_30 (relevância=0.056): view em ts=1702432700
- ent_4 (relevância=0.043): view em ts=1700714000"
cust_8575,leve,last_entity,sem_retrieval,ent_14,,False,malformed,64,Nenhuma informação adicional sobre este cliente está disponível.
cust_8575,leve,last_entity,contexto_completo,ent_14,ent_14,True,correct,426,"Histórico completo de eventos do cliente cust_8575 (5 eventos):
- Evento: interação com ent_14 via purchase em ts=1703434550 (canal=app)
- Evento: interação com ent_41 via view em ts=1702094270 (canal=app)
- Evento: interação com ent_15 via add_to_cart em ts=1701576410 (canal=app)
- Evento: interação com ent_46 via view em ts=1701518870 (canal=app)
- Evento: interação com ent_15 via add_to_cart em ts=1700715170 (canal=app)"
cust_8575,leve,last_entity,topk_estatico,ent_14,,False,malformed,231,"## Contexto do cliente: cust_8575 (top-3 por frequência)
- ent_15 (2 interações) [add_to_cart], último em ts=1701576410
- ent_46 (1 interações) [view], último em ts=1701518870
- ent_41 (1 interações) [view], último em ts=1702094270"
cust_8575,leve,last_entity,hibrido_sob_demanda,ent_14,ent_14,True,correct,446,"## Contexto do cliente: cust_8575
Canais com atividade encontrada: 1 (app)
Resumo de atividade (5 eventos totais): add_to_cart: 2, view: 2, purchase: 1

### Entidades mais relevantes (ranqueadas por PageRank personalizado)
- ent_14 (relevância=0.047): 1 eventos [purchase], último em ts=1703434550
- ent_15 (relevância=0.036): 2 eventos [add_to_cart], último em ts=1701576410
- ent_46 (relevância=0.031): 1 eventos [view], último em ts=1701518870"
cust_8575,leve,last_entity,sessao_memoria,ent_14,ent_14,True,correct,400,"## Contexto do cliente: cust_8575 (turno 0)
Resumo de atividade (5 eventos totais): add_to_cart: 2, view: 2, purchase: 1

- ent_14 (relevância=0.066): estado mais recente = purchase em ts=1703434550
- ent_15 (relevância=0.058): estado mais recente = add_to_cart em ts=1701576410 (havia também interações anteriores registradas)
- ent_41 (relevância=0.044): estado mais recente = view em ts=1702094270"
cust_8575,leve,last_entity,sessao_memoria_sem_clash,ent_14,ent_14,True,correct,315,"## Contexto do cliente: cust_8575 (turno 0)
Resumo de atividade (5 eventos totais): add_to_cart: 2, view: 2, purchase: 1

- ent_14 (relevância=0.066): purchase em ts=1703434550
- ent_15 (relevância=0.058): add_to_cart em ts=1701576410; add_to_cart em ts=1700715170
- ent_41 (relevância=0.044): view em ts=1702094270"
cust_6723,leve,last_entity,sem_retrieval,ent_47,,False,malformed,64,Nenhuma informação adicional sobre este cliente está disponível.
cust_6723,leve,last_entity,contexto_completo,ent_47,ent_47,True,correct,426,"Histórico completo de eventos do cliente cust_6723 (5 eventos):
- Evento: interação com ent_47 via add_to_cart em ts=1702948820 (canal=web)
- Evento: interação com ent_30 via search em ts=1702469060 (canal=web)
- Evento: interação com ent_52 via search em ts=1702250330 (canal=web)
- Evento: interação com ent_30 via add_to_cart em ts=1701338210 (canal=app)
- Evento: interação com ent_47 via view em ts=1700716250 (canal=web)"
cust_6723,leve,last_entity,topk_estatico,ent_47,ent_47,True,correct,254,"## Contexto do cliente: cust_6723 (top-3 por frequência)
- ent_47 (2 interações) [add_to_cart, view], último em ts=1702948820
- ent_30 (2 interações) [search, add_to_cart], último em ts=1702469060
- ent_52 (1 interações) [search], último em ts=1702250330"
cust_6723,leve,last_entity,hibrido_sob_demanda,ent_47,ent_47,True,correct,468,"## Contexto do cliente: cust_6723
Canais com atividade encontrada: 2 (app, web)
Resumo de atividade (5 eventos totais): add_to_cart: 2, search: 2, view: 1

### Entidades mais relevantes (ranqueadas por PageRank personalizado)
- ent_30 (relevância=0.025): 2 eventos [search, add_to_cart], último em ts=1702469060
- ent_47 (relevância=0.025): 2 eventos [add_to_cart, view], último em ts=1702948820
- ent_52 (relevância=0.018): 1 eventos [search], último em ts=1702250330"
cust_6723,leve,last_entity,sessao_memoria,ent_47,ent_47,True,correct,447,"## Contexto do cliente: cust_6723 (turno 0)
Resumo de atividade (5 eventos totais): add_to_cart: 2, search: 2, view: 1

- ent_30 (relevância=0.078): estado mais recente = search em ts=1702469060 (havia também interações anteriores registradas)
- ent_47 (relevância=0.070): estado mais recente = add_to_cart em ts=1702948820 (havia também interações anteriores registradas)
- ent_52 (relevância=0.049): estado mais recente = search em ts=1702250330"
cust_6723,leve,last_entity,sessao_memoria_sem_clash,ent_47,ent_47,True,correct,336,"## Contexto do cliente: cust_6723 (turno 0)
Resumo de atividade (5 eventos totais): add_to_cart: 2, search: 2, view: 1

- ent_30 (relevância=0.078): search em ts=1702469060; add_to_cart em ts=1701338210
- ent_47 (relevância=0.070): add_to_cart em ts=1702948820; view em ts=1700716250
- ent_52 (relevância=0.049): search em ts=1702250330"
cust_3966,leve,last_entity,sem_retrieval,ent_4,,False,malformed,64,Nenhuma informação adicional sobre este cliente está disponível.
cust_3966,leve,last_entity,contexto_completo,ent_4,ent_4,True,correct,345,"Histórico completo de eventos do cliente cust_3966 (4 eventos):
- Evento: interação com ent_4 via view em ts=1703459150 (canal=web)
- Evento: interação com ent_27 via search em ts=1702290710 (canal=web)
- Evento: interação com ent_5 via add_to_cart em ts=1702218530 (canal=web)
- Evento: interação com ent_5 via view em ts=1700716340 (canal=web)"
cust_3966,leve,last_entity,topk_estatico,ent_4,ent_4,True,correct,237,"## Contexto do cliente: cust_3966 (top-3 por frequência)
- ent_5 (2 interações) [add_to_cart, view], último em ts=1702218530
- ent_27 (1 interações) [search], último em ts=1702290710
- ent_4 (1 interações) [view], último em ts=1703459150"
cust_3966,leve,last_entity,hibrido_sob_demanda,ent_4,ent_4,True,correct,446,"## Contexto do cliente: cust_3966
Canais com atividade encontrada: 1 (web)
Resumo de atividade (4 eventos totais): view: 2, add_to_cart: 1, search: 1

### Entidades mais relevantes (ranqueadas por PageRank personalizado)
- ent_5 (relevância=0.031): 2 eventos [add_to_cart, view], último em ts=1702218530
- ent_4 (relevância=0.030): 1 eventos [view], último em ts=1703459150
- ent_27 (relevância=0.023): 1 eventos [search], último em ts=1702290710"
cust_3966,leve,last_entity,sessao_memoria,ent_4,ent_4,True,correct,394,"## Contexto do cliente: cust_3966 (turno 0)
Resumo de atividade (4 eventos totais): view: 2, add_to_cart: 1, search: 1

- ent_4 (relevância=0.075): estado mais recente = view em ts=1703459150
- ent_5 (relevância=0.075): estado mais recente = add_to_cart em ts=1702218530 (havia também interações anteriores registradas)
- ent_27 (relevância=0.057): estado mais recente = search em ts=1702290710"
cust_3966,leve,last_entity,sessao_memoria_sem_clash,ent_4,ent_4,True,correct,302,"## Contexto do cliente: cust_3966 (turno 0)
Resumo de atividade (4 eventos totais): view: 2, add_to_cart: 1, search: 1

- ent_4 (relevância=0.075): view em ts=1703459150
- ent_5 (relevância=0.075): add_to_cart em ts=1702218530; view em ts=1700716340
- ent_27 (relevância=0.057): search em ts=1702290710"
cust_3621,leve,last_entity,sem_retrieval,ent_55,,False,malformed,64,Nenhuma informação adicional sobre este cliente está disponível.
cust_3621,leve,last_entity,contexto_completo,ent_55,ent_55,True,correct,412,"Histórico completo de eventos do cliente cust_3621 (5 eventos):
- Evento: interação com ent_55 via view em ts=1703526740 (canal=app)
- Evento: interação com ent_30 via view em ts=1703390720 (canal=app)
- Evento: interação com ent_48 via search em ts=1701397790 (canal=app)
- Evento: interação com ent_43 via search em ts=1701272090 (canal=app)
- Evento: interação com ent_33 via view em ts=1700718830 (canal=web)"
cust_3621,leve,last_entity,topk_estatico,ent_55,,False,malformed,228,"## Contexto do cliente: cust_3621 (top-3 por frequência)
- ent_33 (1 interações) [view], último em ts=1700718830
- ent_43 (1 interações) [search], último em ts=1701272090
- ent_48 (1 interações) [search], último em ts=1701397790"
cust_3621,leve,last_entity,hibrido_sob_demanda,ent_55,ent_55,True,correct,422,"## Contexto do cliente: cust_3621
Canais com atividade encontrada: 2 (app, web)
Resumo de atividade (5 eventos totais): view: 3, search: 2

### Entidades mais relevantes (ranqueadas por PageRank personalizado)
- ent_33 (relevância=0.022): 1 eventos [view], último em ts=1700718830
- ent_30 (relevância=0.021): 1 eventos [view], último em ts=1703390720
- ent_55 (relevância=0.018): 1 eventos [view], último em ts=1703526740"
cust_3621,leve,last_entity,sessao_memoria,ent_55,ent_55,True,correct,324,"## Contexto do cliente: cust_3621 (turno 0)
Resumo de atividade (5 eventos totais): view: 3, search: 2

- ent_30 (relevância=0.055): estado mais recente = view em ts=1703390720
- ent_55 (relevância=0.053): estado mais recente = view em ts=1703526740
- ent_48 (relevância=0.034): estado mais recente = search em ts=1701397790"
cust_3621,leve,last_entity,sessao_memoria_sem_clash,ent_55,ent_55,True,correct,258,"## Contexto do cliente: cust_3621 (turno 0)
Resumo de atividade (5 eventos totais): view: 3, search: 2

- ent_30 (relevância=0.055): view em ts=1703390720
- ent_55 (relevância=0.053): view em ts=1703526740
- ent_48 (relevância=0.034): search em ts=1701397790"
cust_7772,leve,last_entity,sem_retrieval,ent_32,,False,malformed,64,Nenhuma informação adicional sobre este cliente está disponível.
cust_7772,leve,last_entity,contexto_completo,ent_32,ent_32,True,correct,348,"Histórico completo de eventos do cliente cust_7772 (4 eventos):
- Evento: interação com ent_32 via view em ts=1702461080 (canal=web)
- Evento: interação com ent_15 via add_to_cart em ts=1701553040 (canal=web)
- Evento: interação com ent_42 via search em ts=1701356120 (canal=web)
- Evento: interação com ent_32 via view em ts=1700719670 (canal=web)"
cust_7772,leve,last_entity,topk_estatico,ent_32,ent_32,True,correct,233,"## Contexto do cliente: cust_7772 (top-3 por frequência)
- ent_32 (2 interações) [view], último em ts=1702461080
- ent_42 (1 interações) [search], último em ts=1701356120
- ent_15 (1 interações) [add_to_cart], último em ts=1701553040"
cust_7772,leve,last_entity,hibrido_sob_demanda,ent_32,ent_32,True,correct,442,"## Contexto do cliente: cust_7772
Canais com atividade encontrada: 1 (web)
Resumo de atividade (4 eventos totais): view: 2, search: 1, add_to_cart: 1

### Entidades mais relevantes (ranqueadas por PageRank personalizado)
- ent_32 (relevância=0.039): 2 eventos [view], último em ts=1702461080
- ent_42 (relevância=0.022): 1 eventos [search], último em ts=1701356120
- ent_15 (relevância=0.020): 1 eventos [add_to_cart], último em ts=1701553040"
cust_7772,leve,last_entity,sessao_memoria,ent_32,ent_32,True,correct,396,"## Contexto do cliente: cust_7772 (turno 0)
Resumo de atividade (4 eventos totais): view: 2, search: 1, add_to_cart: 1

- ent_32 (relevância=0.095): estado mais recente = view em ts=1702461080 (havia também interações anteriores registradas)
- ent_42 (relevância=0.054): estado mais recente = search em ts=1701356120
- ent_15 (relevância=0.049): estado mais recente = add_to_cart em ts=1701553040"
cust_7772,leve,last_entity,sessao_memoria_sem_clash,ent_32,ent_32,True,correct,304,"## Contexto do cliente: cust_7772 (turno 0)
Resumo de atividade (4 eventos totais): view: 2, search: 1, add_to_cart: 1

- ent_32 (relevância=0.095): view em ts=1702461080; view em ts=1700719670
- ent_42 (relevância=0.054): search em ts=1701356120
- ent_15 (relevância=0.049): add_to_cart em ts=1701553040"
cust_1290,leve,last_entity,sem_retrieval,ent_57,,False,malformed,64,Nenhuma informação adicional sobre este cliente está disponível.
cust_1290,leve,last_entity,contexto_completo,ent_57,ent_57,True,correct,427,"Histórico completo de eventos do cliente cust_1290 (5 eventos):
- Evento: interação com ent_57 via search em ts=1703156030 (canal=app)
- Evento: interação com ent_51 via search em ts=1702619270 (canal=web)
- Evento: interação com ent_28 via support_ticket em ts=1701760070 (canal=web)
- Evento: interação com ent_25 via search em ts=1701711440 (canal=app)
- Evento: interação com ent_8 via purchase em ts=1700720900 (canal=web)"
cust_1290,leve,last_entity,topk_estatico,ent_57,,False,malformed,239,"## Contexto do cliente: cust_1290 (top-3 por frequência)
- ent_8 (1 interações) [purchase], último em ts=1700720900
- ent_25 (1 interações) [search], último em ts=1701711440
- ent_28 (1 interações) [support_ticket], último em ts=1701760070"
cust_1290,leve,last_entity,hibrido_sob_demanda,ent_57,ent_57,True,correct,459,"## Contexto do cliente: cust_1290
Canais com atividade encontrada: 2 (app, web)
Resumo de atividade (5 eventos totais): search: 3, purchase: 1, support_ticket: 1

### Entidades mais relevantes (ranqueadas por PageRank personalizado)
- ent_51 (relevância=0.020): 1 eventos [search], último em ts=1702619270
- ent_28 (relevância=0.019): 1 eventos [support_ticket], último em ts=1701760070
- ent_57 (relevância=0.015): 1 eventos [search], último em ts=1703156030"
cust_1290,leve,last_entity,sessao_memoria,ent_57,ent_57,True,correct,359,"## Contexto do cliente: cust_1290 (turno 0)
Resumo de atividade (5 eventos totais): search: 3, purchase: 1, support_ticket: 1

- ent_57 (relevância=0.050): estado mais recente = search em ts=1703156030
- ent_51 (relevância=0.042): estado mais recente = search em ts=1702619270
- ent_28 (relevância=0.040): estado mais recente = support_ticket em ts=1701760070"
cust_1290,leve,last_entity,sessao_memoria_sem_clash,ent_57,ent_57,True,correct,293,"## Contexto do cliente: cust_1290 (turno 0)
Resumo de atividade (5 eventos totais): search: 3, purchase: 1, support_ticket: 1

- ent_57 (relevância=0.050): search em ts=1703156030
- ent_51 (relevância=0.042): search em ts=1702619270
- ent_28 (relevância=0.040): support_ticket em ts=1701760070"
cust_4853,leve,last_entity,sem_retrieval,ent_30,,False,malformed,64,Nenhuma informação adicional sobre este cliente está disponível.
cust_4853,leve,last_entity,contexto_completo,ent_30,ent_30,True,correct,355,"Histórico completo de eventos do cliente cust_4853 (4 eventos):
- Evento: interação com ent_30 via view em ts=1703100830 (canal=app)
- Evento: interação com ent_52 via support_ticket em ts=1702811360 (canal=web)
- Evento: interação com ent_58 via search em ts=1702504550 (canal=app)
- Evento: interação com ent_40 via purchase em ts=1700721920 (canal=app)"
cust_4853,leve,last_entity,topk_estatico,ent_30,,False,malformed,240,"## Contexto do cliente: cust_4853 (top-3 por frequência)
- ent_40 (1 interações) [purchase], último em ts=1700721920
- ent_58 (1 interações) [search], último em ts=1702504550
- ent_52 (1 interações) [support_ticket], último em ts=1702811360"
cust_4853,leve,last_entity,hibrido_sob_demanda,ent_30,ent_30,True,correct,466,"## Contexto do cliente: cust_4853
Canais com atividade encontrada: 2 (app, web)
Resumo de atividade (4 eventos totais): purchase: 1, search: 1, support_ticket: 1, view: 1

### Entidades mais relevantes (ranqueadas por PageRank personalizado)
- ent_52 (relevância=0.036): 1 eventos [support_ticket], último em ts=1702811360
- ent_30 (relevância=0.029): 1 eventos [view], último em ts=1703100830
- ent_58 (relevância=0.026): 1 eventos [search], último em ts=1702504550"
cust_4853,leve,last_entity,sessao_memoria,ent_30,ent_30,True,correct,366,"## Contexto do cliente: cust_4853 (turno 0)
Resumo de atividade (4 eventos totais): purchase: 1, search: 1, support_ticket: 1, view: 1

- ent_30 (relevância=0.061): estado mais recente = view em ts=1703100830
- ent_52 (relevância=0.055): estado mais recente = support_ticket em ts=1702811360
- ent_58 (relevância=0.054): estado mais recente = search em ts=1702504550"
cust_4853,leve,last_entity,sessao_memoria_sem_clash,ent_30,ent_30,True,correct,300,"## Contexto do cliente: cust_4853 (turno 0)
Resumo de atividade (4 eventos totais): purchase: 1, search: 1, support_ticket: 1, view: 1

- ent_30 (relevância=0.061): view em ts=1703100830
- ent_52 (relevância=0.055): support_ticket em ts=1702811360
- ent_58 (relevância=0.054): search em ts=1702504550"
cust_3117,leve,last_entity,sem_retrieval,ent_46,,False,malformed,64,Nenhuma informação adicional sobre este cliente está disponível.
cust_3117,leve,last_entity,contexto_completo,ent_46,ent_46,True,correct,651,"Histórico completo de eventos do cliente cust_3117 (8 eventos):
- Evento: interação com ent_46 via view em ts=1703310890 (canal=web)
- Evento: interação com ent_39 via add_to_cart em ts=1703284160 (canal=call_center)
- Evento: interação com ent_46 via add_to_cart em ts=1702745690 (canal=app)
- Evento: interação com ent_46 via search em ts=1702581410 (canal=call_center)
- Evento: interação com ent_39 via search em ts=1701288260 (canal=app)
- Evento: interação com ent_50 via view em ts=1701200870 (canal=app)
- Evento: interação com ent_10 via search em ts=1700926460 (canal=app)
- Evento: interação com ent_39 via view em ts=1700722520 (canal=web)"
cust_3117,leve,last_entity,topk_estatico,ent_46,ent_46,True,correct,268,"## Contexto do cliente: cust_3117 (top-3 por frequência)
- ent_39 (3 interações) [add_to_cart, search, view], último em ts=1703284160
- ent_46 (3 interações) [view, add_to_cart, search], último em ts=1703310890
- ent_10 (1 interações) [search], último em ts=1700926460"
cust_3117,leve,last_entity,hibrido_sob_demanda,ent_46,ent_46,True,correct,493,"## Contexto do cliente: cust_3117
Canais com atividade encontrada: 3 (app, call_center, web)
Resumo de atividade (8 eventos totais): view: 3, search: 3, add_to_cart: 2

### Entidades mais relevantes (ranqueadas por PageRank personalizado)
- ent_46 (relevância=0.038): 3 eventos [view, add_to_cart, search], último em ts=1703310890
- ent_39 (relevância=0.025): 3 eventos [add_to_cart, search, view], último em ts=1703284160
- ent_50 (relevância=0.013): 1 eventos [view], último em ts=1701200870"
cust_3117,leve,last_entity,sessao_memoria,ent_46,ent_46,True,correct,443,"## Contexto do cliente: cust_3117 (turno 0)
Resumo de atividade (8 eventos totais): view: 3, search: 3, add_to_cart: 2

- ent_46 (relevância=0.089): estado mais recente = view em ts=1703310890 (havia também interações anteriores registradas)
- ent_39 (relevância=0.069): estado mais recente = add_to_cart em ts=1703284160 (havia também interações anteriores registradas)
- ent_50 (relevância=0.024): estado mais recente = view em ts=1701200870"
cust_3117,leve,last_entity,sessao_memoria_sem_clash,ent_46,ent_46,True,correct,382,"## Contexto do cliente: cust_3117 (turno 0)
Resumo de atividade (8 eventos totais): view: 3, search: 3, add_to_cart: 2

- ent_46 (relevância=0.089): view em ts=1703310890; add_to_cart em ts=1702745690; search em ts=1702581410
- ent_39 (relevância=0.069): add_to_cart em ts=1703284160; search em ts=1701288260; view em ts=1700722520
- ent_50 (relevância=0.024): view em ts=1701200870"
cust_3271,leve,last_entity,sem_retrieval,ent_27,,False,malformed,64,Nenhuma informação adicional sobre este cliente está disponível.
cust_3271,leve,last_entity,contexto_completo,ent_27,ent_27,True,correct,213,"Histórico completo de eventos do cliente cust_3271 (2 eventos):
- Evento: interação com ent_27 via support_ticket em ts=1702442450 (canal=web)
- Evento: interação com ent_47 via search em ts=1700722610 (canal=web)"
cust_3271,leve,last_entity,topk_estatico,ent_27,ent_27,True,correct,180,"## Contexto do cliente: cust_3271 (top-3 por frequência)
- ent_47 (1 interações) [search], último em ts=1700722610
- ent_27 (1 interações) [support_ticket], último em ts=1702442450"
cust_3271,leve,last_entity,hibrido_sob_demanda,ent_27,ent_27,True,correct,478,"## Contexto do cliente: cust_3271
Canais com atividade encontrada: 1 (web)
Resumo de atividade (2 eventos totais): search: 1, support_ticket: 1

### Entidades mais relevantes (ranqueadas por PageRank personalizado)
- ent_27 (relevância=0.050): 1 eventos [support_ticket], último em ts=1702442450
- ent_47 (relevância=0.030): 1 eventos [search], último em ts=1700722610
- ent_14 (relevância=0.016): relacionada por padrão de comportamento similar, sem interação direta registrada"
cust_3271,leve,last_entity,sessao_memoria,ent_27,ent_27,True,correct,381,"## Contexto do cliente: cust_3271 (turno 0)
Resumo de atividade (2 eventos totais): search: 1, support_ticket: 1

- ent_27 (relevância=0.113): estado mais recente = support_ticket em ts=1702442450
- ent_47 (relevância=0.069): estado mais recente = search em ts=1700722610
- ent_14 (relevância=0.028): relacionada por padrão de comportamento similar, sem interação direta registrada"
cust_3271,leve,last_entity,sessao_memoria_sem_clash,ent_27,ent_27,True,correct,337,"## Contexto do cliente: cust_3271 (turno 0)
Resumo de atividade (2 eventos totais): search: 1, support_ticket: 1

- ent_27 (relevância=0.113): support_ticket em ts=1702442450
- ent_47 (relevância=0.069): search em ts=1700722610
- ent_14 (relevância=0.028): relacionada por padrão de comportamento similar, sem interação direta registrada"
cust_7908,leve,last_entity,sem_retrieval,ent_4,,False,malformed,64,Nenhuma informação adicional sobre este cliente está disponível.
cust_7908,leve,last_entity,contexto_completo,ent_4,ent_4,True,correct,418,"Histórico completo de eventos do cliente cust_7908 (5 eventos):
- Evento: interação com ent_4 via search em ts=1703347370 (canal=app)
- Evento: interação com ent_26 via purchase em ts=1702356950 (canal=web)
- Evento: interação com ent_13 via search em ts=1701618020 (canal=web)
- Evento: interação com ent_4 via view em ts=1701579950 (canal=app)
- Evento: interação com ent_35 via purchase em ts=1700722940 (canal=app)"
cust_7908,leve,last_entity,topk_estatico,ent_4,ent_4,True,correct,237,"## Contexto do cliente: cust_7908 (top-3 por frequência)
- ent_4 (2 interações) [search, view], último em ts=1703347370
- ent_35 (1 interações) [purchase], último em ts=1700722940
- ent_13 (1 interações) [search], último em ts=1701618020"
cust_7908,leve,last_entity,hibrido_sob_demanda,ent_4,ent_4,True,correct,448,"## Contexto do cliente: cust_7908
Canais com atividade encontrada: 2 (app, web)
Resumo de atividade (5 eventos totais): purchase: 2, search: 2, view: 1

### Entidades mais relevantes (ranqueadas por PageRank personalizado)
- ent_4 (relevância=0.029): 2 eventos [search, view], último em ts=1703347370
- ent_26 (relevância=0.024): 1 eventos [purchase], último em ts=1702356950
- ent_13 (relevância=0.018): 1 eventos [search], último em ts=1701618020"
cust_7908,leve,last_entity,sessao_memoria,ent_4,ent_4,True,correct,391,"## Contexto do cliente: cust_7908 (turno 0)
Resumo de atividade (5 eventos totais): purchase: 2, search: 2, view: 1

- ent_4 (relevância=0.091): estado mais recente = search em ts=1703347370 (havia também interações anteriores registradas)
- ent_26 (relevância=0.047): estado mais recente = purchase em ts=1702356950
- ent_13 (relevância=0.036): estado mais recente = search em ts=1701618020"
cust_7908,leve,last_entity,sessao_memoria_sem_clash,ent_4,ent_4,True,correct,299,"## Contexto do cliente: cust_7908 (turno 0)
Resumo de atividade (5 eventos totais): purchase: 2, search: 2, view: 1

- ent_4 (relevância=0.091): search em ts=1703347370; view em ts=1701579950
- ent_26 (relevância=0.047): purchase em ts=1702356950
- ent_13 (relevância=0.036): search em ts=1701618020"
cust_5634,leve,last_entity,sem_retrieval,ent_51,,False,malformed,64,Nenhuma informação adicional sobre este cliente está disponível.
cust_5634,leve,last_entity,contexto_completo,ent_51,ent_51,True,correct,348,"Histórico completo de eventos do cliente cust_5634 (4 eventos):
- Evento: interação com ent_51 via search em ts=1702721300 (canal=web)
- Evento: interação com ent_30 via view em ts=1702265990 (canal=web)
- Evento: interação com ent_31 via add_to_cart em ts=1700998070 (canal=web)
- Evento: interação com ent_27 via view em ts=1700726930 (canal=web)"
cust_5634,leve,last_entity,topk_estatico,ent_51,,False,malformed,231,"## Contexto do cliente: cust_5634 (top-3 por frequência)
- ent_27 (1 interações) [view], último em ts=1700726930
- ent_31 (1 interações) [add_to_cart], último em ts=1700998070
- ent_30 (1 interações) [view], último em ts=1702265990"
cust_5634,leve,last_entity,hibrido_sob_demanda,ent_51,ent_51,True,correct,435,"## Contexto do cliente: cust_5634
Canais com atividade encontrada: 1 (web)
Resumo de atividade (4 eventos totais): view: 2, add_to_cart: 1, search: 1

### Entidades mais relevantes (ranqueadas por PageRank personalizado)
- ent_30 (relevância=0.025): 1 eventos [view], último em ts=1702265990
- ent_51 (relevância=0.024): 1 eventos [search], último em ts=1702721300
- ent_27 (relevância=0.018): 1 eventos [view], último em ts=1700726930"
cust_5634,leve,last_entity,sessao_memoria,ent_51,ent_51,True,correct,340,"## Contexto do cliente: cust_5634 (turno 0)
Resumo de atividade (4 eventos totais): view: 2, add_to_cart: 1, search: 1

- ent_51 (relevância=0.059): estado mais recente = search em ts=1702721300
- ent_30 (relevância=0.058): estado mais recente = view em ts=1702265990
- ent_27 (relevância=0.044): estado mais recente = view em ts=1700726930"
cust_5634,leve,last_entity,sessao_memoria_sem_clash,ent_51,ent_51,True,correct,274,"## Contexto do cliente: cust_5634 (turno 0)
Resumo de atividade (4 eventos totais): view: 2, add_to_cart: 1, search: 1

- ent_51 (relevância=0.059): search em ts=1702721300
- ent_30 (relevância=0.058): view em ts=1702265990
- ent_27 (relevância=0.044): view em ts=1700726930"
cust_3804,leve,last_entity,sem_retrieval,ent_8,,False,malformed,64,Nenhuma informação adicional sobre este cliente está disponível.
cust_3804,leve,last_entity,contexto_completo,ent_8,ent_8,True,correct,348,"Histórico completo de eventos do cliente cust_3804 (4 eventos):
- Evento: interação com ent_8 via purchase em ts=1703575880 (canal=web)
- Evento: interação com ent_38 via add_to_cart em ts=1702927310 (canal=web)
- Evento: interação com ent_2 via view em ts=1702582520 (canal=web)
- Evento: interação com ent_46 via view em ts=1702023860 (canal=web)"
cust_3804,leve,last_entity,topk_estatico,ent_8,,False,malformed,230,"## Contexto do cliente: cust_3804 (top-3 por frequência)
- ent_46 (1 interações) [view], último em ts=1702023860
- ent_2 (1 interações) [view], último em ts=1702582520
- ent_38 (1 interações) [add_to_cart], último em ts=1702927310"
cust_3804,leve,last_entity,hibrido_sob_demanda,ent_8,ent_8,True,correct,445,"## Contexto do cliente: cust_3804
Canais com atividade encontrada: 1 (web)
Resumo de atividade (4 eventos totais): view: 2, add_to_cart: 1, purchase: 1

### Entidades mais relevantes (ranqueadas por PageRank personalizado)
- ent_8 (relevância=0.026): 1 eventos [purchase], último em ts=1703575880
- ent_46 (relevância=0.023): 1 eventos [view], último em ts=1702023860
- ent_38 (relevância=0.022): 1 eventos [add_to_cart], último em ts=1702927310"
cust_3804,leve,last_entity,sessao_memoria,ent_8,ent_8,True,correct,350,"## Contexto do cliente: cust_3804 (turno 0)
Resumo de atividade (4 eventos totais): view: 2, add_to_cart: 1, purchase: 1

- ent_8 (relevância=0.060): estado mais recente = purchase em ts=1703575880
- ent_38 (relevância=0.050): estado mais recente = add_to_cart em ts=1702927310
- ent_46 (relevância=0.048): estado mais recente = view em ts=1702023860"
cust_3804,leve,last_entity,sessao_memoria_sem_clash,ent_8,ent_8,True,correct,284,"## Contexto do cliente: cust_3804 (turno 0)
Resumo de atividade (4 eventos totais): view: 2, add_to_cart: 1, purchase: 1

- ent_8 (relevância=0.060): purchase em ts=1703575880
- ent_38 (relevância=0.050): add_to_cart em ts=1702927310
- ent_46 (relevância=0.048): view em ts=1702023860"
cust_752,leve,last_entity,sem_retrieval,ent_46,,False,malformed,64,Nenhuma informação adicional sobre este cliente está disponível.
cust_752,leve,last_entity,contexto_completo,ent_46,,False,malformed,280,"Histórico completo de eventos do cliente cust_752 (3 eventos):
- Evento: interação com ent_56 via search em ts=1700810870 (canal=web)
- Evento: interação com ent_58 via add_to_cart em ts=1700748500 (canal=web)
- Evento: interação com ent_52 via search em ts=1700729300 (canal=web)"
cust_752,leve,last_entity,topk_estatico,ent_46,,False,malformed,234,"## Contexto do cliente: cust_752 (top-3 por frequência)
- ent_52 (1 interações) [search], último em ts=1700729300
- ent_58 (1 interações) [add_to_cart], último em ts=1700748500
- ent_56 (1 interações) [search], último em ts=1700810870"
cust_752,leve,last_entity,hibrido_sob_demanda,ent_46,,False,malformed,434,"## Contexto do cliente: cust_752
Canais com atividade encontrada: 1 (web)
Resumo de atividade (3 eventos totais): search: 2, add_to_cart: 1

### Entidades mais relevantes (ranqueadas por PageRank personalizado)
- ent_58 (relevância=0.021): 1 eventos [add_to_cart], último em ts=1700748500
- ent_52 (relevância=0.019): 1 eventos [search], último em ts=1700729300
- ent_56 (relevância=0.019): 1 eventos [search], último em ts=1700810870"
cust_752,leve,last_entity,sessao_memoria,ent_46,,False,malformed,339,"## Contexto do cliente: cust_752 (turno 0)
Resumo de atividade (3 eventos totais): search: 2, add_to_cart: 1

- ent_58 (relevância=0.069): estado mais recente = add_to_cart em ts=1700748500
- ent_52 (relevância=0.064): estado mais recente = search em ts=1700729300
- ent_56 (relevância=0.063): estado mais recente = search em ts=1700810870"
cust_752,leve,last_entity,sessao_memoria_sem_clash,ent_46,,False,malformed,273,"## Contexto do cliente: cust_752 (turno 0)
Resumo de atividade (3 eventos totais): search: 2, add_to_cart: 1

- ent_58 (relevância=0.069): add_to_cart em ts=1700748500
- ent_52 (relevância=0.064): search em ts=1700729300
- ent_56 (relevância=0.063): search em ts=1700810870"
cust_6784,leve,last_entity,sem_retrieval,ent_20,,False,malformed,64,Nenhuma informação adicional sobre este cliente está disponível.
cust_6784,leve,last_entity,contexto_completo,ent_20,,False,malformed,207,"Histórico completo de eventos do cliente cust_6784 (2 eventos):
- Evento: interação com ent_50 via search em ts=1703050400 (canal=web)
- Evento: interação com ent_38 via purchase em ts=1702610690 (canal=web)"
cust_6784,leve,last_entity,topk_estatico,ent_20,,False,malformed,174,"## Contexto do cliente: cust_6784 (top-3 por frequência)
- ent_38 (1 interações) [purchase], último em ts=1702610690
- ent_50 (1 interações) [search], último em ts=1703050400"
cust_6784,leve,last_entity,hibrido_sob_demanda,ent_20,,False,malformed,466,"## Contexto do cliente: cust_6784
Canais com atividade encontrada: 1 (web)
Resumo de atividade (2 eventos totais): purchase: 1, search: 1

### Entidades mais relevantes (ranqueadas por PageRank personalizado)
- ent_50 (relevância=0.044): 1 eventos [search], último em ts=1703050400
- ent_38 (relevância=0.037): 1 eventos [purchase], último em ts=1702610690
- ent_14 (relevância=0.019): relacionada por padrão de comportamento similar, sem interação direta registrada"
cust_6784,leve,last_entity,sessao_memoria,ent_20,,False,malformed,369,"## Contexto do cliente: cust_6784 (turno 0)
Resumo de atividade (2 eventos totais): purchase: 1, search: 1

- ent_50 (relevância=0.098): estado mais recente = search em ts=1703050400
- ent_38 (relevância=0.084): estado mais recente = purchase em ts=1702610690
- ent_14 (relevância=0.031): relacionada por padrão de comportamento similar, sem interação direta registrada"
cust_6784,leve,last_entity,sessao_memoria_sem_clash,ent_20,,False,malformed,325,"## Contexto do cliente: cust_6784 (turno 0)
Resumo de atividade (2 eventos totais): purchase: 1, search: 1

- ent_50 (relevância=0.098): search em ts=1703050400
- ent_38 (relevância=0.084): purchase em ts=1702610690
- ent_14 (relevância=0.031): relacionada por padrão de comportamento similar, sem interação direta registrada"
cust_9097,leve,last_entity,sem_retrieval,ent_8,,False,malformed,64,Nenhuma informação adicional sobre este cliente está disponível.
cust_9097,leve,last_entity,contexto_completo,ent_8,ent_8,True,correct,419,"Histórico completo de eventos do cliente cust_9097 (5 eventos):
- Evento: interação com ent_8 via view em ts=1703568530 (canal=web)
- Evento: interação com ent_14 via view em ts=1703336720 (canal=app)
- Evento: interação com ent_37 via add_to_cart em ts=1702285730 (canal=web)
- Evento: interação com ent_4 via view em ts=1701959420 (canal=web)
- Evento: interação com ent_9 via add_to_cart em ts=1700729900 (canal=web)"
cust_9097,leve,last_entity,topk_estatico,ent_8,,False,malformed,236,"## Contexto do cliente: cust_9097 (top-3 por frequência)
- ent_9 (1 interações) [add_to_cart], último em ts=1700729900
- ent_4 (1 interações) [view], último em ts=1701959420
- ent_37 (1 interações) [add_to_cart], último em ts=1702285730"
cust_9097,leve,last_entity,hibrido_sob_demanda,ent_8,ent_8,True,correct,433,"## Contexto do cliente: cust_9097
Canais com atividade encontrada: 2 (app, web)
Resumo de atividade (5 eventos totais): view: 3, add_to_cart: 2

### Entidades mais relevantes (ranqueadas por PageRank personalizado)
- ent_8 (relevância=0.021): 1 eventos [view], último em ts=1703568530
- ent_37 (relevância=0.020): 1 eventos [add_to_cart], último em ts=1702285730
- ent_14 (relevância=0.020): 1 eventos [view], último em ts=1703336720"
cust_9097,leve,last_entity,sessao_memoria,ent_8,ent_8,True,correct,333,"## Contexto do cliente: cust_9097 (turno 0)
Resumo de atividade (5 eventos totais): view: 3, add_to_cart: 2

- ent_14 (relevância=0.060): estado mais recente = view em ts=1703336720
- ent_8 (relevância=0.052): estado mais recente = view em ts=1703568530
- ent_37 (relevância=0.047): estado mais recente = add_to_cart em ts=1702285730"
cust_9097,leve,last_entity,sessao_memoria_sem_clash,ent_8,ent_8,True,correct,267,"## Contexto do cliente: cust_9097 (turno 0)
Resumo de atividade (5 eventos totais): view: 3, add_to_cart: 2

- ent_14 (relevância=0.060): view em ts=1703336720
- ent_8 (relevância=0.052): view em ts=1703568530
- ent_37 (relevância=0.047): add_to_cart em ts=1702285730"
cust_2697,leve,last_entity,sem_retrieval,ent_2,,False,malformed,64,Nenhuma informação adicional sobre este cliente está disponível.
cust_2697,leve,last_entity,contexto_completo,ent_2,ent_2,True,correct,418,"Histórico completo de eventos do cliente cust_2697 (5 eventos):
- Evento: interação com ent_2 via view em ts=1703118620 (canal=web)
- Evento: interação com ent_59 via search em ts=1702779380 (canal=web)
- Evento: interação com ent_58 via add_to_cart em ts=1702505870 (canal=web)
- Evento: interação com ent_40 via search em ts=1702287530 (canal=app)
- Evento: interação com ent_22 via view em ts=1700736980 (canal=app)"
cust_2697,leve,last_entity,topk_estatico,ent_2,ent_2,True,correct,233,"## Contexto do cliente: cust_2697 (top-3 por frequência)
- ent_22 (1 interações) [view], último em ts=1700736980
- ent_40 (1 interações) [search], último em ts=1702287530
- ent_58 (1 interações) [add_to_cart], último em ts=1702505870"
cust_2697,leve,last_entity,hibrido_sob_demanda,ent_2,ent_2,True,correct,446,"## Contexto do cliente: cust_2697
Canais com atividade encontrada: 2 (app, web)
Resumo de atividade (5 eventos totais): view: 2, search: 2, add_to_cart: 1

### Entidades mais relevantes (ranqueadas por PageRank personalizado)
- ent_58 (relevância=0.019): 1 eventos [add_to_cart], último em ts=1702505870
- ent_2 (relevância=0.018): 1 eventos [view], último em ts=1703118620
- ent_59 (relevância=0.016): 1 eventos [search], último em ts=1702779380"
cust_2697,leve,last_entity,sessao_memoria,ent_2,ent_2,True,correct,346,"## Contexto do cliente: cust_2697 (turno 0)
Resumo de atividade (5 eventos totais): view: 2, search: 2, add_to_cart: 1

- ent_58 (relevância=0.044): estado mais recente = add_to_cart em ts=1702505870
- ent_2 (relevância=0.043): estado mais recente = view em ts=1703118620
- ent_59 (relevância=0.039): estado mais recente = search em ts=1702779380"
cust_2697,leve,last_entity,sessao_memoria_sem_clash,ent_2,ent_2,True,correct,280,"## Contexto do cliente: cust_2697 (turno 0)
Resumo de atividade (5 eventos totais): view: 2, search: 2, add_to_cart: 1

- ent_58 (relevância=0.044): add_to_cart em ts=1702505870
- ent_2 (relevância=0.043): view em ts=1703118620
- ent_59 (relevância=0.039): search em ts=1702779380"
cust_9597,leve,last_entity,sem_retrieval,ent_46,,False,malformed,64,Nenhuma informação adicional sobre este cliente está disponível.
cust_9597,leve,last_entity,contexto_completo,ent_46,ent_46,True,correct,427,"Histórico completo de eventos do cliente cust_9597 (5 eventos):
- Evento: interação com ent_46 via add_to_cart em ts=1703344820 (canal=web)
- Evento: interação com ent_35 via view em ts=1702395320 (canal=web)
- Evento: interação com ent_42 via support_ticket em ts=1701729950 (canal=web)
- Evento: interação com ent_35 via view em ts=1700748950 (canal=web)
- Evento: interação com ent_32 via search em ts=1700737850 (canal=web)"
cust_9597,leve,last_entity,topk_estatico,ent_46,,False,malformed,236,"## Contexto do cliente: cust_9597 (top-3 por frequência)
- ent_35 (2 interações) [view], último em ts=1702395320
- ent_32 (1 interações) [search], último em ts=1700737850
- ent_42 (1 interações) [support_ticket], último em ts=1701729950"
cust_9597,leve,last_entity,hibrido_sob_demanda,ent_46,ent_46,True,correct,469,"## Contexto do cliente: cust_9597
Canais com atividade encontrada: 1 (web)
Resumo de atividade (5 eventos totais): view: 2, search: 1, support_ticket: 1, add_to_cart: 1

### Entidades mais relevantes (ranqueadas por PageRank personalizado)
- ent_35 (relevância=0.028): 2 eventos [view], último em ts=1702395320
- ent_46 (relevância=0.027): 1 eventos [add_to_cart], último em ts=1703344820
- ent_42 (relevância=0.018): 1 eventos [support_ticket], último em ts=1701729950"
cust_9597,leve,last_entity,sessao_memoria,ent_46,ent_46,True,correct,423,"## Contexto do cliente: cust_9597 (turno 0)
Resumo de atividade (5 eventos totais): view: 2, search: 1, support_ticket: 1, add_to_cart: 1

- ent_35 (relevância=0.068): estado mais recente = view em ts=1702395320 (havia também interações anteriores registradas)
- ent_46 (relevância=0.065): estado mais recente = add_to_cart em ts=1703344820
- ent_42 (relevância=0.044): estado mais recente = support_ticket em ts=1701729950"
cust_9597,leve,last_entity,sessao_memoria_sem_clash,ent_46,ent_46,True,correct,331,"## Contexto do cliente: cust_9597 (turno 0)
Resumo de atividade (5 eventos totais): view: 2, search: 1, support_ticket: 1, add_to_cart: 1

- ent_35 (relevância=0.068): view em ts=1702395320; view em ts=1700748950
- ent_46 (relevância=0.065): add_to_cart em ts=1703344820
- ent_42 (relevância=0.044): support_ticket em ts=1701729950"
cust_6461,leve,last_entity,sem_retrieval,ent_22,,False,malformed,64,Nenhuma informação adicional sobre este cliente está disponível.
cust_6461,leve,last_entity,contexto_completo,ent_22,ent_22,True,correct,286,"Histórico completo de eventos do cliente cust_6461 (3 eventos):
- Evento: interação com ent_22 via add_to_cart em ts=1702975130 (canal=web)
- Evento: interação com ent_19 via search em ts=1702459850 (canal=web)
- Evento: interação com ent_26 via add_to_cart em ts=1701081200 (canal=web)"
cust_6461,leve,last_entity,topk_estatico,ent_22,ent_22,True,correct,240,"## Contexto do cliente: cust_6461 (top-3 por frequência)
- ent_26 (1 interações) [add_to_cart], último em ts=1701081200
- ent_19 (1 interações) [search], último em ts=1702459850
- ent_22 (1 interações) [add_to_cart], último em ts=1702975130"
cust_6461,leve,last_entity,hibrido_sob_demanda,ent_22,ent_22,True,correct,440,"## Contexto do cliente: cust_6461
Canais com atividade encontrada: 1 (web)
Resumo de atividade (3 eventos totais): add_to_cart: 2, search: 1

### Entidades mais relevantes (ranqueadas por PageRank personalizado)
- ent_22 (relevância=0.032): 1 eventos [add_to_cart], último em ts=1702975130
- ent_19 (relevância=0.032): 1 eventos [search], último em ts=1702459850
- ent_26 (relevância=0.024): 1 eventos [add_to_cart], último em ts=1701081200"
cust_6461,leve,last_entity,sessao_memoria,ent_22,ent_22,True,correct,345,"## Contexto do cliente: cust_6461 (turno 0)
Resumo de atividade (3 eventos totais): add_to_cart: 2, search: 1

- ent_22 (relevância=0.073): estado mais recente = add_to_cart em ts=1702975130
- ent_19 (relevância=0.070): estado mais recente = search em ts=1702459850
- ent_26 (relevância=0.053): estado mais recente = add_to_cart em ts=1701081200"
cust_6461,leve,last_entity,sessao_memoria_sem_clash,ent_22,ent_22,True,correct,279,"## Contexto do cliente: cust_6461 (turno 0)
Resumo de atividade (3 eventos totais): add_to_cart: 2, search: 1

- ent_22 (relevância=0.073): add_to_cart em ts=1702975130
- ent_19 (relevância=0.070): search em ts=1702459850
- ent_26 (relevância=0.053): add_to_cart em ts=1701081200"
cust_6189,leve,last_entity,sem_retrieval,ent_19,,False,malformed,64,Nenhuma informação adicional sobre este cliente está disponível.
cust_6189,leve,last_entity,contexto_completo,ent_19,ent_19,True,correct,346,"Histórico completo de eventos do cliente cust_6189 (4 eventos):
- Evento: interação com ent_19 via view em ts=1703182850 (canal=web)
- Evento: interação com ent_52 via view em ts=1702031810 (canal=web)
- Evento: interação com ent_49 via add_to_cart em ts=1701363650 (canal=web)
- Evento: interação com ent_44 via view em ts=1700739800 (canal=web)"
cust_6189,leve,last_entity,topk_estatico,ent_19,,False,malformed,231,"## Contexto do cliente: cust_6189 (top-3 por frequência)
- ent_44 (1 interações) [view], último em ts=1700739800
- ent_49 (1 interações) [add_to_cart], último em ts=1701363650
- ent_52 (1 interações) [view], último em ts=1702031810"
cust_6189,leve,last_entity,hibrido_sob_demanda,ent_19,ent_19,True,correct,429,"## Contexto do cliente: cust_6189
Canais com atividade encontrada: 1 (web)
Resumo de atividade (4 eventos totais): view: 3, add_to_cart: 1

### Entidades mais relevantes (ranqueadas por PageRank personalizado)
- ent_19 (relevância=0.030): 1 eventos [view], último em ts=1703182850
- ent_52 (relevância=0.024): 1 eventos [view], último em ts=1702031810
- ent_49 (relevância=0.016): 1 eventos [add_to_cart], último em ts=1701363650"
cust_6189,leve,last_entity,sessao_memoria,ent_19,ent_19,True,correct,334,"## Contexto do cliente: cust_6189 (turno 0)
Resumo de atividade (4 eventos totais): view: 3, add_to_cart: 1

- ent_19 (relevância=0.067): estado mais recente = view em ts=1703182850
- ent_52 (relevância=0.053): estado mais recente = view em ts=1702031810
- ent_49 (relevância=0.037): estado mais recente = add_to_cart em ts=1701363650"
cust_6189,leve,last_entity,sessao_memoria_sem_clash,ent_19,ent_19,True,correct,268,"## Contexto do cliente: cust_6189 (turno 0)
Resumo de atividade (4 eventos totais): view: 3, add_to_cart: 1

- ent_19 (relevância=0.067): view em ts=1703182850
- ent_52 (relevância=0.053): view em ts=1702031810
- ent_49 (relevância=0.037): add_to_cart em ts=1701363650"
cust_718,leve,last_entity,sem_retrieval,ent_32,,False,malformed,64,Nenhuma informação adicional sobre este cliente está disponível.
cust_718,leve,last_entity,contexto_completo,ent_32,ent_32,True,correct,361,"Histórico completo de eventos do cliente cust_718 (4 eventos):
- Evento: interação com ent_32 via add_to_cart em ts=1701117950 (canal=web)
- Evento: interação com ent_46 via add_to_cart em ts=1701102140 (canal=web)
- Evento: interação com ent_41 via search em ts=1701012590 (canal=web)
- Evento: interação com ent_58 via add_to_cart em ts=1700835830 (canal=web)"
cust_718,leve,last_entity,topk_estatico,ent_32,,False,malformed,239,"## Contexto do cliente: cust_718 (top-3 por frequência)
- ent_58 (1 interações) [add_to_cart], último em ts=1700835830
- ent_41 (1 interações) [search], último em ts=1701012590
- ent_46 (1 interações) [add_to_cart], último em ts=1701102140"
cust_718,leve,last_entity,hibrido_sob_demanda,ent_32,ent_32,True,correct,444,"## Contexto do cliente: cust_718
Canais com atividade encontrada: 1 (web)
Resumo de atividade (4 eventos totais): add_to_cart: 3, search: 1

### Entidades mais relevantes (ranqueadas por PageRank personalizado)
- ent_46 (relevância=0.028): 1 eventos [add_to_cart], último em ts=1701102140
- ent_58 (relevância=0.026): 1 eventos [add_to_cart], último em ts=1700835830
- ent_32 (relevância=0.024): 1 eventos [add_to_cart], último em ts=1701117950"
cust_718,leve,last_entity,sessao_memoria,ent_32,ent_32,True,correct,349,"## Contexto do cliente: cust_718 (turno 0)
Resumo de atividade (4 eventos totais): add_to_cart: 3, search: 1

- ent_46 (relevância=0.057): estado mais recente = add_to_cart em ts=1701102140
- ent_58 (relevância=0.052): estado mais recente = add_to_cart em ts=1700835830
- ent_32 (relevância=0.051): estado mais recente = add_to_cart em ts=1701117950"
cust_718,leve,last_entity,sessao_memoria_sem_clash,ent_32,ent_32,True,correct,283,"## Contexto do cliente: cust_718 (turno 0)
Resumo de atividade (4 eventos totais): add_to_cart: 3, search: 1

- ent_46 (relevância=0.057): add_to_cart em ts=1701102140
- ent_58 (relevância=0.052): add_to_cart em ts=1700835830
- ent_32 (relevância=0.051): add_to_cart em ts=1701117950"
cust_7581,leve,last_entity,sem_retrieval,ent_48,,False,malformed,64,Nenhuma informação adicional sobre este cliente está disponível.
cust_7581,leve,last_entity,contexto_completo,ent_48,,False,malformed,50,Nenhum evento encontrado para o cliente cust_7581.
cust_7581,leve,last_entity,topk_estatico,ent_48,,False,malformed,50,Nenhum evento encontrado para o cliente cust_7581.
cust_7581,leve,last_entity,hibrido_sob_demanda,ent_48,,False,malformed,121,"## Contexto do cliente: cust_7581
Canais com atividade encontrada: 0 (nenhum)
Nenhum evento encontrado para este cliente."
cust_7581,leve,last_entity,sessao_memoria,ent_48,,False,malformed,102,"## Contexto do cliente: cust_7581
Nenhum sinal de foco ainda -- sem histórico e sem tópico mencionado."
cust_7581,leve,last_entity,sessao_memoria_sem_clash,ent_48,,False,malformed,102,"## Contexto do cliente: cust_7581
Nenhum sinal de foco ainda -- sem histórico e sem tópico mencionado."
cust_4607,leve,last_entity,sem_retrieval,ent_47,,False,malformed,64,Nenhuma informação adicional sobre este cliente está disponível.
cust_4607,leve,last_entity,contexto_completo,ent_47,,False,malformed,367,"Histórico completo de eventos do cliente cust_4607 (4 eventos):
- Evento: interação com ent_51 via search em ts=1703427200 (canal=call_center)
- Evento: interação com ent_52 via view em ts=1703160230 (canal=call_center)
- Evento: interação com ent_51 via support_ticket em ts=1702101800 (canal=web)
- Evento: interação com ent_52 via view em ts=1700742380 (canal=web)"
cust_4607,leve,last_entity,topk_estatico,ent_47,,False,malformed,186,"## Contexto do cliente: cust_4607 (top-3 por frequência)
- ent_52 (2 interações) [view], último em ts=1703160230
- ent_51 (2 interações) [search, support_ticket], último em ts=1703427200"
cust_4607,leve,last_entity,hibrido_sob_demanda,ent_47,,False,malformed,506,"## Contexto do cliente: cust_4607
Canais com atividade encontrada: 2 (call_center, web)
Resumo de atividade (4 eventos totais): view: 2, support_ticket: 1, search: 1

### Entidades mais relevantes (ranqueadas por PageRank personalizado)
- ent_51 (relevância=0.043): 2 eventos [search, support_ticket], último em ts=1703427200
- ent_52 (relevância=0.037): 2 eventos [view], último em ts=1703160230
- ent_14 (relevância=0.013): relacionada por padrão de comportamento similar, sem interação direta registrada"
cust_4607,leve,last_entity,sessao_memoria,ent_47,,False,malformed,478,"## Contexto do cliente: cust_4607 (turno 0)
Resumo de atividade (4 eventos totais): view: 2, support_ticket: 1, search: 1

- ent_51 (relevância=0.095): estado mais recente = search em ts=1703427200 (havia também interações anteriores registradas)
- ent_52 (relevância=0.088): estado mais recente = view em ts=1703160230 (havia também interações anteriores registradas)
- ent_14 (relevância=0.023): relacionada por padrão de comportamento similar, sem interação direta registrada"
cust_4607,leve,last_entity,sessao_memoria_sem_clash,ent_47,,False,malformed,392,"## Contexto do cliente: cust_4607 (turno 0)
Resumo de atividade (4 eventos totais): view: 2, support_ticket: 1, search: 1

- ent_51 (relevância=0.095): search em ts=1703427200; support_ticket em ts=1702101800
- ent_52 (relevância=0.088): view em ts=1703160230; view em ts=1700742380
- ent_14 (relevância=0.023): relacionada por padrão de comportamento similar, sem interação direta registrada"
cust_5174,leve,last_entity,sem_retrieval,ent_14,,False,malformed,64,Nenhuma informação adicional sobre este cliente está disponível.
cust_5174,leve,last_entity,contexto_completo,ent_14,,False,malformed,50,Nenhum evento encontrado para o cliente cust_5174.
cust_5174,leve,last_entity,topk_estatico,ent_14,,False,malformed,50,Nenhum evento encontrado para o cliente cust_5174.
cust_5174,leve,last_entity,hibrido_sob_demanda,ent_14,,False,malformed,121,"## Contexto do cliente: cust_5174
Canais com atividade encontrada: 0 (nenhum)
Nenhum evento encontrado para este cliente."
cust_5174,leve,last_entity,sessao_memoria,ent_14,,False,malformed,102,"## Contexto do cliente: cust_5174
Nenhum sinal de foco ainda -- sem histórico e sem tópico mencionado."
cust_5174,leve,last_entity,sessao_memoria_sem_clash,ent_14,,False,malformed,102,"## Contexto do cliente: cust_5174
Nenhum sinal de foco ainda -- sem histórico e sem tópico mencionado."
cust_2398,leve,last_entity,sem_retrieval,ent_35,,False,malformed,64,Nenhuma informação adicional sobre este cliente está disponível.
cust_2398,leve,last_entity,contexto_completo,ent_35,ent_35,True,correct,284,"Histórico completo de eventos do cliente cust_2398 (3 eventos):
- Evento: interação com ent_35 via add_to_cart em ts=1700916470 (canal=web)
- Evento: interação com ent_46 via add_to_cart em ts=1700748740 (canal=web)
- Evento: interação com ent_39 via view em ts=1700745440 (canal=app)"
cust_2398,leve,last_entity,topk_estatico,ent_35,ent_35,True,correct,238,"## Contexto do cliente: cust_2398 (top-3 por frequência)
- ent_39 (1 interações) [view], último em ts=1700745440
- ent_46 (1 interações) [add_to_cart], último em ts=1700748740
- ent_35 (1 interações) [add_to_cart], último em ts=1700916470"
cust_2398,leve,last_entity,hibrido_sob_demanda,ent_35,ent_35,True,correct,441,"## Contexto do cliente: cust_2398
Canais com atividade encontrada: 2 (app, web)
Resumo de atividade (3 eventos totais): add_to_cart: 2, view: 1

### Entidades mais relevantes (ranqueadas por PageRank personalizado)
- ent_46 (relevância=0.026): 1 eventos [add_to_cart], último em ts=1700748740
- ent_35 (relevância=0.022): 1 eventos [add_to_cart], último em ts=1700916470
- ent_39 (relevância=0.021): 1 eventos [view], último em ts=1700745440"
cust_2398,leve,last_entity,sessao_memoria,ent_35,ent_35,True,correct,341,"## Contexto do cliente: cust_2398 (turno 0)
Resumo de atividade (3 eventos totais): add_to_cart: 2, view: 1

- ent_46 (relevância=0.075): estado mais recente = add_to_cart em ts=1700748740
- ent_39 (relevância=0.072): estado mais recente = view em ts=1700745440
- ent_35 (relevância=0.067): estado mais recente = add_to_cart em ts=1700916470"
cust_2398,leve,last_entity,sessao_memoria_sem_clash,ent_35,ent_35,True,correct,275,"## Contexto do cliente: cust_2398 (turno 0)
Resumo de atividade (3 eventos totais): add_to_cart: 2, view: 1

- ent_46 (relevância=0.075): add_to_cart em ts=1700748740
- ent_39 (relevância=0.072): view em ts=1700745440
- ent_35 (relevância=0.067): add_to_cart em ts=1700916470"
cust_2968,pesado,last_entity,sem_retrieval,ent_22,,False,malformed,64,Nenhuma informação adicional sobre este cliente está disponível.
cust_2968,pesado,last_entity,contexto_completo,ent_22,ent_22,True,correct,3306,"Histórico completo de eventos do cliente cust_2968 (45 eventos):
- Evento: interação com ent_22 via view em ts=1703454590 (canal=app)
- Evento: interação com ent_37 via view em ts=1703449820 (canal=web)
- Evento: interação com ent_29 via search em ts=1703397110 (canal=app)
- Evento: interação com ent_6 via view em ts=1703393030 (canal=app)
- Evento: interação com ent_6 via view em ts=1703296100 (canal=web)
- Evento: interação com ent_59 via view em ts=1703277080 (canal=app)
- Evento: interação com ent_50 via support_ticket em ts=1703123000 (canal=app)
- Evento: interação com ent_9 via view em ts=1703109740 (canal=app)
- Evento: interação com ent_58 via add_to_cart em ts=1703099660 (canal=web)
- Evento: interação com ent_9 via view em ts=1703070740 (canal=web)
- Evento: interação com ent_8 via add_to_cart em ts=1703001980 (canal=app)
- Evento: interação com ent_8 via support_ticket em ts=1702833020 (canal=app)
- Evento: interação com ent_58 via view em ts=1702784600 (canal=web)
- Evento: interação com ent_59 via view em ts=1702756010 (canal=app)
- Evento: interação com ent_36 via view em ts=1702666310 (canal=web)
- Evento: interação com ent_6 via purchase em ts=1702647350 (canal=app)
- Evento: interação com ent_37 via view em ts=1702410920 (canal=web)
- Evento: interação com ent_10 via purchase em ts=1702393670 (canal=app)
- Evento: interação com ent_6 via add_to_cart em ts=1702341020 (canal=web)
- Evento: interação com ent_10 via support_ticket em ts=1702317890 (canal=app)
- Evento: interação com ent_29 via purchase em ts=1702126220 (canal=app)
- Evento: interação com ent_23 via add_to_cart em ts=1702084340 (canal=web)
- Evento: interação com ent_33 via view em ts=1702062230 (canal=web)
- Evento: interação com ent_14 via view em ts=1702036790 (canal=app)
- Evento: interação com ent_10 via support_ticket em ts=1701849410 (canal=app)
- Evento: interação com ent_22 via view em ts=1701834890 (canal=app)
- Evento: interação com ent_29 via view em ts=1701655070 (canal=app)
- Evento: interação com ent_10 via support_ticket em ts=1701549170 (canal=web)
- Evento: interação com ent_21 via view em ts=1701519710 (canal=web)
- Evento: interação com ent_8 via view em ts=1701369320 (canal=app)
- Evento: interação com ent_39 via add_to_cart em ts=1701273020 (canal=app)
- Evento: interação com ent_21 via view em ts=1701030980 (canal=web)
- Evento: interação com ent_58 via search em ts=1700866640 (canal=web)
- Evento: interação com ent_21 via support_ticket em ts=1700810390 (canal=app)
- Evento: interação com ent_0 via search em ts=1700783000 (canal=app)
- Evento: interação com ent_22 via view em ts=1700754110 (canal=web)
- Evento: interação com ent_58 via purchase em ts=1700738330 (canal=app)
- Evento: interação com ent_22 via search em ts=1700717510 (canal=app)
- Evento: interação com ent_50 via add_to_cart em ts=1700615780 (canal=app)
- Evento: interação com ent_2 via add_to_cart em ts=1700319890 (canal=web)
- Evento: interação com ent_50 via search em ts=1700162270 (canal=web)
- Evento: interação com ent_8 via search em ts=1700100110 (canal=app)
- Evento: interação com ent_14 via view em ts=1700088350 (canal=web)
- Evento: interação com ent_29 via search em ts=1700034080 (canal=app)
- Evento: interação com ent_18 via support_ticket em ts=1700008040 (canal=app)"
cust_2968,pesado,last_entity,topk_estatico,ent_22,ent_22,True,correct,278,"## Contexto do cliente: cust_2968 (top-3 por frequência)
- ent_29 (4 interações) [search, purchase, view], último em ts=1703397110
- ent_8 (4 interações) [add_to_cart, support_ticket, view], último em ts=1703001980
- ent_22 (4 interações) [view, search], último em ts=1703454590"
cust_2968,pesado,last_entity,hibrido_sob_demanda,ent_22,,False,malformed,493,"## Contexto do cliente: cust_2968
Canais com atividade encontrada: 2 (app, web)
Resumo de atividade (45 eventos totais): view: 20, support_ticket: 7, search: 7, add_to_cart: 7, purchase: 4

### Entidades mais relevantes (ranqueadas por PageRank personalizado)
- ent_58 (relevância=0.018): 4 eventos [add_to_cart, view, search], último em ts=1703099660
- ent_37 (relevância=0.016): 2 eventos [view], último em ts=1703449820
- ent_14 (relevância=0.013): 2 eventos [view], último em ts=1702036790"
cust_2968,pesado,last_entity,sessao_memoria,ent_22,,False,malformed,531,"## Contexto do cliente: cust_2968 (turno 0)
Resumo de atividade (45 eventos totais): view: 20, support_ticket: 7, search: 7, add_to_cart: 7, purchase: 4

- ent_58 (relevância=0.046): estado mais recente = add_to_cart em ts=1703099660 (havia também interações anteriores registradas)
- ent_6 (relevância=0.045): estado mais recente = view em ts=1703393030 (havia também interações anteriores registradas)
- ent_8 (relevância=0.040): estado mais recente = add_to_cart em ts=1703001980 (havia também interações anteriores registradas)"
cust_2968,pesado,last_entity,sessao_memoria_sem_clash,ent_22,,False,malformed,554,"## Contexto do cliente: cust_2968 (turno 0)
Resumo de atividade (45 eventos totais): view: 20, support_ticket: 7, search: 7, add_to_cart: 7, purchase: 4

- ent_58 (relevância=0.046): add_to_cart em ts=1703099660; view em ts=1702784600; search em ts=1700866640; purchase em ts=1700738330
- ent_6 (relevância=0.045): view em ts=1703393030; view em ts=1703296100; purchase em ts=1702647350; add_to_cart em ts=1702341020
- ent_8 (relevância=0.040): add_to_cart em ts=1703001980; support_ticket em ts=1702833020; view em ts=1701369320; search em ts=1700100110"
cust_1638,pesado,last_entity,sem_retrieval,ent_37,,False,malformed,64,Nenhuma informação adicional sobre este cliente está disponível.
cust_1638,pesado,last_entity,contexto_completo,ent_37,ent_37,True,correct,8105,"Histórico completo de eventos do cliente cust_1638 (112 eventos):
- Evento: interação com ent_37 via view em ts=1703599940 (canal=app)
- Evento: interação com ent_15 via purchase em ts=1703535170 (canal=app)
- Evento: interação com ent_50 via view em ts=1703529980 (canal=web)
- Evento: interação com ent_8 via add_to_cart em ts=1703524940 (canal=app)
- Evento: interação com ent_8 via view em ts=1703499530 (canal=app)
- Evento: interação com ent_50 via view em ts=1703472470 (canal=app)
- Evento: interação com ent_46 via view em ts=1703467850 (canal=web)
- Evento: interação com ent_2 via support_ticket em ts=1703464790 (canal=web)
- Evento: interação com ent_15 via view em ts=1703448440 (canal=web)
- Evento: interação com ent_50 via add_to_cart em ts=1703444780 (canal=web)
- Evento: interação com ent_7 via add_to_cart em ts=1703406710 (canal=web)
- Evento: interação com ent_15 via purchase em ts=1703349680 (canal=web)
- Evento: interação com ent_46 via support_ticket em ts=1703322350 (canal=web)
- Evento: interação com ent_7 via search em ts=1703235530 (canal=web)
- Evento: interação com ent_38 via search em ts=1703230280 (canal=web)
- Evento: interação com ent_15 via view em ts=1703154320 (canal=app)
- Evento: interação com ent_18 via support_ticket em ts=1703116310 (canal=web)
- Evento: interação com ent_7 via view em ts=1703098910 (canal=web)
- Evento: interação com ent_14 via add_to_cart em ts=1703092310 (canal=web)
- Evento: interação com ent_50 via view em ts=1703058320 (canal=web)
- Evento: interação com ent_12 via view em ts=1702943630 (canal=app)
- Evento: interação com ent_15 via add_to_cart em ts=1702907840 (canal=app)
- Evento: interação com ent_2 via view em ts=1702853030 (canal=web)
- Evento: interação com ent_32 via view em ts=1702834670 (canal=app)
- Evento: interação com ent_50 via support_ticket em ts=1702822430 (canal=web)
- Evento: interação com ent_8 via add_to_cart em ts=1702807490 (canal=app)
- Evento: interação com ent_8 via search em ts=1702782980 (canal=web)
- Evento: interação com ent_2 via search em ts=1702768430 (canal=web)
- Evento: interação com ent_37 via search em ts=1702758530 (canal=app)
- Evento: interação com ent_37 via support_ticket em ts=1702741520 (canal=web)
- Evento: interação com ent_12 via add_to_cart em ts=1702703330 (canal=web)
- Evento: interação com ent_7 via view em ts=1702689620 (canal=app)
- Evento: interação com ent_46 via purchase em ts=1702670300 (canal=web)
- Evento: interação com ent_15 via view em ts=1702631450 (canal=web)
- Evento: interação com ent_4 via search em ts=1702620380 (canal=app)
- Evento: interação com ent_42 via view em ts=1702581230 (canal=app)
- Evento: interação com ent_7 via search em ts=1702539740 (canal=app)
- Evento: interação com ent_12 via view em ts=1702479920 (canal=app)
- Evento: interação com ent_8 via add_to_cart em ts=1702416350 (canal=app)
- Evento: interação com ent_8 via view em ts=1702400630 (canal=app)
- Evento: interação com ent_2 via add_to_cart em ts=1702382510 (canal=web)
- Evento: interação com ent_38 via view em ts=1702361510 (canal=app)
- Evento: interação com ent_38 via add_to_cart em ts=1702360130 (canal=app)
- Evento: interação com ent_14 via view em ts=1702348370 (canal=app)
- Evento: interação com ent_37 via search em ts=1702314950 (canal=app)
- Evento: interação com ent_2 via add_to_cart em ts=1702256840 (canal=web)
- Evento: interação com ent_2 via add_to_cart em ts=1702227020 (canal=web)
- Evento: interação com ent_46 via view em ts=1702145300 (canal=app)
- Evento: interação com ent_14 via add_to_cart em ts=1702133810 (canal=web)
- Evento: interação com ent_7 via add_to_cart em ts=1702087550 (canal=web)
- Evento: interação com ent_8 via view em ts=1702083740 (canal=web)
- Evento: interação com ent_46 via search em ts=1702059980 (canal=app)
- Evento: interação com ent_50 via view em ts=1702019510 (canal=app)
- Evento: interação com ent_20 via support_ticket em ts=1702015610 (canal=web)
- Evento: interação com ent_41 via view em ts=1701978680 (canal=web)
- Evento: interação com ent_50 via view em ts=1701964010 (canal=web)
- Evento: interação com ent_50 via view em ts=1701945110 (canal=web)
- Evento: interação com ent_9 via view em ts=1701932240 (canal=app)
- Evento: interação com ent_2 via view em ts=1701917030 (canal=app)
- Evento: interação com ent_2 via search em ts=1701854480 (canal=app)
- Evento: interação com ent_33 via view em ts=1701841550 (canal=web)
- Evento: interação com ent_50 via view em ts=1701837770 (canal=app)
- Evento: interação com ent_32 via search em ts=1701831290 (canal=web)
- Evento: interação com ent_38 via view em ts=1701823250 (canal=app)
- Evento: interação com ent_7 via view em ts=1701667400 (canal=web)
- Evento: interação com ent_32 via search em ts=1701636080 (canal=web)
- Evento: interação com ent_2 via view em ts=1701611840 (canal=app)
- Evento: interação com ent_8 via view em ts=1701543950 (canal=app)
- Evento: interação com ent_41 via search em ts=1701540500 (canal=app)
- Evento: interação com ent_32 via view em ts=1701520160 (canal=web)
- Evento: interação com ent_55 via search em ts=1701476930 (canal=app)
- Evento: interação com ent_14 via view em ts=1701438530 (canal=app)
- Evento: interação com ent_42 via view em ts=1701396800 (canal=app)
- Evento: interação com ent_8 via view em ts=1701389840 (canal=app)
- Evento: interação com ent_7 via support_ticket em ts=1701378440 (canal=web)
- Evento: interação com ent_41 via search em ts=1701339440 (canal=app)
- Evento: interação com ent_2 via add_to_cart em ts=1701335420 (canal=app)
- Evento: interação com ent_49 via add_to_cart em ts=1701329000 (canal=web)
- Evento: interação com ent_7 via view em ts=1701270680 (canal=app)
- Evento: interação com ent_38 via support_ticket em ts=1701202220 (canal=app)
- Evento: interação com ent_7 via search em ts=1701186650 (canal=web)
- Evento: interação com ent_21 via view em ts=1701097130 (canal=web)
- Evento: interação com ent_38 via add_to_cart em ts=1701054860 (canal=app)
- Evento: interação com ent_40 via support_ticket em ts=1701041960 (canal=web)
- Evento: interação com ent_14 via view em ts=1701020390 (canal=app)
- Evento: interação com ent_14 via support_ticket em ts=1701016520 (canal=app)
- Evento: interação com ent_42 via view em ts=1700982920 (canal=app)
- Evento: interação com ent_7 via view em ts=1700959160 (canal=web)
- Evento: interação com ent_20 via add_to_cart em ts=1700800700 (canal=app)
- Evento: interação com ent_42 via add_to_cart em ts=1700793860 (canal=app)
- Evento: interação com ent_48 via add_to_cart em ts=1700784170 (canal=web)
- Evento: interação com ent_50 via add_to_cart em ts=1700720780 (canal=app)
- Evento: interação com ent_41 via purchase em ts=1700687420 (canal=web)
- Evento: interação com ent_20 via search em ts=1700662880 (canal=web)
- Evento: interação com ent_32 via view em ts=1700603870 (canal=web)
- Evento: interação com ent_15 via view em ts=1700582840 (canal=web)
- Evento: interação com ent_12 via view em ts=1700571650 (canal=app)
- Evento: interação com ent_42 via view em ts=1700538950 (canal=web)
- Evento: interação com ent_15 via view em ts=1700527730 (canal=web)
- Evento: interação com ent_20 via view em ts=1700507810 (canal=web)
- Evento: interação com ent_2 via search em ts=1700442980 (canal=app)
- Evento: interação com ent_51 via view em ts=1700394080 (canal=app)
- Evento: interação com ent_41 via support_ticket em ts=1700375240 (canal=web)
- Evento: interação com ent_41 via search em ts=1700366960 (canal=web)
- Evento: interação com ent_15 via view em ts=1700356070 (canal=app)
- Evento: interação com ent_38 via purchase em ts=1700227880 (canal=app)
- Evento: interação com ent_14 via add_to_cart em ts=1700198480 (canal=web)
- Evento: interação com ent_20 via add_to_cart em ts=1700197130 (canal=web)
- Evento: interação com ent_2 via add_to_cart em ts=1700157980 (canal=app)
- Evento: interação com ent_8 via search em ts=1700053790 (canal=app)
- Evento: interação com ent_14 via search em ts=1700044250 (canal=app)
- Evento: interação com ent_41 via add_to_cart em ts=1700022680 (canal=web)"
cust_1638,pesado,last_entity,topk_estatico,ent_37,,False,malformed,287,"## Contexto do cliente: cust_1638 (top-3 por frequência)
- ent_2 (12 interações) [add_to_cart, view, search], último em ts=1703464790
- ent_7 (11 interações) [view, search, add_to_cart], último em ts=1703406710
- ent_8 (10 interações) [view, add_to_cart, search], último em ts=1703524940"
cust_1638,pesado,last_entity,hibrido_sob_demanda,ent_37,,False,malformed,561,"## Contexto do cliente: cust_1638
Canais com atividade encontrada: 2 (app, web)
Resumo de atividade (112 eventos totais): view: 50, add_to_cart: 25, search: 21, support_ticket: 11, purchase: 5

### Entidades mais relevantes (ranqueadas por PageRank personalizado)
- ent_50 (relevância=0.014): 10 eventos [view, add_to_cart, support_ticket], último em ts=1703529980
- ent_14 (relevância=0.013): 8 eventos [add_to_cart, view, support_ticket], último em ts=1703092310
- ent_46 (relevância=0.013): 5 eventos [view, support_ticket, purchase], último em ts=1703467850"
cust_1638,pesado,last_entity,sessao_memoria,ent_37,,False,malformed,538,"## Contexto do cliente: cust_1638 (turno 0)
Resumo de atividade (112 eventos totais): view: 50, add_to_cart: 25, search: 21, support_ticket: 11, purchase: 5

- ent_50 (relevância=0.047): estado mais recente = view em ts=1703529980 (havia também interações anteriores registradas)
- ent_8 (relevância=0.044): estado mais recente = add_to_cart em ts=1703524940 (havia também interações anteriores registradas)
- ent_2 (relevância=0.044): estado mais recente = support_ticket em ts=1703464790 (havia também interações anteriores registradas)"
cust_1638,pesado,last_entity,sessao_memoria_sem_clash,ent_37,,False,malformed,1075,"## Contexto do cliente: cust_1638 (turno 0)
Resumo de atividade (112 eventos totais): view: 50, add_to_cart: 25, search: 21, support_ticket: 11, purchase: 5

- ent_50 (relevância=0.047): view em ts=1703529980; view em ts=1703472470; add_to_cart em ts=1703444780; view em ts=1703058320; support_ticket em ts=1702822430; view em ts=1702019510; view em ts=1701964010; view em ts=1701945110; view em ts=1701837770; add_to_cart em ts=1700720780
- ent_8 (relevância=0.044): add_to_cart em ts=1703524940; view em ts=1703499530; add_to_cart em ts=1702807490; search em ts=1702782980; add_to_cart em ts=1702416350; view em ts=1702400630; view em ts=1702083740; view em ts=1701543950; view em ts=1701389840; search em ts=1700053790
- ent_2 (relevância=0.044): support_ticket em ts=1703464790; view em ts=1702853030; search em ts=1702768430; add_to_cart em ts=1702382510; add_to_cart em ts=1702256840; add_to_cart em ts=1702227020; view em ts=1701917030; search em ts=1701854480; view em ts=1701611840; add_to_cart em ts=1701335420; search em ts=1700442980; add_to_cart em ts=1700157980"
cust_6525,pesado,last_entity,sem_retrieval,ent_27,,False,malformed,64,Nenhuma informação adicional sobre este cliente está disponível.
cust_6525,pesado,last_entity,contexto_completo,ent_27,ent_27,True,correct,9207,"Histórico completo de eventos do cliente cust_6525 (120 eventos):
- Evento: interação com ent_27 via view em ts=1703597090 (canal=call_center)
- Evento: interação com ent_19 via search em ts=1703591510 (canal=web)
- Evento: interação com ent_32 via search em ts=1703567750 (canal=web)
- Evento: interação com ent_41 via purchase em ts=1703565590 (canal=call_center)
- Evento: interação com ent_39 via view em ts=1703558000 (canal=call_center)
- Evento: interação com ent_19 via add_to_cart em ts=1703553050 (canal=call_center)
- Evento: interação com ent_22 via search em ts=1703549330 (canal=web)
- Evento: interação com ent_57 via add_to_cart em ts=1703533010 (canal=web)
- Evento: interação com ent_34 via view em ts=1703526260 (canal=web)
- Evento: interação com ent_41 via search em ts=1703510420 (canal=call_center)
- Evento: interação com ent_19 via view em ts=1703507900 (canal=call_center)
- Evento: interação com ent_39 via add_to_cart em ts=1703476730 (canal=web)
- Evento: interação com ent_34 via view em ts=1703471390 (canal=web)
- Evento: interação com ent_10 via view em ts=1703455730 (canal=web)
- Evento: interação com ent_51 via purchase em ts=1703450180 (canal=web)
- Evento: interação com ent_57 via add_to_cart em ts=1703440910 (canal=call_center)
- Evento: interação com ent_35 via view em ts=1703439950 (canal=call_center)
- Evento: interação com ent_36 via view em ts=1703433080 (canal=web)
- Evento: interação com ent_49 via support_ticket em ts=1703415920 (canal=call_center)
- Evento: interação com ent_34 via search em ts=1703413400 (canal=web)
- Evento: interação com ent_19 via add_to_cart em ts=1703410790 (canal=call_center)
- Evento: interação com ent_51 via view em ts=1703400860 (canal=call_center)
- Evento: interação com ent_57 via search em ts=1703399630 (canal=call_center)
- Evento: interação com ent_32 via view em ts=1703381900 (canal=call_center)
- Evento: interação com ent_39 via search em ts=1703373080 (canal=web)
- Evento: interação com ent_49 via purchase em ts=1703363450 (canal=web)
- Evento: interação com ent_39 via search em ts=1703348300 (canal=web)
- Evento: interação com ent_6 via view em ts=1703335040 (canal=call_center)
- Evento: interação com ent_27 via view em ts=1703327960 (canal=web)
- Evento: interação com ent_10 via add_to_cart em ts=1703319620 (canal=call_center)
- Evento: interação com ent_41 via add_to_cart em ts=1703298440 (canal=call_center)
- Evento: interação com ent_31 via view em ts=1703281160 (canal=call_center)
- Evento: interação com ent_46 via view em ts=1703267990 (canal=web)
- Evento: interação com ent_19 via support_ticket em ts=1703262350 (canal=call_center)
- Evento: interação com ent_32 via search em ts=1703244320 (canal=call_center)
- Evento: interação com ent_27 via view em ts=1703234510 (canal=web)
- Evento: interação com ent_49 via search em ts=1703234180 (canal=call_center)
- Evento: interação com ent_52 via add_to_cart em ts=1703233700 (canal=web)
- Evento: interação com ent_49 via add_to_cart em ts=1703221580 (canal=web)
- Evento: interação com ent_39 via view em ts=1703192030 (canal=call_center)
- Evento: interação com ent_20 via view em ts=1703170400 (canal=call_center)
- Evento: interação com ent_27 via support_ticket em ts=1703160020 (canal=call_center)
- Evento: interação com ent_41 via search em ts=1703155580 (canal=web)
- Evento: interação com ent_28 via add_to_cart em ts=1703140100 (canal=call_center)
- Evento: interação com ent_19 via view em ts=1703129030 (canal=call_center)
- Evento: interação com ent_21 via support_ticket em ts=1703126480 (canal=call_center)
- Evento: interação com ent_31 via search em ts=1703125610 (canal=call_center)
- Evento: interação com ent_27 via add_to_cart em ts=1703125160 (canal=web)
- Evento: interação com ent_52 via add_to_cart em ts=1703103050 (canal=call_center)
- Evento: interação com ent_19 via search em ts=1703103020 (canal=web)
- Evento: interação com ent_57 via support_ticket em ts=1703052470 (canal=call_center)
- Evento: interação com ent_51 via purchase em ts=1703038640 (canal=web)
- Evento: interação com ent_28 via add_to_cart em ts=1703032670 (canal=web)
- Evento: interação com ent_46 via view em ts=1703032070 (canal=call_center)
- Evento: interação com ent_31 via search em ts=1703011010 (canal=web)
- Evento: interação com ent_19 via search em ts=1702998020 (canal=call_center)
- Evento: interação com ent_35 via view em ts=1702994900 (canal=call_center)
- Evento: interação com ent_21 via search em ts=1702980560 (canal=web)
- Evento: interação com ent_35 via search em ts=1702975790 (canal=call_center)
- Evento: interação com ent_3 via purchase em ts=1702973540 (canal=web)
- Evento: interação com ent_35 via search em ts=1702968440 (canal=call_center)
- Evento: interação com ent_23 via view em ts=1702967150 (canal=web)
- Evento: interação com ent_31 via search em ts=1702964990 (canal=call_center)
- Evento: interação com ent_34 via add_to_cart em ts=1702962770 (canal=web)
- Evento: interação com ent_41 via view em ts=1702961810 (canal=call_center)
- Evento: interação com ent_57 via add_to_cart em ts=1702944920 (canal=call_center)
- Evento: interação com ent_34 via add_to_cart em ts=1702928480 (canal=web)
- Evento: interação com ent_28 via view em ts=1702926830 (canal=web)
- Evento: interação com ent_57 via search em ts=1702916330 (canal=web)
- Evento: interação com ent_41 via view em ts=1702898630 (canal=call_center)
- Evento: interação com ent_51 via view em ts=1702888970 (canal=call_center)
- Evento: interação com ent_19 via view em ts=1702879970 (canal=web)
- Evento: interação com ent_41 via view em ts=1702874240 (canal=web)
- Evento: interação com ent_16 via view em ts=1702866200 (canal=call_center)
- Evento: interação com ent_57 via view em ts=1702854980 (canal=web)
- Evento: interação com ent_49 via add_to_cart em ts=1702850360 (canal=web)
- Evento: interação com ent_31 via view em ts=1702844600 (canal=call_center)
- Evento: interação com ent_51 via add_to_cart em ts=1702833620 (canal=web)
- Evento: interação com ent_19 via search em ts=1702828760 (canal=web)
- Evento: interação com ent_41 via search em ts=1702826390 (canal=call_center)
- Evento: interação com ent_51 via search em ts=1702826090 (canal=call_center)
- Evento: interação com ent_28 via add_to_cart em ts=1702823360 (canal=call_center)
- Evento: interação com ent_46 via view em ts=1702822400 (canal=web)
- Evento: interação com ent_46 via view em ts=1702817240 (canal=call_center)
- Evento: interação com ent_35 via add_to_cart em ts=1702806530 (canal=call_center)
- Evento: interação com ent_34 via view em ts=1702781450 (canal=web)
- Evento: interação com ent_35 via view em ts=1702765640 (canal=web)
- Evento: interação com ent_19 via add_to_cart em ts=1702757540 (canal=web)
- Evento: interação com ent_52 via add_to_cart em ts=1702757510 (canal=web)
- Evento: interação com ent_46 via view em ts=1702755350 (canal=call_center)
- Evento: interação com ent_51 via purchase em ts=1702741760 (canal=call_center)
- Evento: interação com ent_46 via search em ts=1702739870 (canal=web)
- Evento: interação com ent_31 via view em ts=1702716200 (canal=call_center)
- Evento: interação com ent_39 via add_to_cart em ts=1702715600 (canal=call_center)
- Evento: interação com ent_46 via search em ts=1702708040 (canal=web)
- Evento: interação com ent_32 via view em ts=1702706480 (canal=call_center)
- Evento: interação com ent_32 via view em ts=1702700450 (canal=call_center)
- Evento: interação com ent_19 via add_to_cart em ts=1702697990 (canal=call_center)
- Evento: interação com ent_35 via view em ts=1702696100 (canal=web)
- Evento: interação com ent_57 via add_to_cart em ts=1702695230 (canal=web)
- Evento: interação com ent_52 via add_to_cart em ts=1702693940 (canal=call_center)
- Evento: interação com ent_27 via view em ts=1702686140 (canal=call_center)
- Evento: interação com ent_27 via view em ts=1702683320 (canal=call_center)
- Evento: interação com ent_57 via view em ts=1702666070 (canal=call_center)
- Evento: interação com ent_51 via view em ts=1702658750 (canal=call_center)
- Evento: interação com ent_35 via purchase em ts=1702658270 (canal=call_center)
- Evento: interação com ent_31 via search em ts=1702650620 (canal=call_center)
- Evento: interação com ent_34 via view em ts=1702632200 (canal=web)
- Evento: interação com ent_51 via view em ts=1702629020 (canal=call_center)
- Evento: interação com ent_49 via purchase em ts=1702620890 (canal=call_center)
- Evento: interação com ent_51 via view em ts=1702610570 (canal=call_center)
- Evento: interação com ent_34 via search em ts=1702608650 (canal=call_center)
- Evento: interação com ent_39 via search em ts=1702597640 (canal=web)
- Evento: interação com ent_44 via add_to_cart em ts=1702586810 (canal=web)
- Evento: interação com ent_19 via view em ts=1702584260 (canal=web)
- Evento: interação com ent_46 via view em ts=1702583660 (canal=web)
- Evento: interação com ent_57 via view em ts=1702576460 (canal=call_center)
- Evento: interação com ent_19 via search em ts=1702550870 (canal=call_center)
- Evento: interação com ent_27 via add_to_cart em ts=1702536260 (canal=web)
- Evento: interação com ent_32 via view em ts=1702522460 (canal=web)"
cust_6525,pesado,last_entity,topk_estatico,ent_27,,False,malformed,290,"## Contexto do cliente: cust_6525 (top-3 por frequência)
- ent_19 (32 interações) [add_to_cart, view, search], último em ts=1703591510
- ent_57 (31 interações) [add_to_cart, search, view], último em ts=1703533010
- ent_35 (29 interações) [view, search, add_to_cart], último em ts=1703439950"
cust_6525,pesado,last_entity,hibrido_sob_demanda,ent_27,,False,malformed,553,"## Contexto do cliente: cust_6525
Canais com atividade encontrada: 2 (call_center, web)
Resumo de atividade (407 eventos totais): view: 151, add_to_cart: 103, search: 97, purchase: 30, support_ticket: 26

### Entidades mais relevantes (ranqueadas por PageRank personalizado)
- ent_46 (relevância=0.012): 25 eventos [view, search, add_to_cart], último em ts=1703267990
- ent_39 (relevância=0.011): 27 eventos [view, search, add_to_cart], último em ts=1703558000
- ent_32 (relevância=0.010): 28 eventos [view, add_to_cart, search], último em ts=1703567750"
cust_6525,pesado,last_entity,sessao_memoria,ent_27,,False,malformed,535,"## Contexto do cliente: cust_6525 (turno 0)
Resumo de atividade (407 eventos totais): view: 151, add_to_cart: 103, search: 97, purchase: 30, support_ticket: 26

- ent_19 (relevância=0.047): estado mais recente = search em ts=1703591510 (havia também interações anteriores registradas)
- ent_39 (relevância=0.043): estado mais recente = view em ts=1703558000 (havia também interações anteriores registradas)
- ent_57 (relevância=0.042): estado mais recente = add_to_cart em ts=1703533010 (havia também interações anteriores registradas)"
cust_6525,pesado,last_entity,sessao_memoria_sem_clash,ent_27,,False,malformed,2593,"## Contexto do cliente: cust_6525 (turno 0)
Resumo de atividade (407 eventos totais): view: 151, add_to_cart: 103, search: 97, purchase: 30, support_ticket: 26

- ent_19 (relevância=0.047): search em ts=1703591510; add_to_cart em ts=1703553050; view em ts=1703507900; add_to_cart em ts=1703410790; support_ticket em ts=1703262350; view em ts=1703129030; search em ts=1703103020; search em ts=1702998020; view em ts=1702879970; search em ts=1702828760; add_to_cart em ts=1702757540; add_to_cart em ts=1702697990; view em ts=1702584260; search em ts=1702550870; search em ts=1702381910; view em ts=1702381550; add_to_cart em ts=1702153490; search em ts=1702089710; view em ts=1701963260; add_to_cart em ts=1701674210; view em ts=1701511730; add_to_cart em ts=1701474260; view em ts=1701465560; view em ts=1701311870; support_ticket em ts=1700803220; search em ts=1700733650; add_to_cart em ts=1700436290; add_to_cart em ts=1700407040; view em ts=1700374340; view em ts=1700336690; add_to_cart em ts=1700188040; add_to_cart em ts=1700154650
- ent_39 (relevância=0.043): view em ts=1703558000; add_to_cart em ts=1703476730; search em ts=1703373080; search em ts=1703348300; view em ts=1703192030; add_to_cart em ts=1702715600; search em ts=1702597640; view em ts=1702463660; view em ts=1702427750; view em ts=1702348220; purchase em ts=1702161500; search em ts=1701953630; search em ts=1701707870; view em ts=1701678560; view em ts=1701659750; search em ts=1701611300; view em ts=1701392900; view em ts=1701366110; view em ts=1701245120; search em ts=1700972510; view em ts=1700908190; view em ts=1700607560; search em ts=1700448950; search em ts=1700408750; add_to_cart em ts=1700236850; add_to_cart em ts=1700047670; add_to_cart em ts=1700007800
- ent_57 (relevância=0.042): add_to_cart em ts=1703533010; add_to_cart em ts=1703440910; search em ts=1703399630; support_ticket em ts=1703052470; add_to_cart em ts=1702944920; search em ts=1702916330; view em ts=1702854980; add_to_cart em ts=1702695230; view em ts=1702666070; view em ts=1702576460; add_to_cart em ts=1702497080; view em ts=1702374140; search em ts=1702276160; add_to_cart em ts=1702180310; search em ts=1702090970; view em ts=1701872360; view em ts=1701855680; purchase em ts=1701603770; search em ts=1701571400; search em ts=1701561620; search em ts=1701333110; view em ts=1701313280; add_to_cart em ts=1701151400; add_to_cart em ts=1701144740; search em ts=1701016340; view em ts=1700709320; support_ticket em ts=1700634170; purchase em ts=1700595200; add_to_cart em ts=1700368340; search em ts=1700334590; view em ts=1700294870"
cust_9465,pesado,last_entity,sem_retrieval,ent_37,,False,malformed,64,Nenhuma informação adicional sobre este cliente está disponível.
cust_9465,pesado,last_entity,contexto_completo,ent_37,ent_37,True,correct,2975,"Histórico completo de eventos do cliente cust_9465 (40 eventos):
- Evento: interação com ent_37 via view em ts=1703446400 (canal=web)
- Evento: interação com ent_35 via view em ts=1703304110 (canal=app)
- Evento: interação com ent_0 via add_to_cart em ts=1703080100 (canal=web)
- Evento: interação com ent_30 via search em ts=1702838390 (canal=app)
- Evento: interação com ent_38 via add_to_cart em ts=1702802750 (canal=web)
- Evento: interação com ent_59 via search em ts=1702778510 (canal=web)
- Evento: interação com ent_52 via view em ts=1702738940 (canal=web)
- Evento: interação com ent_30 via add_to_cart em ts=1702542020 (canal=app)
- Evento: interação com ent_56 via support_ticket em ts=1702405130 (canal=app)
- Evento: interação com ent_37 via view em ts=1702393700 (canal=web)
- Evento: interação com ent_10 via view em ts=1702370780 (canal=app)
- Evento: interação com ent_13 via view em ts=1702320050 (canal=web)
- Evento: interação com ent_46 via add_to_cart em ts=1702308200 (canal=web)
- Evento: interação com ent_30 via search em ts=1702271150 (canal=web)
- Evento: interação com ent_52 via add_to_cart em ts=1702259570 (canal=web)
- Evento: interação com ent_52 via purchase em ts=1702005560 (canal=app)
- Evento: interação com ent_30 via support_ticket em ts=1701819950 (canal=app)
- Evento: interação com ent_46 via add_to_cart em ts=1701759740 (canal=app)
- Evento: interação com ent_30 via view em ts=1701753620 (canal=app)
- Evento: interação com ent_39 via add_to_cart em ts=1701739010 (canal=app)
- Evento: interação com ent_5 via view em ts=1701615320 (canal=web)
- Evento: interação com ent_10 via add_to_cart em ts=1701472760 (canal=app)
- Evento: interação com ent_37 via purchase em ts=1701387110 (canal=web)
- Evento: interação com ent_4 via view em ts=1701202520 (canal=web)
- Evento: interação com ent_52 via search em ts=1701143840 (canal=web)
- Evento: interação com ent_32 via add_to_cart em ts=1701103430 (canal=app)
- Evento: interação com ent_59 via view em ts=1701096290 (canal=web)
- Evento: interação com ent_58 via add_to_cart em ts=1700902160 (canal=web)
- Evento: interação com ent_35 via view em ts=1700901110 (canal=app)
- Evento: interação com ent_42 via support_ticket em ts=1700853890 (canal=app)
- Evento: interação com ent_58 via support_ticket em ts=1700835740 (canal=web)
- Evento: interação com ent_46 via view em ts=1700814350 (canal=app)
- Evento: interação com ent_37 via view em ts=1700761700 (canal=app)
- Evento: interação com ent_24 via search em ts=1700616470 (canal=web)
- Evento: interação com ent_7 via search em ts=1700521910 (canal=app)
- Evento: interação com ent_58 via view em ts=1700482910 (canal=web)
- Evento: interação com ent_32 via purchase em ts=1700432540 (canal=web)
- Evento: interação com ent_13 via add_to_cart em ts=1700171330 (canal=app)
- Evento: interação com ent_37 via add_to_cart em ts=1700085380 (canal=web)
- Evento: interação com ent_54 via add_to_cart em ts=1700034680 (canal=web)"
cust_9465,pesado,last_entity,topk_estatico,ent_37,ent_37,True,correct,301,"## Contexto do cliente: cust_9465 (top-3 por frequência)
- ent_37 (5 interações) [view, purchase, add_to_cart], último em ts=1703446400
- ent_30 (5 interações) [search, add_to_cart, support_ticket], último em ts=1702838390
- ent_52 (4 interações) [view, add_to_cart, purchase], último em ts=1702738940"
cust_9465,pesado,last_entity,hibrido_sob_demanda,ent_37,ent_37,True,correct,548,"## Contexto do cliente: cust_9465
Canais com atividade encontrada: 2 (app, web)
Resumo de atividade (40 eventos totais): view: 14, add_to_cart: 13, search: 6, support_ticket: 4, purchase: 3

### Entidades mais relevantes (ranqueadas por PageRank personalizado)
- ent_37 (relevância=0.019): 5 eventos [view, purchase, add_to_cart], último em ts=1703446400
- ent_52 (relevância=0.013): 4 eventos [view, add_to_cart, purchase], último em ts=1702738940
- ent_58 (relevância=0.013): 3 eventos [add_to_cart, support_ticket, view], último em ts=1700902160"
cust_9465,pesado,last_entity,sessao_memoria,ent_37,ent_37,True,correct,522,"## Contexto do cliente: cust_9465 (turno 0)
Resumo de atividade (40 eventos totais): view: 14, add_to_cart: 13, search: 6, support_ticket: 4, purchase: 3

- ent_30 (relevância=0.057): estado mais recente = search em ts=1702838390 (havia também interações anteriores registradas)
- ent_37 (relevância=0.056): estado mais recente = view em ts=1703446400 (havia também interações anteriores registradas)
- ent_52 (relevância=0.046): estado mais recente = view em ts=1702738940 (havia também interações anteriores registradas)"
cust_9465,pesado,last_entity,sessao_memoria_sem_clash,ent_37,ent_37,True,correct,605,"## Contexto do cliente: cust_9465 (turno 0)
Resumo de atividade (40 eventos totais): view: 14, add_to_cart: 13, search: 6, support_ticket: 4, purchase: 3

- ent_30 (relevância=0.057): search em ts=1702838390; add_to_cart em ts=1702542020; search em ts=1702271150; support_ticket em ts=1701819950; view em ts=1701753620
- ent_37 (relevância=0.056): view em ts=1703446400; view em ts=1702393700; purchase em ts=1701387110; view em ts=1700761700; add_to_cart em ts=1700085380
- ent_52 (relevância=0.046): view em ts=1702738940; add_to_cart em ts=1702259570; purchase em ts=1702005560; search em ts=1701143840"
cust_5807,pesado,last_entity,sem_retrieval,ent_42,,False,malformed,64,Nenhuma informação adicional sobre este cliente está disponível.
cust_5807,pesado,last_entity,contexto_completo,ent_42,ent_42,True,correct,3092,"Histórico completo de eventos do cliente cust_5807 (42 eventos):
- Evento: interação com ent_45 via add_to_cart em ts=1703588930 (canal=web)
- Evento: interação com ent_50 via view em ts=1703569850 (canal=web)
- Evento: interação com ent_55 via search em ts=1703554010 (canal=web)
- Evento: interação com ent_33 via add_to_cart em ts=1703534900 (canal=web)
- Evento: interação com ent_42 via purchase em ts=1703413610 (canal=web)
- Evento: interação com ent_33 via view em ts=1703385500 (canal=web)
- Evento: interação com ent_50 via support_ticket em ts=1703369510 (canal=web)
- Evento: interação com ent_42 via view em ts=1703231270 (canal=web)
- Evento: interação com ent_43 via view em ts=1702991870 (canal=web)
- Evento: interação com ent_14 via add_to_cart em ts=1702930550 (canal=web)
- Evento: interação com ent_50 via add_to_cart em ts=1702796300 (canal=web)
- Evento: interação com ent_15 via add_to_cart em ts=1702776920 (canal=web)
- Evento: interação com ent_45 via search em ts=1702670750 (canal=web)
- Evento: interação com ent_14 via add_to_cart em ts=1702386710 (canal=web)
- Evento: interação com ent_30 via view em ts=1702368740 (canal=web)
- Evento: interação com ent_34 via view em ts=1702199240 (canal=web)
- Evento: interação com ent_59 via support_ticket em ts=1702163390 (canal=web)
- Evento: interação com ent_50 via view em ts=1702102640 (canal=web)
- Evento: interação com ent_33 via purchase em ts=1701839900 (canal=web)
- Evento: interação com ent_33 via search em ts=1701818360 (canal=web)
- Evento: interação com ent_33 via add_to_cart em ts=1701695420 (canal=web)
- Evento: interação com ent_40 via view em ts=1701552770 (canal=web)
- Evento: interação com ent_43 via search em ts=1701523670 (canal=web)
- Evento: interação com ent_55 via support_ticket em ts=1701507830 (canal=web)
- Evento: interação com ent_12 via view em ts=1701507260 (canal=web)
- Evento: interação com ent_33 via search em ts=1701456950 (canal=web)
- Evento: interação com ent_40 via support_ticket em ts=1701402080 (canal=web)
- Evento: interação com ent_33 via view em ts=1701360290 (canal=web)
- Evento: interação com ent_33 via view em ts=1701341960 (canal=web)
- Evento: interação com ent_48 via search em ts=1701157160 (canal=web)
- Evento: interação com ent_12 via search em ts=1701081830 (canal=web)
- Evento: interação com ent_39 via search em ts=1701041840 (canal=web)
- Evento: interação com ent_1 via view em ts=1700934500 (canal=web)
- Evento: interação com ent_26 via add_to_cart em ts=1700881460 (canal=web)
- Evento: interação com ent_48 via view em ts=1700768600 (canal=web)
- Evento: interação com ent_55 via view em ts=1700733710 (canal=web)
- Evento: interação com ent_53 via view em ts=1700672180 (canal=web)
- Evento: interação com ent_55 via search em ts=1700533520 (canal=web)
- Evento: interação com ent_42 via add_to_cart em ts=1700488850 (canal=web)
- Evento: interação com ent_50 via view em ts=1700454260 (canal=web)
- Evento: interação com ent_42 via view em ts=1700290970 (canal=web)
- Evento: interação com ent_45 via search em ts=1700012660 (canal=web)"
cust_5807,pesado,last_entity,topk_estatico,ent_42,ent_42,True,correct,297,"## Contexto do cliente: cust_5807 (top-3 por frequência)
- ent_33 (8 interações) [view, add_to_cart, search], último em ts=1703534900
- ent_50 (5 interações) [view, support_ticket, add_to_cart], último em ts=1703569850
- ent_42 (4 interações) [view, purchase, add_to_cart], último em ts=1703413610"
cust_5807,pesado,last_entity,hibrido_sob_demanda,ent_42,,False,malformed,525,"## Contexto do cliente: cust_5807
Canais com atividade encontrada: 1 (web)
Resumo de atividade (42 eventos totais): view: 17, search: 10, add_to_cart: 9, support_ticket: 4, purchase: 2

### Entidades mais relevantes (ranqueadas por PageRank personalizado)
- ent_33 (relevância=0.018): 8 eventos [view, add_to_cart, search], último em ts=1703534900
- ent_50 (relevância=0.014): 5 eventos [view, support_ticket, add_to_cart], último em ts=1703569850
- ent_14 (relevância=0.014): 2 eventos [add_to_cart], último em ts=1702930550"
cust_5807,pesado,last_entity,sessao_memoria,ent_42,ent_42,True,correct,531,"## Contexto do cliente: cust_5807 (turno 0)
Resumo de atividade (42 eventos totais): view: 17, search: 10, add_to_cart: 9, support_ticket: 4, purchase: 2

- ent_33 (relevância=0.063): estado mais recente = add_to_cart em ts=1703534900 (havia também interações anteriores registradas)
- ent_50 (relevância=0.048): estado mais recente = view em ts=1703569850 (havia também interações anteriores registradas)
- ent_42 (relevância=0.037): estado mais recente = purchase em ts=1703413610 (havia também interações anteriores registradas)"
cust_5807,pesado,last_entity,sessao_memoria_sem_clash,ent_42,ent_42,True,correct,679,"## Contexto do cliente: cust_5807 (turno 0)
Resumo de atividade (42 eventos totais): view: 17, search: 10, add_to_cart: 9, support_ticket: 4, purchase: 2

- ent_33 (relevância=0.063): add_to_cart em ts=1703534900; view em ts=1703385500; purchase em ts=1701839900; search em ts=1701818360; add_to_cart em ts=1701695420; search em ts=1701456950; view em ts=1701360290; view em ts=1701341960
- ent_50 (relevância=0.048): view em ts=1703569850; support_ticket em ts=1703369510; add_to_cart em ts=1702796300; view em ts=1702102640; view em ts=1700454260
- ent_42 (relevância=0.037): purchase em ts=1703413610; view em ts=1703231270; add_to_cart em ts=1700488850; view em ts=1700290970"
cust_1584,pesado,last_entity,sem_retrieval,ent_55,,False,malformed,64,Nenhuma informação adicional sobre este cliente está disponível.
cust_1584,pesado,last_entity,contexto_completo,ent_55,ent_55,True,correct,6841,"Histórico completo de eventos do cliente cust_1584 (94 eventos):
- Evento: interação com ent_55 via support_ticket em ts=1703569340 (canal=web)
- Evento: interação com ent_55 via search em ts=1703446880 (canal=app)
- Evento: interação com ent_14 via view em ts=1703435570 (canal=web)
- Evento: interação com ent_42 via purchase em ts=1703390630 (canal=web)
- Evento: interação com ent_41 via view em ts=1703313980 (canal=web)
- Evento: interação com ent_48 via view em ts=1703313440 (canal=web)
- Evento: interação com ent_25 via support_ticket em ts=1703237120 (canal=app)
- Evento: interação com ent_50 via view em ts=1703215580 (canal=app)
- Evento: interação com ent_15 via view em ts=1703185100 (canal=web)
- Evento: interação com ent_30 via support_ticket em ts=1703132930 (canal=app)
- Evento: interação com ent_12 via search em ts=1703124920 (canal=web)
- Evento: interação com ent_45 via add_to_cart em ts=1703080400 (canal=app)
- Evento: interação com ent_33 via view em ts=1703012540 (canal=web)
- Evento: interação com ent_14 via view em ts=1702992200 (canal=app)
- Evento: interação com ent_14 via view em ts=1702969520 (canal=app)
- Evento: interação com ent_35 via view em ts=1702953290 (canal=app)
- Evento: interação com ent_42 via view em ts=1702936790 (canal=web)
- Evento: interação com ent_50 via add_to_cart em ts=1702935770 (canal=app)
- Evento: interação com ent_50 via view em ts=1702840430 (canal=web)
- Evento: interação com ent_40 via add_to_cart em ts=1702807400 (canal=app)
- Evento: interação com ent_12 via purchase em ts=1702805960 (canal=app)
- Evento: interação com ent_41 via search em ts=1702764230 (canal=web)
- Evento: interação com ent_40 via support_ticket em ts=1702749290 (canal=web)
- Evento: interação com ent_50 via view em ts=1702569080 (canal=app)
- Evento: interação com ent_15 via search em ts=1702566680 (canal=web)
- Evento: interação com ent_42 via view em ts=1702521680 (canal=web)
- Evento: interação com ent_42 via view em ts=1702513820 (canal=web)
- Evento: interação com ent_43 via add_to_cart em ts=1702424570 (canal=web)
- Evento: interação com ent_30 via support_ticket em ts=1702411700 (canal=app)
- Evento: interação com ent_30 via add_to_cart em ts=1702400480 (canal=web)
- Evento: interação com ent_48 via view em ts=1702392440 (canal=web)
- Evento: interação com ent_12 via view em ts=1702368410 (canal=web)
- Evento: interação com ent_42 via add_to_cart em ts=1702296920 (canal=app)
- Evento: interação com ent_45 via add_to_cart em ts=1702294130 (canal=app)
- Evento: interação com ent_34 via view em ts=1702276400 (canal=web)
- Evento: interação com ent_52 via support_ticket em ts=1702274210 (canal=web)
- Evento: interação com ent_41 via view em ts=1702259240 (canal=app)
- Evento: interação com ent_15 via search em ts=1702256690 (canal=app)
- Evento: interação com ent_0 via view em ts=1702225130 (canal=web)
- Evento: interação com ent_34 via view em ts=1702208150 (canal=app)
- Evento: interação com ent_14 via search em ts=1702161890 (canal=app)
- Evento: interação com ent_42 via support_ticket em ts=1702150250 (canal=web)
- Evento: interação com ent_48 via search em ts=1702130450 (canal=web)
- Evento: interação com ent_12 via view em ts=1701865490 (canal=web)
- Evento: interação com ent_40 via add_to_cart em ts=1701816830 (canal=app)
- Evento: interação com ent_41 via view em ts=1701799700 (canal=app)
- Evento: interação com ent_43 via add_to_cart em ts=1701769850 (canal=web)
- Evento: interação com ent_45 via view em ts=1701764450 (canal=app)
- Evento: interação com ent_43 via add_to_cart em ts=1701752120 (canal=web)
- Evento: interação com ent_41 via search em ts=1701729470 (canal=web)
- Evento: interação com ent_52 via support_ticket em ts=1701685310 (canal=web)
- Evento: interação com ent_24 via view em ts=1701650600 (canal=web)
- Evento: interação com ent_34 via view em ts=1701613250 (canal=app)
- Evento: interação com ent_15 via view em ts=1701559250 (canal=app)
- Evento: interação com ent_30 via support_ticket em ts=1701544760 (canal=web)
- Evento: interação com ent_46 via add_to_cart em ts=1701487040 (canal=web)
- Evento: interação com ent_42 via search em ts=1701428720 (canal=app)
- Evento: interação com ent_34 via view em ts=1701413300 (canal=web)
- Evento: interação com ent_50 via add_to_cart em ts=1701401090 (canal=web)
- Evento: interação com ent_45 via view em ts=1701240140 (canal=app)
- Evento: interação com ent_42 via view em ts=1701223850 (canal=app)
- Evento: interação com ent_16 via view em ts=1701199220 (canal=web)
- Evento: interação com ent_43 via search em ts=1701139760 (canal=web)
- Evento: interação com ent_37 via search em ts=1701094580 (canal=app)
- Evento: interação com ent_41 via purchase em ts=1701050540 (canal=app)
- Evento: interação com ent_43 via add_to_cart em ts=1700949410 (canal=app)
- Evento: interação com ent_30 via search em ts=1700941970 (canal=web)
- Evento: interação com ent_34 via add_to_cart em ts=1700865470 (canal=web)
- Evento: interação com ent_50 via search em ts=1700825870 (canal=app)
- Evento: interação com ent_55 via view em ts=1700811980 (canal=web)
- Evento: interação com ent_55 via view em ts=1700797670 (canal=app)
- Evento: interação com ent_14 via view em ts=1700792180 (canal=web)
- Evento: interação com ent_15 via search em ts=1700766230 (canal=app)
- Evento: interação com ent_45 via view em ts=1700720630 (canal=app)
- Evento: interação com ent_55 via view em ts=1700663390 (canal=web)
- Evento: interação com ent_14 via view em ts=1700597750 (canal=web)
- Evento: interação com ent_12 via search em ts=1700597180 (canal=web)
- Evento: interação com ent_15 via add_to_cart em ts=1700554250 (canal=web)
- Evento: interação com ent_50 via view em ts=1700522090 (canal=web)
- Evento: interação com ent_55 via add_to_cart em ts=1700472590 (canal=app)
- Evento: interação com ent_30 via support_ticket em ts=1700442590 (canal=web)
- Evento: interação com ent_33 via view em ts=1700439650 (canal=app)
- Evento: interação com ent_43 via view em ts=1700422280 (canal=app)
- Evento: interação com ent_45 via view em ts=1700373380 (canal=app)
- Evento: interação com ent_14 via add_to_cart em ts=1700367170 (canal=web)
- Evento: interação com ent_6 via support_ticket em ts=1700345960 (canal=app)
- Evento: interação com ent_40 via add_to_cart em ts=1700334050 (canal=web)
- Evento: interação com ent_45 via search em ts=1700326760 (canal=web)
- Evento: interação com ent_34 via view em ts=1700182250 (canal=app)
- Evento: interação com ent_33 via search em ts=1700155430 (canal=app)
- Evento: interação com ent_34 via search em ts=1700127170 (canal=app)
- Evento: interação com ent_42 via add_to_cart em ts=1700114600 (canal=app)
- Evento: interação com ent_42 via view em ts=1700082440 (canal=web)
- Evento: interação com ent_30 via search em ts=1700000060 (canal=app)"
cust_1584,pesado,last_entity,topk_estatico,ent_55,,False,malformed,300,"## Contexto do cliente: cust_1584 (top-3 por frequência)
- ent_42 (10 interações) [view, add_to_cart, purchase], último em ts=1703390630
- ent_30 (7 interações) [support_ticket, search, add_to_cart], último em ts=1703132930
- ent_34 (7 interações) [view, add_to_cart, search], último em ts=1702276400"
cust_1584,pesado,last_entity,hibrido_sob_demanda,ent_55,,False,malformed,538,"## Contexto do cliente: cust_1584
Canais com atividade encontrada: 2 (app, web)
Resumo de atividade (94 eventos totais): view: 42, search: 19, add_to_cart: 19, support_ticket: 11, purchase: 3

### Entidades mais relevantes (ranqueadas por PageRank personalizado)
- ent_42 (relevância=0.014): 10 eventos [view, add_to_cart, purchase], último em ts=1703390630
- ent_14 (relevância=0.014): 7 eventos [view, search, add_to_cart], último em ts=1703435570
- ent_41 (relevância=0.010): 6 eventos [view, search, purchase], último em ts=1703313980"
cust_1584,pesado,last_entity,sessao_memoria,ent_55,,False,malformed,526,"## Contexto do cliente: cust_1584 (turno 0)
Resumo de atividade (94 eventos totais): view: 42, search: 19, add_to_cart: 19, support_ticket: 11, purchase: 3

- ent_42 (relevância=0.053): estado mais recente = purchase em ts=1703390630 (havia também interações anteriores registradas)
- ent_14 (relevância=0.049): estado mais recente = view em ts=1703435570 (havia também interações anteriores registradas)
- ent_50 (relevância=0.042): estado mais recente = view em ts=1703215580 (havia também interações anteriores registradas)"
cust_1584,pesado,last_entity,sessao_memoria_sem_clash,ent_55,,False,malformed,847,"## Contexto do cliente: cust_1584 (turno 0)
Resumo de atividade (94 eventos totais): view: 42, search: 19, add_to_cart: 19, support_ticket: 11, purchase: 3

- ent_42 (relevância=0.053): purchase em ts=1703390630; view em ts=1702936790; view em ts=1702521680; view em ts=1702513820; add_to_cart em ts=1702296920; support_ticket em ts=1702150250; search em ts=1701428720; view em ts=1701223850; add_to_cart em ts=1700114600; view em ts=1700082440
- ent_14 (relevância=0.049): view em ts=1703435570; view em ts=1702992200; view em ts=1702969520; search em ts=1702161890; view em ts=1700792180; view em ts=1700597750; add_to_cart em ts=1700367170
- ent_50 (relevância=0.042): view em ts=1703215580; add_to_cart em ts=1702935770; view em ts=1702840430; view em ts=1702569080; add_to_cart em ts=1701401090; search em ts=1700825870; view em ts=1700522090"
cust_5811,pesado,last_entity,sem_retrieval,ent_4,,False,malformed,64,Nenhuma informação adicional sobre este cliente está disponível.
cust_5811,pesado,last_entity,contexto_completo,ent_4,ent_4,True,correct,7373,"Histórico completo de eventos do cliente cust_5811 (101 eventos):
- Evento: interação com ent_4 via purchase em ts=1703582210 (canal=web)
- Evento: interação com ent_24 via add_to_cart em ts=1703547920 (canal=app)
- Evento: interação com ent_13 via purchase em ts=1703539940 (canal=app)
- Evento: interação com ent_52 via view em ts=1703508200 (canal=app)
- Evento: interação com ent_54 via add_to_cart em ts=1703469620 (canal=web)
- Evento: interação com ent_10 via view em ts=1703438870 (canal=web)
- Evento: interação com ent_42 via view em ts=1703401550 (canal=web)
- Evento: interação com ent_35 via view em ts=1703373530 (canal=app)
- Evento: interação com ent_56 via add_to_cart em ts=1703302580 (canal=web)
- Evento: interação com ent_46 via view em ts=1703268260 (canal=web)
- Evento: interação com ent_38 via add_to_cart em ts=1703237240 (canal=app)
- Evento: interação com ent_58 via add_to_cart em ts=1703214890 (canal=app)
- Evento: interação com ent_4 via add_to_cart em ts=1703178650 (canal=app)
- Evento: interação com ent_56 via purchase em ts=1703175050 (canal=app)
- Evento: interação com ent_32 via search em ts=1703158010 (canal=app)
- Evento: interação com ent_10 via add_to_cart em ts=1703124020 (canal=web)
- Evento: interação com ent_46 via view em ts=1703107940 (canal=app)
- Evento: interação com ent_24 via add_to_cart em ts=1703075990 (canal=web)
- Evento: interação com ent_6 via search em ts=1703010410 (canal=web)
- Evento: interação com ent_53 via search em ts=1702996040 (canal=app)
- Evento: interação com ent_1 via add_to_cart em ts=1702971590 (canal=web)
- Evento: interação com ent_58 via view em ts=1702964900 (canal=web)
- Evento: interação com ent_39 via add_to_cart em ts=1702959470 (canal=app)
- Evento: interação com ent_13 via search em ts=1702918880 (canal=web)
- Evento: interação com ent_42 via view em ts=1702883450 (canal=app)
- Evento: interação com ent_10 via search em ts=1702878200 (canal=app)
- Evento: interação com ent_35 via view em ts=1702877030 (canal=app)
- Evento: interação com ent_24 via support_ticket em ts=1702756520 (canal=app)
- Evento: interação com ent_39 via search em ts=1702741250 (canal=web)
- Evento: interação com ent_58 via add_to_cart em ts=1702690190 (canal=web)
- Evento: interação com ent_24 via view em ts=1702687310 (canal=web)
- Evento: interação com ent_4 via view em ts=1702591850 (canal=web)
- Evento: interação com ent_30 via add_to_cart em ts=1702569290 (canal=app)
- Evento: interação com ent_24 via view em ts=1702569170 (canal=web)
- Evento: interação com ent_27 via add_to_cart em ts=1702532660 (canal=app)
- Evento: interação com ent_39 via search em ts=1702522730 (canal=app)
- Evento: interação com ent_10 via add_to_cart em ts=1702462490 (canal=web)
- Evento: interação com ent_24 via search em ts=1702414070 (canal=app)
- Evento: interação com ent_3 via view em ts=1702326410 (canal=app)
- Evento: interação com ent_37 via view em ts=1702289330 (canal=web)
- Evento: interação com ent_42 via support_ticket em ts=1702282190 (canal=web)
- Evento: interação com ent_12 via add_to_cart em ts=1702277210 (canal=app)
- Evento: interação com ent_46 via search em ts=1702245830 (canal=web)
- Evento: interação com ent_32 via view em ts=1702193420 (canal=web)
- Evento: interação com ent_10 via add_to_cart em ts=1702123910 (canal=web)
- Evento: interação com ent_32 via add_to_cart em ts=1702088510 (canal=web)
- Evento: interação com ent_4 via search em ts=1701949280 (canal=web)
- Evento: interação com ent_13 via view em ts=1701943190 (canal=web)
- Evento: interação com ent_4 via support_ticket em ts=1701935390 (canal=app)
- Evento: interação com ent_30 via view em ts=1701932600 (canal=app)
- Evento: interação com ent_13 via view em ts=1701908570 (canal=app)
- Evento: interação com ent_4 via search em ts=1701905120 (canal=web)
- Evento: interação com ent_41 via view em ts=1701890270 (canal=app)
- Evento: interação com ent_12 via view em ts=1701866240 (canal=web)
- Evento: interação com ent_37 via view em ts=1701769460 (canal=web)
- Evento: interação com ent_52 via support_ticket em ts=1701751520 (canal=web)
- Evento: interação com ent_24 via purchase em ts=1701735740 (canal=web)
- Evento: interação com ent_37 via search em ts=1701617240 (canal=web)
- Evento: interação com ent_52 via add_to_cart em ts=1701584360 (canal=web)
- Evento: interação com ent_38 via view em ts=1701571670 (canal=web)
- Evento: interação com ent_56 via add_to_cart em ts=1701568730 (canal=web)
- Evento: interação com ent_37 via support_ticket em ts=1701567950 (canal=app)
- Evento: interação com ent_30 via support_ticket em ts=1701512420 (canal=app)
- Evento: interação com ent_4 via add_to_cart em ts=1701476420 (canal=web)
- Evento: interação com ent_39 via view em ts=1701335360 (canal=web)
- Evento: interação com ent_13 via search em ts=1701295460 (canal=web)
- Evento: interação com ent_37 via search em ts=1701236480 (canal=app)
- Evento: interação com ent_24 via view em ts=1701204320 (canal=app)
- Evento: interação com ent_52 via add_to_cart em ts=1701174020 (canal=app)
- Evento: interação com ent_58 via search em ts=1701124100 (canal=web)
- Evento: interação com ent_46 via add_to_cart em ts=1701038210 (canal=app)
- Evento: interação com ent_36 via add_to_cart em ts=1700979440 (canal=web)
- Evento: interação com ent_52 via view em ts=1700976230 (canal=web)
- Evento: interação com ent_24 via purchase em ts=1700904200 (canal=web)
- Evento: interação com ent_52 via view em ts=1700860100 (canal=app)
- Evento: interação com ent_30 via view em ts=1700786570 (canal=app)
- Evento: interação com ent_32 via view em ts=1700782040 (canal=web)
- Evento: interação com ent_13 via search em ts=1700762390 (canal=web)
- Evento: interação com ent_58 via add_to_cart em ts=1700746610 (canal=app)
- Evento: interação com ent_56 via support_ticket em ts=1700707940 (canal=app)
- Evento: interação com ent_56 via add_to_cart em ts=1700706380 (canal=web)
- Evento: interação com ent_37 via search em ts=1700673080 (canal=app)
- Evento: interação com ent_17 via search em ts=1700668130 (canal=app)
- Evento: interação com ent_4 via purchase em ts=1700644100 (canal=web)
- Evento: interação com ent_13 via purchase em ts=1700583650 (canal=web)
- Evento: interação com ent_39 via support_ticket em ts=1700523320 (canal=app)
- Evento: interação com ent_47 via purchase em ts=1700517890 (canal=web)
- Evento: interação com ent_42 via search em ts=1700501840 (canal=web)
- Evento: interação com ent_32 via search em ts=1700489330 (canal=web)
- Evento: interação com ent_6 via view em ts=1700453060 (canal=app)
- Evento: interação com ent_30 via search em ts=1700407850 (canal=app)
- Evento: interação com ent_48 via search em ts=1700364410 (canal=app)
- Evento: interação com ent_37 via view em ts=1700310590 (canal=app)
- Evento: interação com ent_4 via purchase em ts=1700218940 (canal=web)
- Evento: interação com ent_37 via view em ts=1700198180 (canal=web)
- Evento: interação com ent_24 via view em ts=1700184830 (canal=app)
- Evento: interação com ent_58 via view em ts=1700098190 (canal=web)
- Evento: interação com ent_51 via add_to_cart em ts=1700091950 (canal=app)
- Evento: interação com ent_7 via purchase em ts=1700068310 (canal=web)
- Evento: interação com ent_58 via view em ts=1700064200 (canal=app)
- Evento: interação com ent_32 via add_to_cart em ts=1700011040 (canal=app)"
cust_5811,pesado,last_entity,topk_estatico,ent_4,ent_4,True,correct,296,"## Contexto do cliente: cust_5811 (top-3 por frequência)
- ent_24 (10 interações) [view, add_to_cart, purchase], último em ts=1703547920
- ent_4 (9 interações) [purchase, add_to_cart, search], último em ts=1703582210
- ent_37 (8 interações) [view, search, support_ticket], último em ts=1702289330"
cust_5811,pesado,last_entity,hibrido_sob_demanda,ent_4,ent_4,True,correct,548,"## Contexto do cliente: cust_5811
Canais com atividade encontrada: 2 (app, web)
Resumo de atividade (101 eventos totais): view: 34, add_to_cart: 27, search: 22, purchase: 10, support_ticket: 8

### Entidades mais relevantes (ranqueadas por PageRank personalizado)
- ent_4 (relevância=0.016): 9 eventos [purchase, add_to_cart, search], último em ts=1703582210
- ent_24 (relevância=0.013): 10 eventos [view, add_to_cart, purchase], último em ts=1703547920
- ent_37 (relevância=0.013): 8 eventos [view, search, support_ticket], último em ts=1702289330"
cust_5811,pesado,last_entity,sessao_memoria,ent_4,ent_4,True,correct,540,"## Contexto do cliente: cust_5811 (turno 0)
Resumo de atividade (101 eventos totais): view: 34, add_to_cart: 27, search: 22, purchase: 10, support_ticket: 8

- ent_24 (relevância=0.057): estado mais recente = add_to_cart em ts=1703547920 (havia também interações anteriores registradas)
- ent_4 (relevância=0.054): estado mais recente = purchase em ts=1703582210 (havia também interações anteriores registradas)
- ent_58 (relevância=0.044): estado mais recente = add_to_cart em ts=1703214890 (havia também interações anteriores registradas)"
cust_5811,pesado,last_entity,sessao_memoria_sem_clash,ent_4,ent_4,True,correct,935,"## Contexto do cliente: cust_5811 (turno 0)
Resumo de atividade (101 eventos totais): view: 34, add_to_cart: 27, search: 22, purchase: 10, support_ticket: 8

- ent_24 (relevância=0.057): add_to_cart em ts=1703547920; add_to_cart em ts=1703075990; support_ticket em ts=1702756520; view em ts=1702687310; view em ts=1702569170; search em ts=1702414070; purchase em ts=1701735740; view em ts=1701204320; purchase em ts=1700904200; view em ts=1700184830
- ent_4 (relevância=0.054): purchase em ts=1703582210; add_to_cart em ts=1703178650; view em ts=1702591850; search em ts=1701949280; support_ticket em ts=1701935390; search em ts=1701905120; add_to_cart em ts=1701476420; purchase em ts=1700644100; purchase em ts=1700218940
- ent_58 (relevância=0.044): add_to_cart em ts=1703214890; view em ts=1702964900; add_to_cart em ts=1702690190; search em ts=1701124100; add_to_cart em ts=1700746610; view em ts=1700098190; view em ts=1700064200"
cust_4471,pesado,last_entity,sem_retrieval,ent_19,,False,malformed,64,Nenhuma informação adicional sobre este cliente está disponível.
cust_4471,pesado,last_entity,contexto_completo,ent_19,ent_19,True,correct,6628,"Histórico completo de eventos do cliente cust_4471 (91 eventos):
- Evento: interação com ent_19 via add_to_cart em ts=1703582810 (canal=app)
- Evento: interação com ent_53 via view em ts=1703554670 (canal=app)
- Evento: interação com ent_53 via add_to_cart em ts=1703499020 (canal=web)
- Evento: interação com ent_37 via view em ts=1703480150 (canal=app)
- Evento: interação com ent_30 via view em ts=1703448200 (canal=app)
- Evento: interação com ent_51 via add_to_cart em ts=1703375750 (canal=web)
- Evento: interação com ent_31 via search em ts=1703299130 (canal=web)
- Evento: interação com ent_57 via view em ts=1703236940 (canal=web)
- Evento: interação com ent_19 via view em ts=1703206340 (canal=web)
- Evento: interação com ent_57 via view em ts=1703198540 (canal=web)
- Evento: interação com ent_58 via view em ts=1703143370 (canal=app)
- Evento: interação com ent_1 via add_to_cart em ts=1703094650 (canal=app)
- Evento: interação com ent_1 via search em ts=1703065880 (canal=app)
- Evento: interação com ent_1 via add_to_cart em ts=1703046020 (canal=app)
- Evento: interação com ent_52 via search em ts=1703023580 (canal=web)
- Evento: interação com ent_31 via add_to_cart em ts=1702962980 (canal=app)
- Evento: interação com ent_2 via add_to_cart em ts=1702953260 (canal=app)
- Evento: interação com ent_27 via view em ts=1702946360 (canal=web)
- Evento: interação com ent_33 via add_to_cart em ts=1702946330 (canal=web)
- Evento: interação com ent_30 via add_to_cart em ts=1702891790 (canal=web)
- Evento: interação com ent_30 via purchase em ts=1702836920 (canal=web)
- Evento: interação com ent_33 via search em ts=1702738910 (canal=app)
- Evento: interação com ent_57 via search em ts=1702722860 (canal=app)
- Evento: interação com ent_31 via add_to_cart em ts=1702696370 (canal=app)
- Evento: interação com ent_52 via view em ts=1702656410 (canal=app)
- Evento: interação com ent_30 via search em ts=1702647320 (canal=web)
- Evento: interação com ent_26 via support_ticket em ts=1702625630 (canal=app)
- Evento: interação com ent_52 via support_ticket em ts=1702593440 (canal=app)
- Evento: interação com ent_22 via view em ts=1702335080 (canal=app)
- Evento: interação com ent_31 via view em ts=1702312010 (canal=app)
- Evento: interação com ent_57 via add_to_cart em ts=1702282040 (canal=web)
- Evento: interação com ent_51 via add_to_cart em ts=1702256390 (canal=app)
- Evento: interação com ent_51 via view em ts=1702173440 (canal=app)
- Evento: interação com ent_30 via search em ts=1702145030 (canal=web)
- Evento: interação com ent_14 via view em ts=1701993440 (canal=web)
- Evento: interação com ent_14 via search em ts=1701975740 (canal=app)
- Evento: interação com ent_57 via search em ts=1701957950 (canal=web)
- Evento: interação com ent_19 via view em ts=1701957140 (canal=web)
- Evento: interação com ent_33 via view em ts=1701931430 (canal=web)
- Evento: interação com ent_12 via view em ts=1701919190 (canal=web)
- Evento: interação com ent_31 via view em ts=1701917720 (canal=app)
- Evento: interação com ent_31 via search em ts=1701895640 (canal=web)
- Evento: interação com ent_47 via search em ts=1701836930 (canal=app)
- Evento: interação com ent_52 via purchase em ts=1701813980 (canal=app)
- Evento: interação com ent_30 via view em ts=1701734930 (canal=app)
- Evento: interação com ent_47 via add_to_cart em ts=1701733790 (canal=app)
- Evento: interação com ent_19 via search em ts=1701716300 (canal=web)
- Evento: interação com ent_47 via view em ts=1701692960 (canal=web)
- Evento: interação com ent_31 via add_to_cart em ts=1701578300 (canal=web)
- Evento: interação com ent_19 via support_ticket em ts=1701560600 (canal=web)
- Evento: interação com ent_47 via add_to_cart em ts=1701481400 (canal=web)
- Evento: interação com ent_1 via support_ticket em ts=1701410390 (canal=app)
- Evento: interação com ent_42 via add_to_cart em ts=1701403820 (canal=web)
- Evento: interação com ent_52 via add_to_cart em ts=1701333170 (canal=app)
- Evento: interação com ent_22 via add_to_cart em ts=1701299330 (canal=web)
- Evento: interação com ent_47 via support_ticket em ts=1701294380 (canal=app)
- Evento: interação com ent_22 via add_to_cart em ts=1701282080 (canal=web)
- Evento: interação com ent_1 via view em ts=1701179360 (canal=app)
- Evento: interação com ent_30 via search em ts=1701178700 (canal=web)
- Evento: interação com ent_51 via view em ts=1701146210 (canal=app)
- Evento: interação com ent_57 via purchase em ts=1701139280 (canal=web)
- Evento: interação com ent_22 via search em ts=1701114290 (canal=app)
- Evento: interação com ent_14 via view em ts=1701085340 (canal=web)
- Evento: interação com ent_51 via view em ts=1701082880 (canal=app)
- Evento: interação com ent_35 via add_to_cart em ts=1701082730 (canal=app)
- Evento: interação com ent_1 via search em ts=1701045530 (canal=app)
- Evento: interação com ent_33 via search em ts=1701015860 (canal=web)
- Evento: interação com ent_26 via view em ts=1700995340 (canal=web)
- Evento: interação com ent_52 via search em ts=1700989850 (canal=app)
- Evento: interação com ent_52 via search em ts=1700981930 (canal=web)
- Evento: interação com ent_1 via search em ts=1700882450 (canal=app)
- Evento: interação com ent_56 via view em ts=1700822300 (canal=app)
- Evento: interação com ent_1 via view em ts=1700797250 (canal=web)
- Evento: interação com ent_39 via add_to_cart em ts=1700770580 (canal=app)
- Evento: interação com ent_37 via purchase em ts=1700751560 (canal=app)
- Evento: interação com ent_47 via search em ts=1700599640 (canal=web)
- Evento: interação com ent_47 via view em ts=1700596760 (canal=web)
- Evento: interação com ent_19 via add_to_cart em ts=1700500640 (canal=web)
- Evento: interação com ent_14 via view em ts=1700455430 (canal=web)
- Evento: interação com ent_52 via add_to_cart em ts=1700435960 (canal=app)
- Evento: interação com ent_57 via search em ts=1700370950 (canal=web)
- Evento: interação com ent_1 via view em ts=1700354060 (canal=web)
- Evento: interação com ent_26 via search em ts=1700351240 (canal=web)
- Evento: interação com ent_19 via search em ts=1700332640 (canal=web)
- Evento: interação com ent_1 via view em ts=1700267300 (canal=web)
- Evento: interação com ent_47 via add_to_cart em ts=1700238110 (canal=web)
- Evento: interação com ent_52 via search em ts=1700165420 (canal=web)
- Evento: interação com ent_47 via search em ts=1700153000 (canal=app)
- Evento: interação com ent_42 via view em ts=1700116430 (canal=web)
- Evento: interação com ent_52 via support_ticket em ts=1700072690 (canal=app)
- Evento: interação com ent_37 via search em ts=1700057840 (canal=web)"
cust_4471,pesado,last_entity,topk_estatico,ent_19,,False,malformed,298,"## Contexto do cliente: cust_4471 (top-3 por frequência)
- ent_52 (10 interações) [search, support_ticket, add_to_cart], último em ts=1703023580
- ent_1 (10 interações) [view, search, add_to_cart], último em ts=1703094650
- ent_47 (9 interações) [search, add_to_cart, view], último em ts=1701836930"
cust_4471,pesado,last_entity,hibrido_sob_demanda,ent_19,ent_19,True,correct,524,"## Contexto do cliente: cust_4471
Canais com atividade encontrada: 2 (app, web)
Resumo de atividade (91 eventos totais): view: 31, search: 26, add_to_cart: 24, support_ticket: 6, purchase: 4

### Entidades mais relevantes (ranqueadas por PageRank personalizado)
- ent_30 (relevância=0.014): 7 eventos [search, view, add_to_cart], último em ts=1703448200
- ent_19 (relevância=0.014): 7 eventos [add_to_cart, view, search], último em ts=1703582810
- ent_14 (relevância=0.013): 4 eventos [view, search], último em ts=1701993440"
cust_4471,pesado,last_entity,sessao_memoria,ent_19,,False,malformed,529,"## Contexto do cliente: cust_4471 (turno 0)
Resumo de atividade (91 eventos totais): view: 31, search: 26, add_to_cart: 24, support_ticket: 6, purchase: 4

- ent_52 (relevância=0.048): estado mais recente = search em ts=1703023580 (havia também interações anteriores registradas)
- ent_30 (relevância=0.045): estado mais recente = view em ts=1703448200 (havia também interações anteriores registradas)
- ent_1 (relevância=0.041): estado mais recente = add_to_cart em ts=1703094650 (havia também interações anteriores registradas)"
cust_4471,pesado,last_entity,sessao_memoria_sem_clash,ent_19,,False,malformed,952,"## Contexto do cliente: cust_4471 (turno 0)
Resumo de atividade (91 eventos totais): view: 31, search: 26, add_to_cart: 24, support_ticket: 6, purchase: 4

- ent_52 (relevância=0.048): search em ts=1703023580; view em ts=1702656410; support_ticket em ts=1702593440; purchase em ts=1701813980; add_to_cart em ts=1701333170; search em ts=1700989850; search em ts=1700981930; add_to_cart em ts=1700435960; search em ts=1700165420; support_ticket em ts=1700072690
- ent_30 (relevância=0.045): view em ts=1703448200; add_to_cart em ts=1702891790; purchase em ts=1702836920; search em ts=1702647320; search em ts=1702145030; view em ts=1701734930; search em ts=1701178700
- ent_1 (relevância=0.041): add_to_cart em ts=1703094650; search em ts=1703065880; add_to_cart em ts=1703046020; support_ticket em ts=1701410390; view em ts=1701179360; search em ts=1701045530; search em ts=1700882450; view em ts=1700797250; view em ts=1700354060; view em ts=1700267300"
cust_8754,pesado,last_entity,sem_retrieval,ent_46,,False,malformed,64,Nenhuma informação adicional sobre este cliente está disponível.
cust_8754,pesado,last_entity,contexto_completo,ent_46,,False,malformed,1081,"Histórico completo de eventos do cliente cust_8754 (14 eventos):
- Evento: interação com ent_39 via search em ts=1703097050 (canal=web)
- Evento: interação com ent_4 via view em ts=1702972130 (canal=web)
- Evento: interação com ent_4 via view em ts=1702761170 (canal=web)
- Evento: interação com ent_4 via add_to_cart em ts=1702637900 (canal=web)
- Evento: interação com ent_58 via search em ts=1702535990 (canal=web)
- Evento: interação com ent_36 via support_ticket em ts=1702502420 (canal=web)
- Evento: interação com ent_54 via add_to_cart em ts=1702339970 (canal=web)
- Evento: interação com ent_39 via view em ts=1702134800 (canal=web)
- Evento: interação com ent_5 via purchase em ts=1701862460 (canal=web)
- Evento: interação com ent_18 via support_ticket em ts=1701604100 (canal=web)
- Evento: interação com ent_24 via view em ts=1701132080 (canal=web)
- Evento: interação com ent_21 via search em ts=1701067640 (canal=web)
- Evento: interação com ent_18 via search em ts=1701057530 (canal=web)
- Evento: interação com ent_6 via support_ticket em ts=1700743370 (canal=web)"
cust_8754,pesado,last_entity,topk_estatico,ent_46,,False,malformed,262,"## Contexto do cliente: cust_8754 (top-3 por frequência)
- ent_4 (3 interações) [view, add_to_cart], último em ts=1702972130
- ent_18 (2 interações) [support_ticket, search], último em ts=1701604100
- ent_39 (2 interações) [search, view], último em ts=1703097050"
cust_8754,pesado,last_entity,hibrido_sob_demanda,ent_46,,False,malformed,488,"## Contexto do cliente: cust_8754
Canais com atividade encontrada: 1 (web)
Resumo de atividade (14 eventos totais): search: 4, view: 4, support_ticket: 3, add_to_cart: 2, purchase: 1

### Entidades mais relevantes (ranqueadas por PageRank personalizado)
- ent_4 (relevância=0.024): 3 eventos [view, add_to_cart], último em ts=1702972130
- ent_39 (relevância=0.017): 2 eventos [search, view], último em ts=1703097050
- ent_58 (relevância=0.013): 1 eventos [search], último em ts=1702535990"
cust_8754,pesado,last_entity,sessao_memoria,ent_46,,False,malformed,529,"## Contexto do cliente: cust_8754 (turno 0)
Resumo de atividade (14 eventos totais): search: 4, view: 4, support_ticket: 3, add_to_cart: 2, purchase: 1

- ent_4 (relevância=0.076): estado mais recente = view em ts=1702972130 (havia também interações anteriores registradas)
- ent_39 (relevância=0.053): estado mais recente = search em ts=1703097050 (havia também interações anteriores registradas)
- ent_18 (relevância=0.038): estado mais recente = support_ticket em ts=1701604100 (havia também interações anteriores registradas)"
cust_8754,pesado,last_entity,sessao_memoria_sem_clash,ent_46,,False,malformed,417,"## Contexto do cliente: cust_8754 (turno 0)
Resumo de atividade (14 eventos totais): search: 4, view: 4, support_ticket: 3, add_to_cart: 2, purchase: 1

- ent_4 (relevância=0.076): view em ts=1702972130; view em ts=1702761170; add_to_cart em ts=1702637900
- ent_39 (relevância=0.053): search em ts=1703097050; view em ts=1702134800
- ent_18 (relevância=0.038): support_ticket em ts=1701604100; search em ts=1701057530"
cust_4743,pesado,last_entity,sem_retrieval,ent_14,,False,malformed,64,Nenhuma informação adicional sobre este cliente está disponível.
cust_4743,pesado,last_entity,contexto_completo,ent_14,ent_14,True,correct,7107,"Histórico completo de eventos do cliente cust_4743 (97 eventos):
- Evento: interação com ent_14 via search em ts=1703578430 (canal=web)
- Evento: interação com ent_14 via add_to_cart em ts=1703540750 (canal=web)
- Evento: interação com ent_59 via view em ts=1703528090 (canal=web)
- Evento: interação com ent_50 via view em ts=1703515580 (canal=web)
- Evento: interação com ent_14 via view em ts=1703481410 (canal=web)
- Evento: interação com ent_33 via purchase em ts=1703444960 (canal=web)
- Evento: interação com ent_38 via support_ticket em ts=1703434490 (canal=web)
- Evento: interação com ent_10 via support_ticket em ts=1703401340 (canal=web)
- Evento: interação com ent_6 via add_to_cart em ts=1703292980 (canal=web)
- Evento: interação com ent_21 via support_ticket em ts=1703270750 (canal=web)
- Evento: interação com ent_14 via support_ticket em ts=1703269730 (canal=web)
- Evento: interação com ent_50 via purchase em ts=1703168270 (canal=web)
- Evento: interação com ent_10 via view em ts=1703111360 (canal=web)
- Evento: interação com ent_6 via support_ticket em ts=1703076770 (canal=web)
- Evento: interação com ent_50 via add_to_cart em ts=1702985990 (canal=web)
- Evento: interação com ent_29 via view em ts=1702961120 (canal=web)
- Evento: interação com ent_37 via view em ts=1702919600 (canal=web)
- Evento: interação com ent_5 via view em ts=1702876070 (canal=web)
- Evento: interação com ent_0 via view em ts=1702857800 (canal=web)
- Evento: interação com ent_58 via support_ticket em ts=1702775030 (canal=web)
- Evento: interação com ent_37 via add_to_cart em ts=1702757570 (canal=web)
- Evento: interação com ent_37 via support_ticket em ts=1702717790 (canal=web)
- Evento: interação com ent_41 via view em ts=1702699220 (canal=web)
- Evento: interação com ent_33 via view em ts=1702687400 (canal=web)
- Evento: interação com ent_41 via view em ts=1702671560 (canal=web)
- Evento: interação com ent_22 via view em ts=1702642310 (canal=web)
- Evento: interação com ent_29 via view em ts=1702599800 (canal=web)
- Evento: interação com ent_58 via search em ts=1702581680 (canal=web)
- Evento: interação com ent_41 via search em ts=1702579040 (canal=web)
- Evento: interação com ent_29 via add_to_cart em ts=1702548290 (canal=web)
- Evento: interação com ent_9 via search em ts=1702516580 (canal=web)
- Evento: interação com ent_14 via view em ts=1702491170 (canal=web)
- Evento: interação com ent_22 via purchase em ts=1702465310 (canal=web)
- Evento: interação com ent_32 via add_to_cart em ts=1702388690 (canal=web)
- Evento: interação com ent_59 via view em ts=1702382930 (canal=web)
- Evento: interação com ent_50 via add_to_cart em ts=1702372100 (canal=web)
- Evento: interação com ent_6 via add_to_cart em ts=1702326140 (canal=web)
- Evento: interação com ent_9 via search em ts=1702246490 (canal=web)
- Evento: interação com ent_21 via view em ts=1702236980 (canal=web)
- Evento: interação com ent_35 via purchase em ts=1702151480 (canal=web)
- Evento: interação com ent_21 via search em ts=1702104770 (canal=web)
- Evento: interação com ent_33 via add_to_cart em ts=1702080740 (canal=web)
- Evento: interação com ent_26 via search em ts=1702061990 (canal=web)
- Evento: interação com ent_21 via add_to_cart em ts=1702030550 (canal=web)
- Evento: interação com ent_44 via purchase em ts=1702023530 (canal=web)
- Evento: interação com ent_33 via view em ts=1701996200 (canal=web)
- Evento: interação com ent_6 via view em ts=1701982070 (canal=web)
- Evento: interação com ent_37 via search em ts=1701915410 (canal=web)
- Evento: interação com ent_58 via view em ts=1701911870 (canal=web)
- Evento: interação com ent_41 via search em ts=1701903350 (canal=web)
- Evento: interação com ent_59 via support_ticket em ts=1701869780 (canal=web)
- Evento: interação com ent_27 via search em ts=1701835850 (canal=web)
- Evento: interação com ent_12 via view em ts=1701817700 (canal=web)
- Evento: interação com ent_50 via search em ts=1701803150 (canal=web)
- Evento: interação com ent_33 via search em ts=1701752300 (canal=web)
- Evento: interação com ent_41 via add_to_cart em ts=1701710990 (canal=web)
- Evento: interação com ent_29 via purchase em ts=1701652850 (canal=web)
- Evento: interação com ent_58 via support_ticket em ts=1701556010 (canal=web)
- Evento: interação com ent_6 via view em ts=1701544910 (canal=web)
- Evento: interação com ent_59 via add_to_cart em ts=1701486560 (canal=web)
- Evento: interação com ent_37 via support_ticket em ts=1701481790 (canal=web)
- Evento: interação com ent_22 via add_to_cart em ts=1701434180 (canal=web)
- Evento: interação com ent_33 via add_to_cart em ts=1701424850 (canal=web)
- Evento: interação com ent_3 via search em ts=1701376280 (canal=web)
- Evento: interação com ent_8 via view em ts=1701362810 (canal=web)
- Evento: interação com ent_29 via view em ts=1701315770 (canal=web)
- Evento: interação com ent_6 via search em ts=1701301310 (canal=web)
- Evento: interação com ent_27 via add_to_cart em ts=1701269510 (canal=web)
- Evento: interação com ent_14 via search em ts=1701236060 (canal=web)
- Evento: interação com ent_33 via search em ts=1701235370 (canal=web)
- Evento: interação com ent_58 via add_to_cart em ts=1701228980 (canal=web)
- Evento: interação com ent_22 via purchase em ts=1701219860 (canal=web)
- Evento: interação com ent_10 via view em ts=1701104630 (canal=web)
- Evento: interação com ent_50 via add_to_cart em ts=1701081950 (canal=web)
- Evento: interação com ent_50 via add_to_cart em ts=1701070100 (canal=web)
- Evento: interação com ent_14 via support_ticket em ts=1701030710 (canal=web)
- Evento: interação com ent_10 via search em ts=1700922950 (canal=web)
- Evento: interação com ent_9 via search em ts=1700890550 (canal=web)
- Evento: interação com ent_14 via view em ts=1700889620 (canal=web)
- Evento: interação com ent_36 via view em ts=1700844680 (canal=web)
- Evento: interação com ent_33 via support_ticket em ts=1700835620 (canal=web)
- Evento: interação com ent_50 via add_to_cart em ts=1700784590 (canal=web)
- Evento: interação com ent_8 via add_to_cart em ts=1700763830 (canal=web)
- Evento: interação com ent_21 via view em ts=1700748650 (canal=web)
- Evento: interação com ent_31 via search em ts=1700747540 (canal=web)
- Evento: interação com ent_15 via view em ts=1700704850 (canal=web)
- Evento: interação com ent_6 via search em ts=1700570180 (canal=web)
- Evento: interação com ent_6 via view em ts=1700512160 (canal=web)
- Evento: interação com ent_29 via add_to_cart em ts=1700449370 (canal=web)
- Evento: interação com ent_29 via view em ts=1700448620 (canal=web)
- Evento: interação com ent_9 via view em ts=1700396240 (canal=web)
- Evento: interação com ent_22 via search em ts=1700317760 (canal=web)
- Evento: interação com ent_14 via search em ts=1700259350 (canal=web)
- Evento: interação com ent_33 via add_to_cart em ts=1700236340 (canal=web)
- Evento: interação com ent_10 via support_ticket em ts=1700112950 (canal=web)
- Evento: interação com ent_6 via search em ts=1700110700 (canal=web)
- Evento: interação com ent_58 via support_ticket em ts=1700056400 (canal=web)"
cust_4743,pesado,last_entity,topk_estatico,ent_14,ent_14,True,correct,289,"## Contexto do cliente: cust_4743 (top-3 por frequência)
- ent_6 (9 interações) [view, search, add_to_cart], último em ts=1703292980
- ent_33 (9 interações) [add_to_cart, view, search], último em ts=1703444960
- ent_14 (9 interações) [search, view, support_ticket], último em ts=1703578430"
cust_4743,pesado,last_entity,hibrido_sob_demanda,ent_14,ent_14,True,correct,544,"## Contexto do cliente: cust_4743
Canais com atividade encontrada: 1 (web)
Resumo de atividade (97 eventos totais): view: 31, search: 23, add_to_cart: 22, support_ticket: 14, purchase: 7

### Entidades mais relevantes (ranqueadas por PageRank personalizado)
- ent_14 (relevância=0.017): 9 eventos [search, view, support_ticket], último em ts=1703578430
- ent_37 (relevância=0.012): 5 eventos [support_ticket, view, add_to_cart], último em ts=1702919600
- ent_33 (relevância=0.011): 9 eventos [add_to_cart, view, search], último em ts=1703444960"
cust_4743,pesado,last_entity,sessao_memoria,ent_14,ent_14,True,correct,528,"## Contexto do cliente: cust_4743 (turno 0)
Resumo de atividade (97 eventos totais): view: 31, search: 23, add_to_cart: 22, support_ticket: 14, purchase: 7

- ent_14 (relevância=0.058): estado mais recente = search em ts=1703578430 (havia também interações anteriores registradas)
- ent_33 (relevância=0.044): estado mais recente = purchase em ts=1703444960 (havia também interações anteriores registradas)
- ent_50 (relevância=0.044): estado mais recente = view em ts=1703515580 (havia também interações anteriores registradas)"
cust_4743,pesado,last_entity,sessao_memoria_sem_clash,ent_14,ent_14,True,correct,951,"## Contexto do cliente: cust_4743 (turno 0)
Resumo de atividade (97 eventos totais): view: 31, search: 23, add_to_cart: 22, support_ticket: 14, purchase: 7

- ent_14 (relevância=0.058): search em ts=1703578430; add_to_cart em ts=1703540750; view em ts=1703481410; support_ticket em ts=1703269730; view em ts=1702491170; search em ts=1701236060; support_ticket em ts=1701030710; view em ts=1700889620; search em ts=1700259350
- ent_33 (relevância=0.044): purchase em ts=1703444960; view em ts=1702687400; add_to_cart em ts=1702080740; view em ts=1701996200; search em ts=1701752300; add_to_cart em ts=1701424850; search em ts=1701235370; support_ticket em ts=1700835620; add_to_cart em ts=1700236340
- ent_50 (relevância=0.044): view em ts=1703515580; purchase em ts=1703168270; add_to_cart em ts=1702985990; add_to_cart em ts=1702372100; search em ts=1701803150; add_to_cart em ts=1701081950; add_to_cart em ts=1701070100; add_to_cart em ts=1700784590"
cust_1425,pesado,last_entity,sem_retrieval,ent_32,,False,malformed,64,Nenhuma informação adicional sobre este cliente está disponível.
cust_1425,pesado,last_entity,contexto_completo,ent_32,ent_32,True,correct,3243,"Histórico completo de eventos do cliente cust_1425 (44 eventos):
- Evento: interação com ent_32 via view em ts=1703592020 (canal=app)
- Evento: interação com ent_42 via add_to_cart em ts=1703510150 (canal=app)
- Evento: interação com ent_42 via search em ts=1703462510 (canal=web)
- Evento: interação com ent_42 via add_to_cart em ts=1703371880 (canal=app)
- Evento: interação com ent_28 via view em ts=1703336900 (canal=web)
- Evento: interação com ent_38 via view em ts=1703243240 (canal=app)
- Evento: interação com ent_42 via view em ts=1703081540 (canal=app)
- Evento: interação com ent_50 via support_ticket em ts=1703050730 (canal=web)
- Evento: interação com ent_50 via support_ticket em ts=1702964270 (canal=web)
- Evento: interação com ent_7 via purchase em ts=1702903640 (canal=web)
- Evento: interação com ent_2 via search em ts=1702826150 (canal=web)
- Evento: interação com ent_46 via support_ticket em ts=1702788650 (canal=web)
- Evento: interação com ent_20 via search em ts=1702771850 (canal=app)
- Evento: interação com ent_31 via view em ts=1702509110 (canal=web)
- Evento: interação com ent_41 via view em ts=1702417490 (canal=web)
- Evento: interação com ent_37 via add_to_cart em ts=1702408550 (canal=app)
- Evento: interação com ent_37 via view em ts=1702302320 (canal=app)
- Evento: interação com ent_7 via search em ts=1702248080 (canal=web)
- Evento: interação com ent_37 via view em ts=1702154450 (canal=web)
- Evento: interação com ent_20 via add_to_cart em ts=1701928340 (canal=web)
- Evento: interação com ent_15 via view em ts=1701897290 (canal=web)
- Evento: interação com ent_37 via view em ts=1701882350 (canal=app)
- Evento: interação com ent_46 via search em ts=1701875750 (canal=web)
- Evento: interação com ent_20 via search em ts=1701778760 (canal=app)
- Evento: interação com ent_2 via search em ts=1701648260 (canal=app)
- Evento: interação com ent_7 via search em ts=1701595370 (canal=web)
- Evento: interação com ent_8 via add_to_cart em ts=1701556910 (canal=app)
- Evento: interação com ent_37 via add_to_cart em ts=1701382820 (canal=web)
- Evento: interação com ent_46 via add_to_cart em ts=1701320720 (canal=web)
- Evento: interação com ent_46 via view em ts=1701287630 (canal=web)
- Evento: interação com ent_42 via support_ticket em ts=1701286910 (canal=app)
- Evento: interação com ent_37 via view em ts=1701134150 (canal=web)
- Evento: interação com ent_50 via add_to_cart em ts=1701050240 (canal=app)
- Evento: interação com ent_41 via view em ts=1700958740 (canal=app)
- Evento: interação com ent_38 via add_to_cart em ts=1700949050 (canal=app)
- Evento: interação com ent_32 via add_to_cart em ts=1700893280 (canal=app)
- Evento: interação com ent_14 via purchase em ts=1700877560 (canal=app)
- Evento: interação com ent_46 via add_to_cart em ts=1700833880 (canal=web)
- Evento: interação com ent_14 via view em ts=1700674010 (canal=app)
- Evento: interação com ent_34 via purchase em ts=1700639600 (canal=app)
- Evento: interação com ent_50 via view em ts=1700617700 (canal=app)
- Evento: interação com ent_38 via search em ts=1700399210 (canal=web)
- Evento: interação com ent_12 via view em ts=1700393090 (canal=web)
- Evento: interação com ent_38 via search em ts=1700012150 (canal=app)"
cust_1425,pesado,last_entity,topk_estatico,ent_32,,False,malformed,289,"## Contexto do cliente: cust_1425 (top-3 por frequência)
- ent_37 (6 interações) [view, add_to_cart], último em ts=1702408550
- ent_46 (5 interações) [add_to_cart, support_ticket, search], último em ts=1702788650
- ent_42 (5 interações) [add_to_cart, search, view], último em ts=1703510150"
cust_1425,pesado,last_entity,hibrido_sob_demanda,ent_32,,False,malformed,547,"## Contexto do cliente: cust_1425
Canais com atividade encontrada: 2 (app, web)
Resumo de atividade (44 eventos totais): view: 16, add_to_cart: 11, search: 10, support_ticket: 4, purchase: 3

### Entidades mais relevantes (ranqueadas por PageRank personalizado)
- ent_46 (relevância=0.019): 5 eventos [add_to_cart, support_ticket, search], último em ts=1702788650
- ent_37 (relevância=0.015): 6 eventos [view, add_to_cart], último em ts=1702408550
- ent_50 (relevância=0.012): 4 eventos [support_ticket, add_to_cart, view], último em ts=1703050730"
cust_1425,pesado,last_entity,sessao_memoria,ent_32,,False,malformed,545,"## Contexto do cliente: cust_1425 (turno 0)
Resumo de atividade (44 eventos totais): view: 16, add_to_cart: 11, search: 10, support_ticket: 4, purchase: 3

- ent_37 (relevância=0.054): estado mais recente = add_to_cart em ts=1702408550 (havia também interações anteriores registradas)
- ent_42 (relevância=0.054): estado mais recente = add_to_cart em ts=1703510150 (havia também interações anteriores registradas)
- ent_46 (relevância=0.044): estado mais recente = support_ticket em ts=1702788650 (havia também interações anteriores registradas)"
cust_1425,pesado,last_entity,sessao_memoria_sem_clash,ent_32,,False,malformed,673,"## Contexto do cliente: cust_1425 (turno 0)
Resumo de atividade (44 eventos totais): view: 16, add_to_cart: 11, search: 10, support_ticket: 4, purchase: 3

- ent_37 (relevância=0.054): add_to_cart em ts=1702408550; view em ts=1702302320; view em ts=1702154450; view em ts=1701882350; add_to_cart em ts=1701382820; view em ts=1701134150
- ent_42 (relevância=0.054): add_to_cart em ts=1703510150; search em ts=1703462510; add_to_cart em ts=1703371880; view em ts=1703081540; support_ticket em ts=1701286910
- ent_46 (relevância=0.044): support_ticket em ts=1702788650; search em ts=1701875750; add_to_cart em ts=1701320720; view em ts=1701287630; add_to_cart em ts=1700833880"
cust_7102,pesado,last_entity,sem_retrieval,ent_34,,False,malformed,64,Nenhuma informação adicional sobre este cliente está disponível.
cust_7102,pesado,last_entity,contexto_completo,ent_34,ent_34,True,correct,2577,"Histórico completo de eventos do cliente cust_7102 (35 eventos):
- Evento: interação com ent_34 via add_to_cart em ts=1703286890 (canal=app)
- Evento: interação com ent_44 via view em ts=1703255360 (canal=app)
- Evento: interação com ent_57 via search em ts=1702875110 (canal=web)
- Evento: interação com ent_49 via add_to_cart em ts=1702513550 (canal=web)
- Evento: interação com ent_19 via search em ts=1702505120 (canal=web)
- Evento: interação com ent_19 via purchase em ts=1702298210 (canal=app)
- Evento: interação com ent_52 via add_to_cart em ts=1702261970 (canal=web)
- Evento: interação com ent_51 via view em ts=1702206110 (canal=app)
- Evento: interação com ent_41 via search em ts=1702110950 (canal=app)
- Evento: interação com ent_10 via search em ts=1702088030 (canal=app)
- Evento: interação com ent_28 via view em ts=1702014770 (canal=app)
- Evento: interação com ent_31 via support_ticket em ts=1701814970 (canal=web)
- Evento: interação com ent_32 via view em ts=1701796190 (canal=web)
- Evento: interação com ent_29 via view em ts=1701684680 (canal=app)
- Evento: interação com ent_28 via search em ts=1701475820 (canal=web)
- Evento: interação com ent_49 via search em ts=1701372530 (canal=app)
- Evento: interação com ent_28 via purchase em ts=1701349880 (canal=web)
- Evento: interação com ent_28 via purchase em ts=1701336530 (canal=app)
- Evento: interação com ent_19 via view em ts=1701128060 (canal=web)
- Evento: interação com ent_35 via view em ts=1701115760 (canal=web)
- Evento: interação com ent_41 via view em ts=1700889200 (canal=web)
- Evento: interação com ent_51 via view em ts=1700889050 (canal=app)
- Evento: interação com ent_31 via purchase em ts=1700866730 (canal=web)
- Evento: interação com ent_32 via add_to_cart em ts=1700773100 (canal=web)
- Evento: interação com ent_49 via search em ts=1700496710 (canal=app)
- Evento: interação com ent_34 via view em ts=1700478320 (canal=web)
- Evento: interação com ent_34 via view em ts=1700348960 (canal=app)
- Evento: interação com ent_49 via add_to_cart em ts=1700319800 (canal=web)
- Evento: interação com ent_34 via search em ts=1700281370 (canal=app)
- Evento: interação com ent_27 via support_ticket em ts=1700266610 (canal=web)
- Evento: interação com ent_55 via search em ts=1700207660 (canal=web)
- Evento: interação com ent_32 via search em ts=1700132480 (canal=web)
- Evento: interação com ent_31 via add_to_cart em ts=1700095250 (canal=app)
- Evento: interação com ent_27 via view em ts=1700080730 (canal=web)
- Evento: interação com ent_32 via view em ts=1700033120 (canal=app)"
cust_7102,pesado,last_entity,topk_estatico,ent_34,ent_34,True,correct,281,"## Contexto do cliente: cust_7102 (top-3 por frequência)
- ent_32 (4 interações) [view, add_to_cart, search], último em ts=1701796190
- ent_34 (4 interações) [view, add_to_cart, search], último em ts=1703286890
- ent_49 (4 interações) [add_to_cart, search], último em ts=1702513550"
cust_7102,pesado,last_entity,hibrido_sob_demanda,ent_34,,False,malformed,530,"## Contexto do cliente: cust_7102
Canais com atividade encontrada: 2 (app, web)
Resumo de atividade (35 eventos totais): view: 13, search: 10, add_to_cart: 6, purchase: 4, support_ticket: 2

### Entidades mais relevantes (ranqueadas por PageRank personalizado)
- ent_32 (relevância=0.013): 4 eventos [view, add_to_cart, search], último em ts=1701796190
- ent_19 (relevância=0.013): 3 eventos [search, purchase, view], último em ts=1702505120
- ent_28 (relevância=0.012): 4 eventos [purchase, view, search], último em ts=1702014770"
cust_7102,pesado,last_entity,sessao_memoria,ent_34,ent_34,True,correct,529,"## Contexto do cliente: cust_7102 (turno 0)
Resumo de atividade (35 eventos totais): view: 13, search: 10, add_to_cart: 6, purchase: 4, support_ticket: 2

- ent_28 (relevância=0.046): estado mais recente = view em ts=1702014770 (havia também interações anteriores registradas)
- ent_19 (relevância=0.041): estado mais recente = search em ts=1702505120 (havia também interações anteriores registradas)
- ent_34 (relevância=0.039): estado mais recente = add_to_cart em ts=1703286890 (havia também interações anteriores registradas)"
cust_7102,pesado,last_entity,sessao_memoria_sem_clash,ent_34,ent_34,True,correct,516,"## Contexto do cliente: cust_7102 (turno 0)
Resumo de atividade (35 eventos totais): view: 13, search: 10, add_to_cart: 6, purchase: 4, support_ticket: 2

- ent_28 (relevância=0.046): view em ts=1702014770; search em ts=1701475820; purchase em ts=1701349880; purchase em ts=1701336530
- ent_19 (relevância=0.041): search em ts=1702505120; purchase em ts=1702298210; view em ts=1701128060
- ent_34 (relevância=0.039): add_to_cart em ts=1703286890; view em ts=1700478320; view em ts=1700348960; search em ts=1700281370"
cust_5074,pesado,last_entity,sem_retrieval,ent_56,,False,malformed,64,Nenhuma informação adicional sobre este cliente está disponível.
cust_5074,pesado,last_entity,contexto_completo,ent_56,ent_56,True,correct,3782,"Histórico completo de eventos do cliente cust_5074 (51 eventos):
- Evento: interação com ent_56 via search em ts=1703535200 (canal=app)
- Evento: interação com ent_46 via search em ts=1703511560 (canal=app)
- Evento: interação com ent_10 via search em ts=1703507960 (canal=app)
- Evento: interação com ent_4 via add_to_cart em ts=1703443250 (canal=web)
- Evento: interação com ent_56 via add_to_cart em ts=1703300120 (canal=app)
- Evento: interação com ent_51 via view em ts=1703179220 (canal=web)
- Evento: interação com ent_46 via view em ts=1703095100 (canal=web)
- Evento: interação com ent_58 via view em ts=1703075360 (canal=web)
- Evento: interação com ent_10 via add_to_cart em ts=1702973900 (canal=app)
- Evento: interação com ent_32 via support_ticket em ts=1702919450 (canal=web)
- Evento: interação com ent_42 via view em ts=1702880390 (canal=app)
- Evento: interação com ent_35 via add_to_cart em ts=1702876130 (canal=app)
- Evento: interação com ent_4 via purchase em ts=1702855250 (canal=web)
- Evento: interação com ent_30 via add_to_cart em ts=1702821290 (canal=app)
- Evento: interação com ent_35 via view em ts=1702753130 (canal=web)
- Evento: interação com ent_58 via search em ts=1702707710 (canal=app)
- Evento: interação com ent_39 via view em ts=1702656230 (canal=app)
- Evento: interação com ent_29 via search em ts=1702500530 (canal=web)
- Evento: interação com ent_56 via search em ts=1702485110 (canal=app)
- Evento: interação com ent_56 via purchase em ts=1702484060 (canal=app)
- Evento: interação com ent_32 via support_ticket em ts=1702454000 (canal=app)
- Evento: interação com ent_58 via search em ts=1702445510 (canal=web)
- Evento: interação com ent_37 via purchase em ts=1702332350 (canal=app)
- Evento: interação com ent_57 via view em ts=1702328120 (canal=web)
- Evento: interação com ent_32 via view em ts=1702259900 (canal=web)
- Evento: interação com ent_4 via view em ts=1702244750 (canal=web)
- Evento: interação com ent_52 via support_ticket em ts=1702057940 (canal=web)
- Evento: interação com ent_4 via view em ts=1702021040 (canal=web)
- Evento: interação com ent_42 via search em ts=1701874790 (canal=web)
- Evento: interação com ent_13 via search em ts=1701871040 (canal=web)
- Evento: interação com ent_39 via search em ts=1701824030 (canal=web)
- Evento: interação com ent_52 via search em ts=1701708080 (canal=web)
- Evento: interação com ent_32 via support_ticket em ts=1701643430 (canal=web)
- Evento: interação com ent_58 via view em ts=1701452690 (canal=web)
- Evento: interação com ent_35 via add_to_cart em ts=1701382100 (canal=app)
- Evento: interação com ent_56 via add_to_cart em ts=1701261200 (canal=app)
- Evento: interação com ent_30 via add_to_cart em ts=1701065690 (canal=web)
- Evento: interação com ent_56 via view em ts=1700976770 (canal=web)
- Evento: interação com ent_3 via support_ticket em ts=1700842160 (canal=web)
- Evento: interação com ent_24 via search em ts=1700810240 (canal=web)
- Evento: interação com ent_32 via view em ts=1700805350 (canal=app)
- Evento: interação com ent_52 via support_ticket em ts=1700711150 (canal=web)
- Evento: interação com ent_5 via add_to_cart em ts=1700668730 (canal=web)
- Evento: interação com ent_39 via support_ticket em ts=1700620310 (canal=web)
- Evento: interação com ent_37 via search em ts=1700577080 (canal=app)
- Evento: interação com ent_32 via view em ts=1700501360 (canal=app)
- Evento: interação com ent_24 via support_ticket em ts=1700479280 (canal=web)
- Evento: interação com ent_10 via view em ts=1700438060 (canal=web)
- Evento: interação com ent_24 via add_to_cart em ts=1700377370 (canal=web)
- Evento: interação com ent_30 via support_ticket em ts=1700126780 (canal=app)
- Evento: interação com ent_24 via add_to_cart em ts=1700086730 (canal=app)"
cust_5074,pesado,last_entity,topk_estatico,ent_56,ent_56,True,correct,296,"## Contexto do cliente: cust_5074 (top-3 por frequência)
- ent_32 (6 interações) [support_ticket, view], último em ts=1702919450
- ent_56 (6 interações) [search, add_to_cart, purchase], último em ts=1703535200
- ent_24 (4 interações) [add_to_cart, search, support_ticket], último em ts=1700810240"
cust_5074,pesado,last_entity,hibrido_sob_demanda,ent_56,,False,malformed,520,"## Contexto do cliente: cust_5074
Canais com atividade encontrada: 2 (app, web)
Resumo de atividade (51 eventos totais): view: 15, search: 13, add_to_cart: 11, support_ticket: 9, purchase: 3

### Entidades mais relevantes (ranqueadas por PageRank personalizado)
- ent_4 (relevância=0.017): 4 eventos [view, add_to_cart, purchase], último em ts=1703443250
- ent_58 (relevância=0.014): 4 eventos [view, search], último em ts=1703075360
- ent_32 (relevância=0.012): 6 eventos [support_ticket, view], último em ts=1702919450"
cust_5074,pesado,last_entity,sessao_memoria,ent_56,ent_56,True,correct,539,"## Contexto do cliente: cust_5074 (turno 0)
Resumo de atividade (51 eventos totais): view: 15, search: 13, add_to_cart: 11, support_ticket: 9, purchase: 3

- ent_56 (relevância=0.052): estado mais recente = search em ts=1703535200 (havia também interações anteriores registradas)
- ent_32 (relevância=0.049): estado mais recente = support_ticket em ts=1702919450 (havia também interações anteriores registradas)
- ent_4 (relevância=0.048): estado mais recente = add_to_cart em ts=1703443250 (havia também interações anteriores registradas)"
cust_5074,pesado,last_entity,sessao_memoria_sem_clash,ent_56,ent_56,True,correct,669,"## Contexto do cliente: cust_5074 (turno 0)
Resumo de atividade (51 eventos totais): view: 15, search: 13, add_to_cart: 11, support_ticket: 9, purchase: 3

- ent_56 (relevância=0.052): search em ts=1703535200; add_to_cart em ts=1703300120; search em ts=1702485110; purchase em ts=1702484060; add_to_cart em ts=1701261200; view em ts=1700976770
- ent_32 (relevância=0.049): support_ticket em ts=1702919450; support_ticket em ts=1702454000; view em ts=1702259900; support_ticket em ts=1701643430; view em ts=1700805350; view em ts=1700501360
- ent_4 (relevância=0.048): add_to_cart em ts=1703443250; purchase em ts=1702855250; view em ts=1702244750; view em ts=1702021040"
cust_5351,pesado,last_entity,sem_retrieval,ent_10,,False,malformed,64,Nenhuma informação adicional sobre este cliente está disponível.
cust_5351,pesado,last_entity,contexto_completo,ent_10,ent_10,True,correct,8704,"Histórico completo de eventos do cliente cust_5351 (120 eventos):
- Evento: interação com ent_10 via purchase em ts=1703596970 (canal=web)
- Evento: interação com ent_21 via add_to_cart em ts=1703592800 (canal=app)
- Evento: interação com ent_37 via view em ts=1703579030 (canal=web)
- Evento: interação com ent_6 via search em ts=1703574170 (canal=app)
- Evento: interação com ent_6 via view em ts=1703553020 (canal=web)
- Evento: interação com ent_29 via add_to_cart em ts=1703536910 (canal=app)
- Evento: interação com ent_10 via view em ts=1703516990 (canal=app)
- Evento: interação com ent_52 via view em ts=1703454860 (canal=app)
- Evento: interação com ent_14 via view em ts=1703412260 (canal=app)
- Evento: interação com ent_9 via add_to_cart em ts=1703403620 (canal=app)
- Evento: interação com ent_6 via add_to_cart em ts=1703401400 (canal=web)
- Evento: interação com ent_33 via purchase em ts=1703390750 (canal=web)
- Evento: interação com ent_22 via view em ts=1703390000 (canal=app)
- Evento: interação com ent_29 via add_to_cart em ts=1703389730 (canal=web)
- Evento: interação com ent_21 via view em ts=1703363510 (canal=app)
- Evento: interação com ent_6 via search em ts=1703357300 (canal=app)
- Evento: interação com ent_41 via view em ts=1703337290 (canal=web)
- Evento: interação com ent_33 via search em ts=1703324570 (canal=app)
- Evento: interação com ent_58 via view em ts=1703312510 (canal=app)
- Evento: interação com ent_59 via add_to_cart em ts=1703282480 (canal=app)
- Evento: interação com ent_37 via support_ticket em ts=1703257070 (canal=app)
- Evento: interação com ent_8 via add_to_cart em ts=1703222150 (canal=app)
- Evento: interação com ent_58 via view em ts=1703211290 (canal=web)
- Evento: interação com ent_41 via add_to_cart em ts=1703180390 (canal=app)
- Evento: interação com ent_41 via view em ts=1703178830 (canal=app)
- Evento: interação com ent_37 via add_to_cart em ts=1703167670 (canal=web)
- Evento: interação com ent_9 via view em ts=1703165720 (canal=app)
- Evento: interação com ent_58 via search em ts=1703124560 (canal=app)
- Evento: interação com ent_58 via add_to_cart em ts=1703082110 (canal=app)
- Evento: interação com ent_8 via add_to_cart em ts=1703058500 (canal=web)
- Evento: interação com ent_50 via support_ticket em ts=1702975730 (canal=app)
- Evento: interação com ent_37 via search em ts=1702968830 (canal=app)
- Evento: interação com ent_50 via add_to_cart em ts=1702965890 (canal=app)
- Evento: interação com ent_33 via view em ts=1702955390 (canal=web)
- Evento: interação com ent_29 via search em ts=1702952060 (canal=web)
- Evento: interação com ent_21 via view em ts=1702942850 (canal=app)
- Evento: interação com ent_58 via add_to_cart em ts=1702929470 (canal=app)
- Evento: interação com ent_41 via add_to_cart em ts=1702906640 (canal=app)
- Evento: interação com ent_37 via search em ts=1702872680 (canal=web)
- Evento: interação com ent_6 via view em ts=1702851050 (canal=app)
- Evento: interação com ent_50 via add_to_cart em ts=1702844360 (canal=web)
- Evento: interação com ent_10 via search em ts=1702823270 (canal=web)
- Evento: interação com ent_10 via view em ts=1702802900 (canal=app)
- Evento: interação com ent_33 via search em ts=1702783640 (canal=web)
- Evento: interação com ent_6 via view em ts=1702744820 (canal=app)
- Evento: interação com ent_14 via view em ts=1702736690 (canal=app)
- Evento: interação com ent_20 via support_ticket em ts=1702718150 (canal=web)
- Evento: interação com ent_50 via view em ts=1702714070 (canal=web)
- Evento: interação com ent_37 via add_to_cart em ts=1702702820 (canal=app)
- Evento: interação com ent_37 via add_to_cart em ts=1702690580 (canal=app)
- Evento: interação com ent_38 via view em ts=1702685420 (canal=app)
- Evento: interação com ent_6 via add_to_cart em ts=1702678520 (canal=app)
- Evento: interação com ent_9 via view em ts=1702661900 (canal=app)
- Evento: interação com ent_10 via support_ticket em ts=1702659230 (canal=app)
- Evento: interação com ent_37 via view em ts=1702653380 (canal=web)
- Evento: interação com ent_33 via add_to_cart em ts=1702616090 (canal=app)
- Evento: interação com ent_8 via view em ts=1702608380 (canal=app)
- Evento: interação com ent_22 via add_to_cart em ts=1702607330 (canal=web)
- Evento: interação com ent_21 via view em ts=1702601570 (canal=web)
- Evento: interação com ent_22 via search em ts=1702574720 (canal=app)
- Evento: interação com ent_6 via view em ts=1702545860 (canal=app)
- Evento: interação com ent_59 via view em ts=1702545530 (canal=app)
- Evento: interação com ent_58 via add_to_cart em ts=1702487840 (canal=web)
- Evento: interação com ent_14 via purchase em ts=1702487390 (canal=app)
- Evento: interação com ent_29 via search em ts=1702469930 (canal=web)
- Evento: interação com ent_59 via add_to_cart em ts=1702466810 (canal=web)
- Evento: interação com ent_50 via view em ts=1702465280 (canal=web)
- Evento: interação com ent_25 via add_to_cart em ts=1702445120 (canal=web)
- Evento: interação com ent_33 via view em ts=1702440950 (canal=web)
- Evento: interação com ent_37 via add_to_cart em ts=1702430030 (canal=web)
- Evento: interação com ent_22 via view em ts=1702426490 (canal=web)
- Evento: interação com ent_21 via view em ts=1702409360 (canal=web)
- Evento: interação com ent_41 via search em ts=1702401260 (canal=web)
- Evento: interação com ent_50 via purchase em ts=1702341230 (canal=app)
- Evento: interação com ent_29 via search em ts=1702340990 (canal=web)
- Evento: interação com ent_33 via add_to_cart em ts=1702330490 (canal=app)
- Evento: interação com ent_59 via search em ts=1702314530 (canal=app)
- Evento: interação com ent_8 via view em ts=1702299080 (canal=app)
- Evento: interação com ent_59 via purchase em ts=1702293020 (canal=app)
- Evento: interação com ent_6 via view em ts=1702280570 (canal=web)
- Evento: interação com ent_22 via purchase em ts=1702250300 (canal=app)
- Evento: interação com ent_33 via purchase em ts=1702237850 (canal=web)
- Evento: interação com ent_8 via purchase em ts=1702233830 (canal=web)
- Evento: interação com ent_8 via purchase em ts=1702228130 (canal=app)
- Evento: interação com ent_50 via search em ts=1702205300 (canal=web)
- Evento: interação com ent_14 via search em ts=1702117040 (canal=app)
- Evento: interação com ent_50 via add_to_cart em ts=1702091750 (canal=web)
- Evento: interação com ent_9 via support_ticket em ts=1702065110 (canal=web)
- Evento: interação com ent_58 via add_to_cart em ts=1702061660 (canal=web)
- Evento: interação com ent_59 via view em ts=1702048700 (canal=app)
- Evento: interação com ent_59 via search em ts=1702008290 (canal=web)
- Evento: interação com ent_6 via purchase em ts=1701985280 (canal=web)
- Evento: interação com ent_59 via search em ts=1701970490 (canal=web)
- Evento: interação com ent_22 via support_ticket em ts=1701946880 (canal=app)
- Evento: interação com ent_6 via view em ts=1701910940 (canal=app)
- Evento: interação com ent_58 via purchase em ts=1701889730 (canal=app)
- Evento: interação com ent_22 via search em ts=1701878270 (canal=app)
- Evento: interação com ent_9 via view em ts=1701863600 (canal=app)
- Evento: interação com ent_41 via add_to_cart em ts=1701852530 (canal=app)
- Evento: interação com ent_8 via search em ts=1701843710 (canal=app)
- Evento: interação com ent_8 via search em ts=1701830480 (canal=app)
- Evento: interação com ent_29 via view em ts=1701827510 (canal=app)
- Evento: interação com ent_58 via view em ts=1701809210 (canal=app)
- Evento: interação com ent_33 via view em ts=1701808010 (canal=app)
- Evento: interação com ent_37 via purchase em ts=1701801530 (canal=app)
- Evento: interação com ent_33 via view em ts=1701799130 (canal=web)
- Evento: interação com ent_33 via purchase em ts=1701796070 (canal=app)
- Evento: interação com ent_37 via view em ts=1701783890 (canal=web)
- Evento: interação com ent_21 via view em ts=1701777410 (canal=web)
- Evento: interação com ent_10 via support_ticket em ts=1701772970 (canal=web)
- Evento: interação com ent_14 via view em ts=1701769820 (canal=web)
- Evento: interação com ent_10 via search em ts=1701765380 (canal=app)
- Evento: interação com ent_58 via add_to_cart em ts=1701762470 (canal=web)
- Evento: interação com ent_50 via view em ts=1701744320 (canal=web)
- Evento: interação com ent_9 via search em ts=1701735560 (canal=web)
- Evento: interação com ent_59 via search em ts=1701719990 (canal=app)
- Evento: interação com ent_10 via search em ts=1701718310 (canal=app)
- Evento: interação com ent_29 via search em ts=1701714020 (canal=app)
- Evento: interação com ent_37 via add_to_cart em ts=1701707210 (canal=app)
- Evento: interação com ent_27 via view em ts=1701688820 (canal=web)"
cust_5351,pesado,last_entity,topk_estatico,ent_10,,False,malformed,294,"## Contexto do cliente: cust_5351 (top-3 por frequência)
- ent_6 (22 interações) [view, search, add_to_cart], último em ts=1703574170
- ent_33 (20 interações) [view, search, purchase], último em ts=1703390750
- ent_50 (19 interações) [add_to_cart, support_ticket, view], último em ts=1702975730"
cust_5351,pesado,last_entity,hibrido_sob_demanda,ent_10,,False,malformed,540,"## Contexto do cliente: cust_5351
Canais com atividade encontrada: 2 (app, web)
Resumo de atividade (244 eventos totais): view: 92, add_to_cart: 58, search: 57, purchase: 21, support_ticket: 16

### Entidades mais relevantes (ranqueadas por PageRank personalizado)
- ent_37 (relevância=0.014): 19 eventos [view, add_to_cart, search], último em ts=1703579030
- ent_14 (relevância=0.013): 10 eventos [view, search, add_to_cart], último em ts=1703412260
- ent_33 (relevância=0.012): 20 eventos [view, search, purchase], último em ts=1703390750"
cust_5351,pesado,last_entity,sessao_memoria,ent_10,,False,malformed,529,"## Contexto do cliente: cust_5351 (turno 0)
Resumo de atividade (244 eventos totais): view: 92, add_to_cart: 58, search: 57, purchase: 21, support_ticket: 16

- ent_37 (relevância=0.051): estado mais recente = view em ts=1703579030 (havia também interações anteriores registradas)
- ent_33 (relevância=0.045): estado mais recente = purchase em ts=1703390750 (havia também interações anteriores registradas)
- ent_6 (relevância=0.042): estado mais recente = search em ts=1703574170 (havia também interações anteriores registradas)"
cust_5351,pesado,last_entity,sessao_memoria_sem_clash,ent_10,,False,malformed,1819,"## Contexto do cliente: cust_5351 (turno 0)
Resumo de atividade (244 eventos totais): view: 92, add_to_cart: 58, search: 57, purchase: 21, support_ticket: 16

- ent_37 (relevância=0.051): view em ts=1703579030; support_ticket em ts=1703257070; add_to_cart em ts=1703167670; search em ts=1702968830; search em ts=1702872680; add_to_cart em ts=1702702820; add_to_cart em ts=1702690580; view em ts=1702653380; add_to_cart em ts=1702430030; purchase em ts=1701801530; view em ts=1701783890; add_to_cart em ts=1701707210; view em ts=1701553520; add_to_cart em ts=1701310940; support_ticket em ts=1701122000; view em ts=1700999990; view em ts=1700385950; search em ts=1700241200; search em ts=1700218670
- ent_33 (relevância=0.045): purchase em ts=1703390750; search em ts=1703324570; view em ts=1702955390; search em ts=1702783640; add_to_cart em ts=1702616090; view em ts=1702440950; add_to_cart em ts=1702330490; purchase em ts=1702237850; view em ts=1701808010; view em ts=1701799130; purchase em ts=1701796070; search em ts=1701630860; purchase em ts=1701337250; add_to_cart em ts=1701088760; search em ts=1701061730; view em ts=1700953190; add_to_cart em ts=1700709350; view em ts=1700686160; search em ts=1700376830; view em ts=1700017880
- ent_6 (relevância=0.042): search em ts=1703574170; view em ts=1703553020; add_to_cart em ts=1703401400; search em ts=1703357300; view em ts=1702851050; view em ts=1702744820; add_to_cart em ts=1702678520; view em ts=1702545860; view em ts=1702280570; purchase em ts=1701985280; view em ts=1701910940; view em ts=1701513260; view em ts=1701492290; search em ts=1701441080; search em ts=1701311660; view em ts=1701013160; support_ticket em ts=1700638100; view em ts=1700567030; search em ts=1700338280; add_to_cart em ts=1700247920; view em ts=1700242820; search em ts=1700046440"
cust_5313,pesado,last_entity,sem_retrieval,ent_56,,False,malformed,64,Nenhuma informação adicional sobre este cliente está disponível.
cust_5313,pesado,last_entity,contexto_completo,ent_56,ent_56,True,correct,1805,"Histórico completo de eventos do cliente cust_5313 (24 eventos):
- Evento: interação com ent_4 via add_to_cart em ts=1703589740 (canal=web)
- Evento: interação com ent_37 via view em ts=1703046290 (canal=web)
- Evento: interação com ent_56 via search em ts=1703040860 (canal=web)
- Evento: interação com ent_56 via add_to_cart em ts=1702886840 (canal=web)
- Evento: interação com ent_37 via search em ts=1702861190 (canal=web)
- Evento: interação com ent_56 via purchase em ts=1702754180 (canal=web)
- Evento: interação com ent_2 via add_to_cart em ts=1702724420 (canal=web)
- Evento: interação com ent_56 via add_to_cart em ts=1702566650 (canal=web)
- Evento: interação com ent_37 via view em ts=1702517330 (canal=web)
- Evento: interação com ent_8 via view em ts=1702149560 (canal=web)
- Evento: interação com ent_36 via view em ts=1702004390 (canal=web)
- Evento: interação com ent_41 via support_ticket em ts=1701988760 (canal=web)
- Evento: interação com ent_57 via add_to_cart em ts=1701490490 (canal=web)
- Evento: interação com ent_8 via support_ticket em ts=1701268610 (canal=web)
- Evento: interação com ent_38 via view em ts=1701259490 (canal=web)
- Evento: interação com ent_14 via search em ts=1701177590 (canal=web)
- Evento: interação com ent_6 via add_to_cart em ts=1700864300 (canal=web)
- Evento: interação com ent_37 via search em ts=1700450900 (canal=web)
- Evento: interação com ent_47 via search em ts=1700382950 (canal=web)
- Evento: interação com ent_14 via purchase em ts=1700254520 (canal=web)
- Evento: interação com ent_2 via view em ts=1700202170 (canal=web)
- Evento: interação com ent_28 via view em ts=1700185850 (canal=web)
- Evento: interação com ent_43 via purchase em ts=1700146880 (canal=web)
- Evento: interação com ent_57 via add_to_cart em ts=1700124260 (canal=web)"
cust_5313,pesado,last_entity,topk_estatico,ent_56,ent_56,True,correct,264,"## Contexto do cliente: cust_5313 (top-3 por frequência)
- ent_37 (4 interações) [view, search], último em ts=1703046290
- ent_56 (4 interações) [add_to_cart, search, purchase], último em ts=1703040860
- ent_57 (2 interações) [add_to_cart], último em ts=1701490490"
cust_5313,pesado,last_entity,hibrido_sob_demanda,ent_56,ent_56,True,correct,511,"## Contexto do cliente: cust_5313
Canais com atividade encontrada: 1 (web)
Resumo de atividade (24 eventos totais): add_to_cart: 7, view: 7, search: 5, purchase: 3, support_ticket: 2

### Entidades mais relevantes (ranqueadas por PageRank personalizado)
- ent_37 (relevância=0.021): 4 eventos [view, search], último em ts=1703046290
- ent_56 (relevância=0.018): 4 eventos [add_to_cart, search, purchase], último em ts=1703040860
- ent_14 (relevância=0.014): 2 eventos [search, purchase], último em ts=1701177590"
cust_5313,pesado,last_entity,sessao_memoria,ent_56,ent_56,True,correct,477,"## Contexto do cliente: cust_5313 (turno 0)
Resumo de atividade (24 eventos totais): add_to_cart: 7, view: 7, search: 5, purchase: 3, support_ticket: 2

- ent_37 (relevância=0.065): estado mais recente = view em ts=1703046290 (havia também interações anteriores registradas)
- ent_56 (relevância=0.062): estado mais recente = search em ts=1703040860 (havia também interações anteriores registradas)
- ent_4 (relevância=0.031): estado mais recente = add_to_cart em ts=1703589740"
cust_5313,pesado,last_entity,sessao_memoria_sem_clash,ent_56,ent_56,True,correct,473,"## Contexto do cliente: cust_5313 (turno 0)
Resumo de atividade (24 eventos totais): add_to_cart: 7, view: 7, search: 5, purchase: 3, support_ticket: 2

- ent_37 (relevância=0.065): view em ts=1703046290; search em ts=1702861190; view em ts=1702517330; search em ts=1700450900
- ent_56 (relevância=0.062): search em ts=1703040860; add_to_cart em ts=1702886840; purchase em ts=1702754180; add_to_cart em ts=1702566650
- ent_4 (relevância=0.031): add_to_cart em ts=1703589740"
cust_2906,pesado,last_entity,sem_retrieval,ent_2,,False,malformed,64,Nenhuma informação adicional sobre este cliente está disponível.
cust_2906,pesado,last_entity,contexto_completo,ent_2,ent_2,True,correct,4539,"Histórico completo de eventos do cliente cust_2906 (62 eventos):
- Evento: interação com ent_2 via view em ts=1703575340 (canal=web)
- Evento: interação com ent_37 via support_ticket em ts=1703513930 (canal=web)
- Evento: interação com ent_7 via search em ts=1703454800 (canal=app)
- Evento: interação com ent_28 via purchase em ts=1703416850 (canal=web)
- Evento: interação com ent_42 via search em ts=1703396780 (canal=web)
- Evento: interação com ent_8 via add_to_cart em ts=1703327600 (canal=web)
- Evento: interação com ent_7 via view em ts=1703239610 (canal=app)
- Evento: interação com ent_46 via support_ticket em ts=1703143310 (canal=app)
- Evento: interação com ent_32 via add_to_cart em ts=1703077010 (canal=web)
- Evento: interação com ent_15 via view em ts=1703018960 (canal=app)
- Evento: interação com ent_42 via purchase em ts=1702988720 (canal=app)
- Evento: interação com ent_15 via support_ticket em ts=1702984010 (canal=web)
- Evento: interação com ent_38 via search em ts=1702947470 (canal=app)
- Evento: interação com ent_8 via search em ts=1702873880 (canal=web)
- Evento: interação com ent_37 via view em ts=1702791650 (canal=app)
- Evento: interação com ent_36 via purchase em ts=1702779170 (canal=app)
- Evento: interação com ent_14 via search em ts=1702712480 (canal=web)
- Evento: interação com ent_32 via view em ts=1702632560 (canal=web)
- Evento: interação com ent_50 via view em ts=1702600280 (canal=app)
- Evento: interação com ent_15 via view em ts=1702553900 (canal=web)
- Evento: interação com ent_7 via add_to_cart em ts=1702464860 (canal=app)
- Evento: interação com ent_20 via view em ts=1702426910 (canal=web)
- Evento: interação com ent_14 via support_ticket em ts=1702410890 (canal=app)
- Evento: interação com ent_32 via view em ts=1702363520 (canal=app)
- Evento: interação com ent_2 via purchase em ts=1702302740 (canal=app)
- Evento: interação com ent_8 via purchase em ts=1702270910 (canal=app)
- Evento: interação com ent_38 via view em ts=1702220180 (canal=web)
- Evento: interação com ent_14 via view em ts=1702125560 (canal=web)
- Evento: interação com ent_14 via support_ticket em ts=1702071260 (canal=app)
- Evento: interação com ent_14 via view em ts=1702042250 (canal=app)
- Evento: interação com ent_41 via add_to_cart em ts=1702024160 (canal=web)
- Evento: interação com ent_14 via view em ts=1701956270 (canal=app)
- Evento: interação com ent_12 via purchase em ts=1701883130 (canal=app)
- Evento: interação com ent_12 via add_to_cart em ts=1701763730 (canal=app)
- Evento: interação com ent_15 via view em ts=1701658670 (canal=web)
- Evento: interação com ent_7 via view em ts=1701617540 (canal=web)
- Evento: interação com ent_32 via view em ts=1701604070 (canal=app)
- Evento: interação com ent_38 via add_to_cart em ts=1701578510 (canal=web)
- Evento: interação com ent_38 via search em ts=1701562640 (canal=web)
- Evento: interação com ent_8 via view em ts=1701527510 (canal=app)
- Evento: interação com ent_50 via add_to_cart em ts=1701463040 (canal=web)
- Evento: interação com ent_12 via support_ticket em ts=1701393260 (canal=web)
- Evento: interação com ent_20 via view em ts=1701385760 (canal=web)
- Evento: interação com ent_20 via view em ts=1701353150 (canal=app)
- Evento: interação com ent_38 via view em ts=1701281720 (canal=web)
- Evento: interação com ent_41 via view em ts=1701207200 (canal=app)
- Evento: interação com ent_12 via purchase em ts=1701058910 (canal=web)
- Evento: interação com ent_32 via view em ts=1700948660 (canal=app)
- Evento: interação com ent_29 via purchase em ts=1700861690 (canal=app)
- Evento: interação com ent_8 via view em ts=1700732120 (canal=app)
- Evento: interação com ent_2 via search em ts=1700585960 (canal=app)
- Evento: interação com ent_41 via view em ts=1700539490 (canal=app)
- Evento: interação com ent_2 via add_to_cart em ts=1700538020 (canal=app)
- Evento: interação com ent_38 via add_to_cart em ts=1700526350 (canal=web)
- Evento: interação com ent_12 via purchase em ts=1700449070 (canal=web)
- Evento: interação com ent_32 via search em ts=1700395310 (canal=app)
- Evento: interação com ent_57 via support_ticket em ts=1700326310 (canal=app)
- Evento: interação com ent_47 via search em ts=1700150780 (canal=app)
- Evento: interação com ent_50 via support_ticket em ts=1700131670 (canal=web)
- Evento: interação com ent_25 via add_to_cart em ts=1700128070 (canal=app)
- Evento: interação com ent_2 via view em ts=1700106170 (canal=app)
- Evento: interação com ent_41 via add_to_cart em ts=1700026250 (canal=app)"
cust_2906,pesado,last_entity,topk_estatico,ent_2,,False,malformed,290,"## Contexto do cliente: cust_2906 (top-3 por frequência)
- ent_32 (6 interações) [view, add_to_cart, search], último em ts=1703077010
- ent_38 (6 interações) [search, view, add_to_cart], último em ts=1702947470
- ent_14 (6 interações) [view, support_ticket, search], último em ts=1702712480"
cust_2906,pesado,last_entity,hibrido_sob_demanda,ent_2,,False,malformed,534,"## Contexto do cliente: cust_2906
Canais com atividade encontrada: 2 (app, web)
Resumo de atividade (62 eventos totais): view: 25, add_to_cart: 11, search: 9, purchase: 9, support_ticket: 8

### Entidades mais relevantes (ranqueadas por PageRank personalizado)
- ent_14 (relevância=0.015): 6 eventos [view, support_ticket, search], último em ts=1702712480
- ent_38 (relevância=0.014): 6 eventos [search, view, add_to_cart], último em ts=1702947470
- ent_37 (relevância=0.012): 2 eventos [support_ticket, view], último em ts=1703513930"
cust_2906,pesado,last_entity,sessao_memoria,ent_2,,False,malformed,535,"## Contexto do cliente: cust_2906 (turno 0)
Resumo de atividade (62 eventos totais): view: 25, add_to_cart: 11, search: 9, purchase: 9, support_ticket: 8

- ent_14 (relevância=0.055): estado mais recente = search em ts=1702712480 (havia também interações anteriores registradas)
- ent_32 (relevância=0.044): estado mais recente = add_to_cart em ts=1703077010 (havia também interações anteriores registradas)
- ent_8 (relevância=0.041): estado mais recente = add_to_cart em ts=1703327600 (havia também interações anteriores registradas)"
cust_2906,pesado,last_entity,sessao_memoria_sem_clash,ent_2,,False,malformed,672,"## Contexto do cliente: cust_2906 (turno 0)
Resumo de atividade (62 eventos totais): view: 25, add_to_cart: 11, search: 9, purchase: 9, support_ticket: 8

- ent_14 (relevância=0.055): search em ts=1702712480; support_ticket em ts=1702410890; view em ts=1702125560; support_ticket em ts=1702071260; view em ts=1702042250; view em ts=1701956270
- ent_32 (relevância=0.044): add_to_cart em ts=1703077010; view em ts=1702632560; view em ts=1702363520; view em ts=1701604070; view em ts=1700948660; search em ts=1700395310
- ent_8 (relevância=0.041): add_to_cart em ts=1703327600; search em ts=1702873880; purchase em ts=1702270910; view em ts=1701527510; view em ts=1700732120"
cust_2529,pesado,last_entity,sem_retrieval,ent_38,,False,malformed,64,Nenhuma informação adicional sobre este cliente está disponível.
cust_2529,pesado,last_entity,contexto_completo,ent_38,ent_38,True,correct,8678,"Histórico completo de eventos do cliente cust_2529 (120 eventos):
- Evento: interação com ent_8 via view em ts=1703582900 (canal=web)
- Evento: interação com ent_18 via view em ts=1703573360 (canal=web)
- Evento: interação com ent_38 via add_to_cart em ts=1703554400 (canal=web)
- Evento: interação com ent_55 via add_to_cart em ts=1703541170 (canal=web)
- Evento: interação com ent_4 via search em ts=1703541050 (canal=web)
- Evento: interação com ent_37 via view em ts=1703516900 (canal=web)
- Evento: interação com ent_18 via support_ticket em ts=1703509010 (canal=web)
- Evento: interação com ent_57 via purchase em ts=1703501690 (canal=web)
- Evento: interação com ent_57 via view em ts=1703484140 (canal=web)
- Evento: interação com ent_18 via search em ts=1703456270 (canal=web)
- Evento: interação com ent_38 via view em ts=1703451590 (canal=web)
- Evento: interação com ent_48 via search em ts=1703449340 (canal=web)
- Evento: interação com ent_38 via support_ticket em ts=1703417060 (canal=web)
- Evento: interação com ent_9 via view em ts=1703402300 (canal=web)
- Evento: interação com ent_2 via view em ts=1703401310 (canal=web)
- Evento: interação com ent_2 via view em ts=1703371310 (canal=web)
- Evento: interação com ent_8 via purchase em ts=1703348660 (canal=web)
- Evento: interação com ent_2 via search em ts=1703348570 (canal=web)
- Evento: interação com ent_16 via add_to_cart em ts=1703333360 (canal=web)
- Evento: interação com ent_14 via support_ticket em ts=1703328080 (canal=web)
- Evento: interação com ent_36 via add_to_cart em ts=1703312000 (canal=web)
- Evento: interação com ent_37 via view em ts=1703279150 (canal=web)
- Evento: interação com ent_28 via purchase em ts=1703268500 (canal=web)
- Evento: interação com ent_38 via view em ts=1703190200 (canal=web)
- Evento: interação com ent_9 via search em ts=1703157500 (canal=web)
- Evento: interação com ent_15 via add_to_cart em ts=1703154410 (canal=web)
- Evento: interação com ent_55 via search em ts=1703148650 (canal=web)
- Evento: interação com ent_55 via view em ts=1703146010 (canal=web)
- Evento: interação com ent_38 via search em ts=1703129420 (canal=web)
- Evento: interação com ent_55 via add_to_cart em ts=1703128310 (canal=web)
- Evento: interação com ent_55 via purchase em ts=1703117030 (canal=web)
- Evento: interação com ent_57 via view em ts=1703092220 (canal=web)
- Evento: interação com ent_57 via view em ts=1703067710 (canal=web)
- Evento: interação com ent_57 via view em ts=1703031560 (canal=web)
- Evento: interação com ent_56 via search em ts=1703027750 (canal=web)
- Evento: interação com ent_40 via add_to_cart em ts=1703021360 (canal=web)
- Evento: interação com ent_38 via add_to_cart em ts=1703003120 (canal=web)
- Evento: interação com ent_35 via view em ts=1702993910 (canal=web)
- Evento: interação com ent_37 via add_to_cart em ts=1702992380 (canal=web)
- Evento: interação com ent_2 via purchase em ts=1702982150 (canal=web)
- Evento: interação com ent_18 via search em ts=1702955270 (canal=web)
- Evento: interação com ent_38 via view em ts=1702877000 (canal=web)
- Evento: interação com ent_9 via view em ts=1702860710 (canal=web)
- Evento: interação com ent_4 via add_to_cart em ts=1702827320 (canal=web)
- Evento: interação com ent_37 via view em ts=1702824770 (canal=web)
- Evento: interação com ent_2 via view em ts=1702814960 (canal=web)
- Evento: interação com ent_55 via view em ts=1702806590 (canal=web)
- Evento: interação com ent_25 via add_to_cart em ts=1702794920 (canal=web)
- Evento: interação com ent_48 via view em ts=1702777310 (canal=web)
- Evento: interação com ent_38 via view em ts=1702774280 (canal=web)
- Evento: interação com ent_38 via view em ts=1702773440 (canal=web)
- Evento: interação com ent_48 via view em ts=1702772930 (canal=web)
- Evento: interação com ent_28 via view em ts=1702748000 (canal=web)
- Evento: interação com ent_52 via view em ts=1702713710 (canal=web)
- Evento: interação com ent_14 via add_to_cart em ts=1702713200 (canal=web)
- Evento: interação com ent_8 via search em ts=1702708100 (canal=web)
- Evento: interação com ent_4 via add_to_cart em ts=1702696970 (canal=web)
- Evento: interação com ent_55 via search em ts=1702684280 (canal=web)
- Evento: interação com ent_14 via search em ts=1702674980 (canal=web)
- Evento: interação com ent_2 via search em ts=1702668380 (canal=web)
- Evento: interação com ent_22 via view em ts=1702631780 (canal=web)
- Evento: interação com ent_8 via search em ts=1702623080 (canal=web)
- Evento: interação com ent_37 via add_to_cart em ts=1702622630 (canal=web)
- Evento: interação com ent_56 via add_to_cart em ts=1702560650 (canal=web)
- Evento: interação com ent_28 via add_to_cart em ts=1702546430 (canal=web)
- Evento: interação com ent_55 via view em ts=1702544810 (canal=web)
- Evento: interação com ent_55 via add_to_cart em ts=1702534640 (canal=web)
- Evento: interação com ent_18 via view em ts=1702511120 (canal=web)
- Evento: interação com ent_9 via support_ticket em ts=1702502300 (canal=web)
- Evento: interação com ent_14 via purchase em ts=1702484930 (canal=web)
- Evento: interação com ent_14 via view em ts=1702466660 (canal=web)
- Evento: interação com ent_56 via add_to_cart em ts=1702466420 (canal=web)
- Evento: interação com ent_36 via view em ts=1702457390 (canal=web)
- Evento: interação com ent_55 via search em ts=1702442150 (canal=web)
- Evento: interação com ent_10 via search em ts=1702432010 (canal=web)
- Evento: interação com ent_4 via view em ts=1702417430 (canal=web)
- Evento: interação com ent_38 via view em ts=1702413920 (canal=web)
- Evento: interação com ent_26 via view em ts=1702411760 (canal=web)
- Evento: interação com ent_11 via view em ts=1702411730 (canal=web)
- Evento: interação com ent_18 via search em ts=1702374110 (canal=web)
- Evento: interação com ent_40 via add_to_cart em ts=1702328540 (canal=web)
- Evento: interação com ent_55 via search em ts=1702311290 (canal=web)
- Evento: interação com ent_9 via search em ts=1702308590 (canal=web)
- Evento: interação com ent_56 via view em ts=1702305260 (canal=web)
- Evento: interação com ent_19 via add_to_cart em ts=1702293680 (canal=web)
- Evento: interação com ent_18 via view em ts=1702260620 (canal=web)
- Evento: interação com ent_14 via view em ts=1702249070 (canal=web)
- Evento: interação com ent_37 via search em ts=1702246610 (canal=web)
- Evento: interação com ent_48 via add_to_cart em ts=1702193060 (canal=web)
- Evento: interação com ent_38 via add_to_cart em ts=1702170890 (canal=web)
- Evento: interação com ent_18 via view em ts=1702152890 (canal=web)
- Evento: interação com ent_28 via add_to_cart em ts=1702134140 (canal=web)
- Evento: interação com ent_56 via add_to_cart em ts=1702098920 (canal=web)
- Evento: interação com ent_57 via add_to_cart em ts=1702097390 (canal=web)
- Evento: interação com ent_9 via add_to_cart em ts=1702085300 (canal=web)
- Evento: interação com ent_2 via search em ts=1702082810 (canal=web)
- Evento: interação com ent_14 via purchase em ts=1702076330 (canal=web)
- Evento: interação com ent_14 via add_to_cart em ts=1702074920 (canal=web)
- Evento: interação com ent_8 via view em ts=1702061090 (canal=web)
- Evento: interação com ent_8 via view em ts=1702056560 (canal=web)
- Evento: interação com ent_28 via view em ts=1702052690 (canal=web)
- Evento: interação com ent_36 via view em ts=1702041350 (canal=web)
- Evento: interação com ent_36 via add_to_cart em ts=1702033010 (canal=web)
- Evento: interação com ent_34 via view em ts=1702028510 (canal=web)
- Evento: interação com ent_37 via search em ts=1702012580 (canal=web)
- Evento: interação com ent_56 via add_to_cart em ts=1702001360 (canal=web)
- Evento: interação com ent_48 via view em ts=1701999770 (canal=web)
- Evento: interação com ent_5 via view em ts=1701971990 (canal=web)
- Evento: interação com ent_4 via add_to_cart em ts=1701968840 (canal=web)
- Evento: interação com ent_36 via add_to_cart em ts=1701927380 (canal=web)
- Evento: interação com ent_28 via add_to_cart em ts=1701893000 (canal=web)
- Evento: interação com ent_56 via search em ts=1701863990 (canal=web)
- Evento: interação com ent_14 via add_to_cart em ts=1701861530 (canal=web)
- Evento: interação com ent_4 via search em ts=1701859730 (canal=web)
- Evento: interação com ent_55 via view em ts=1701851570 (canal=web)
- Evento: interação com ent_48 via search em ts=1701837830 (canal=web)
- Evento: interação com ent_2 via search em ts=1701819740 (canal=web)
- Evento: interação com ent_9 via view em ts=1701748280 (canal=web)
- Evento: interação com ent_18 via add_to_cart em ts=1701732590 (canal=web)
- Evento: interação com ent_9 via purchase em ts=1701729980 (canal=web)"
cust_2529,pesado,last_entity,topk_estatico,ent_38,ent_38,True,correct,293,"## Contexto do cliente: cust_2529 (top-3 por frequência)
- ent_55 (20 interações) [search, view, add_to_cart], último em ts=1703541170
- ent_38 (19 interações) [view, add_to_cart, search], último em ts=1703554400
- ent_18 (16 interações) [view, search, support_ticket], último em ts=1703573360"
cust_2529,pesado,last_entity,hibrido_sob_demanda,ent_38,,False,malformed,537,"## Contexto do cliente: cust_2529
Canais com atividade encontrada: 1 (web)
Resumo de atividade (211 eventos totais): view: 85, add_to_cart: 50, search: 47, purchase: 18, support_ticket: 11

### Entidades mais relevantes (ranqueadas por PageRank personalizado)
- ent_14 (relevância=0.014): 14 eventos [view, add_to_cart, search], último em ts=1703328080
- ent_37 (relevância=0.012): 11 eventos [view, add_to_cart, search], último em ts=1703516900
- ent_4 (relevância=0.011): 12 eventos [add_to_cart, search, view], último em ts=1703541050"
cust_2529,pesado,last_entity,sessao_memoria,ent_38,ent_38,True,correct,548,"## Contexto do cliente: cust_2529 (turno 0)
Resumo de atividade (211 eventos totais): view: 85, add_to_cart: 50, search: 47, purchase: 18, support_ticket: 11

- ent_14 (relevância=0.047): estado mais recente = support_ticket em ts=1703328080 (havia também interações anteriores registradas)
- ent_55 (relevância=0.045): estado mais recente = add_to_cart em ts=1703541170 (havia também interações anteriores registradas)
- ent_38 (relevância=0.045): estado mais recente = add_to_cart em ts=1703554400 (havia também interações anteriores registradas)"
cust_2529,pesado,last_entity,sessao_memoria_sem_clash,ent_38,ent_38,True,correct,1630,"## Contexto do cliente: cust_2529 (turno 0)
Resumo de atividade (211 eventos totais): view: 85, add_to_cart: 50, search: 47, purchase: 18, support_ticket: 11

- ent_14 (relevância=0.047): support_ticket em ts=1703328080; add_to_cart em ts=1702713200; search em ts=1702674980; purchase em ts=1702484930; view em ts=1702466660; view em ts=1702249070; purchase em ts=1702076330; add_to_cart em ts=1702074920; add_to_cart em ts=1701861530; search em ts=1701383060; view em ts=1700790530; add_to_cart em ts=1700634590; view em ts=1700538410; view em ts=1700219810
- ent_55 (relevância=0.045): add_to_cart em ts=1703541170; search em ts=1703148650; view em ts=1703146010; add_to_cart em ts=1703128310; purchase em ts=1703117030; view em ts=1702806590; search em ts=1702684280; view em ts=1702544810; add_to_cart em ts=1702534640; search em ts=1702442150; search em ts=1702311290; view em ts=1701851570; search em ts=1701566030; add_to_cart em ts=1701237830; view em ts=1700894240; purchase em ts=1700695430; view em ts=1700362790; search em ts=1700215070; add_to_cart em ts=1700087030; purchase em ts=1700072090
- ent_38 (relevância=0.045): add_to_cart em ts=1703554400; view em ts=1703451590; support_ticket em ts=1703417060; view em ts=1703190200; search em ts=1703129420; add_to_cart em ts=1703003120; view em ts=1702877000; view em ts=1702774280; view em ts=1702773440; view em ts=1702413920; add_to_cart em ts=1702170890; add_to_cart em ts=1701440840; view em ts=1701177830; search em ts=1701068240; add_to_cart em ts=1700769350; view em ts=1700310560; add_to_cart em ts=1700198870; search em ts=1700197610; search em ts=1700157470"
cust_5561,pesado,last_entity,sem_retrieval,ent_50,,False,malformed,64,Nenhuma informação adicional sobre este cliente está disponível.
cust_5561,pesado,last_entity,contexto_completo,ent_50,ent_50,True,correct,8759,"Histórico completo de eventos do cliente cust_5561 (120 eventos):
- Evento: interação com ent_2 via search em ts=1703572850 (canal=web)
- Evento: interação com ent_50 via add_to_cart em ts=1703562380 (canal=web)
- Evento: interação com ent_13 via view em ts=1703554790 (canal=web)
- Evento: interação com ent_7 via support_ticket em ts=1703510480 (canal=web)
- Evento: interação com ent_37 via search em ts=1703502710 (canal=web)
- Evento: interação com ent_20 via add_to_cart em ts=1703479460 (canal=web)
- Evento: interação com ent_8 via view em ts=1703442110 (canal=web)
- Evento: interação com ent_7 via purchase em ts=1703428610 (canal=web)
- Evento: interação com ent_15 via view em ts=1703415020 (canal=web)
- Evento: interação com ent_1 via view em ts=1703404940 (canal=web)
- Evento: interação com ent_12 via search em ts=1703370770 (canal=web)
- Evento: interação com ent_32 via search em ts=1703365340 (canal=web)
- Evento: interação com ent_7 via view em ts=1703363420 (canal=web)
- Evento: interação com ent_15 via support_ticket em ts=1703363030 (canal=web)
- Evento: interação com ent_41 via view em ts=1703362670 (canal=web)
- Evento: interação com ent_32 via search em ts=1703339180 (canal=web)
- Evento: interação com ent_38 via support_ticket em ts=1703325050 (canal=web)
- Evento: interação com ent_12 via support_ticket em ts=1703307140 (canal=web)
- Evento: interação com ent_46 via search em ts=1703297810 (canal=web)
- Evento: interação com ent_46 via view em ts=1703289080 (canal=web)
- Evento: interação com ent_38 via search em ts=1703285630 (canal=web)
- Evento: interação com ent_15 via add_to_cart em ts=1703279540 (canal=web)
- Evento: interação com ent_22 via view em ts=1703272280 (canal=web)
- Evento: interação com ent_12 via add_to_cart em ts=1703271740 (canal=web)
- Evento: interação com ent_8 via search em ts=1703269310 (canal=web)
- Evento: interação com ent_20 via add_to_cart em ts=1703260910 (canal=web)
- Evento: interação com ent_12 via view em ts=1703259860 (canal=web)
- Evento: interação com ent_38 via view em ts=1703252990 (canal=web)
- Evento: interação com ent_20 via view em ts=1703240360 (canal=web)
- Evento: interação com ent_42 via add_to_cart em ts=1703209940 (canal=web)
- Evento: interação com ent_25 via view em ts=1703207570 (canal=web)
- Evento: interação com ent_20 via add_to_cart em ts=1703204840 (canal=web)
- Evento: interação com ent_20 via view em ts=1703194340 (canal=web)
- Evento: interação com ent_42 via add_to_cart em ts=1703190680 (canal=web)
- Evento: interação com ent_42 via support_ticket em ts=1703172110 (canal=web)
- Evento: interação com ent_46 via support_ticket em ts=1703162510 (canal=web)
- Evento: interação com ent_32 via search em ts=1703114000 (canal=web)
- Evento: interação com ent_38 via view em ts=1703112320 (canal=web)
- Evento: interação com ent_20 via view em ts=1703112290 (canal=web)
- Evento: interação com ent_46 via add_to_cart em ts=1703109410 (canal=web)
- Evento: interação com ent_14 via view em ts=1703089100 (canal=web)
- Evento: interação com ent_42 via search em ts=1703085050 (canal=web)
- Evento: interação com ent_46 via add_to_cart em ts=1703065340 (canal=web)
- Evento: interação com ent_8 via add_to_cart em ts=1703062610 (canal=web)
- Evento: interação com ent_7 via search em ts=1703051870 (canal=web)
- Evento: interação com ent_46 via view em ts=1702984550 (canal=web)
- Evento: interação com ent_38 via view em ts=1702974410 (canal=web)
- Evento: interação com ent_44 via view em ts=1702906670 (canal=web)
- Evento: interação com ent_14 via support_ticket em ts=1702865660 (canal=web)
- Evento: interação com ent_2 via search em ts=1702850150 (canal=web)
- Evento: interação com ent_32 via search em ts=1702849160 (canal=web)
- Evento: interação com ent_37 via view em ts=1702827050 (canal=web)
- Evento: interação com ent_13 via view em ts=1702815950 (canal=web)
- Evento: interação com ent_37 via view em ts=1702815800 (canal=web)
- Evento: interação com ent_42 via add_to_cart em ts=1702779800 (canal=web)
- Evento: interação com ent_8 via purchase em ts=1702750040 (canal=web)
- Evento: interação com ent_46 via purchase em ts=1702717520 (canal=web)
- Evento: interação com ent_7 via view em ts=1702688150 (canal=web)
- Evento: interação com ent_14 via add_to_cart em ts=1702678010 (canal=web)
- Evento: interação com ent_50 via search em ts=1702649480 (canal=web)
- Evento: interação com ent_14 via view em ts=1702616630 (canal=web)
- Evento: interação com ent_41 via support_ticket em ts=1702609040 (canal=web)
- Evento: interação com ent_32 via search em ts=1702597790 (canal=web)
- Evento: interação com ent_8 via add_to_cart em ts=1702576850 (canal=web)
- Evento: interação com ent_16 via add_to_cart em ts=1702573820 (canal=web)
- Evento: interação com ent_14 via search em ts=1702567760 (canal=web)
- Evento: interação com ent_32 via add_to_cart em ts=1702532270 (canal=web)
- Evento: interação com ent_50 via purchase em ts=1702498730 (canal=web)
- Evento: interação com ent_8 via add_to_cart em ts=1702492160 (canal=web)
- Evento: interação com ent_42 via add_to_cart em ts=1702483580 (canal=web)
- Evento: interação com ent_52 via view em ts=1702481060 (canal=web)
- Evento: interação com ent_46 via add_to_cart em ts=1702404740 (canal=web)
- Evento: interação com ent_14 via view em ts=1702354640 (canal=web)
- Evento: interação com ent_20 via add_to_cart em ts=1702336520 (canal=web)
- Evento: interação com ent_12 via search em ts=1702332110 (canal=web)
- Evento: interação com ent_38 via search em ts=1702330220 (canal=web)
- Evento: interação com ent_14 via purchase em ts=1702306670 (canal=web)
- Evento: interação com ent_20 via add_to_cart em ts=1702301300 (canal=web)
- Evento: interação com ent_38 via search em ts=1702287890 (canal=web)
- Evento: interação com ent_18 via add_to_cart em ts=1702276070 (canal=web)
- Evento: interação com ent_26 via add_to_cart em ts=1702232780 (canal=web)
- Evento: interação com ent_15 via search em ts=1702224770 (canal=web)
- Evento: interação com ent_42 via view em ts=1702220630 (canal=web)
- Evento: interação com ent_54 via view em ts=1702216160 (canal=web)
- Evento: interação com ent_32 via view em ts=1702210730 (canal=web)
- Evento: interação com ent_50 via search em ts=1702200050 (canal=web)
- Evento: interação com ent_14 via search em ts=1702188380 (canal=web)
- Evento: interação com ent_20 via add_to_cart em ts=1702186310 (canal=web)
- Evento: interação com ent_41 via purchase em ts=1702162850 (canal=web)
- Evento: interação com ent_7 via add_to_cart em ts=1702150580 (canal=web)
- Evento: interação com ent_50 via view em ts=1702105580 (canal=web)
- Evento: interação com ent_2 via view em ts=1702104350 (canal=web)
- Evento: interação com ent_38 via view em ts=1702098080 (canal=web)
- Evento: interação com ent_12 via search em ts=1702071890 (canal=web)
- Evento: interação com ent_12 via view em ts=1702044620 (canal=web)
- Evento: interação com ent_12 via add_to_cart em ts=1702002410 (canal=web)
- Evento: interação com ent_37 via view em ts=1701980750 (canal=web)
- Evento: interação com ent_7 via add_to_cart em ts=1701976820 (canal=web)
- Evento: interação com ent_12 via search em ts=1701973700 (canal=web)
- Evento: interação com ent_20 via support_ticket em ts=1701972950 (canal=web)
- Evento: interação com ent_50 via support_ticket em ts=1701955040 (canal=web)
- Evento: interação com ent_50 via search em ts=1701947630 (canal=web)
- Evento: interação com ent_32 via add_to_cart em ts=1701942050 (canal=web)
- Evento: interação com ent_20 via search em ts=1701935990 (canal=web)
- Evento: interação com ent_35 via add_to_cart em ts=1701930560 (canal=web)
- Evento: interação com ent_7 via view em ts=1701922520 (canal=web)
- Evento: interação com ent_32 via view em ts=1701913130 (canal=web)
- Evento: interação com ent_22 via support_ticket em ts=1701896690 (canal=web)
- Evento: interação com ent_50 via search em ts=1701865160 (canal=web)
- Evento: interação com ent_7 via view em ts=1701857870 (canal=web)
- Evento: interação com ent_22 via view em ts=1701846470 (canal=web)
- Evento: interação com ent_41 via view em ts=1701841040 (canal=web)
- Evento: interação com ent_46 via support_ticket em ts=1701814940 (canal=web)
- Evento: interação com ent_20 via view em ts=1701783590 (canal=web)
- Evento: interação com ent_41 via search em ts=1701771470 (canal=web)
- Evento: interação com ent_15 via add_to_cart em ts=1701759440 (canal=web)
- Evento: interação com ent_7 via add_to_cart em ts=1701745370 (canal=web)
- Evento: interação com ent_21 via support_ticket em ts=1701735290 (canal=web)
- Evento: interação com ent_29 via add_to_cart em ts=1701735110 (canal=web)
- Evento: interação com ent_37 via view em ts=1701719960 (canal=web)"
cust_5561,pesado,last_entity,topk_estatico,ent_50,,False,malformed,300,"## Contexto do cliente: cust_5561 (top-3 por frequência)
- ent_20 (19 interações) [add_to_cart, view, support_ticket], último em ts=1703479460
- ent_7 (18 interações) [view, support_ticket, search], último em ts=1703510480
- ent_14 (16 interações) [search, view, add_to_cart], último em ts=1703089100"
cust_5561,pesado,last_entity,hibrido_sob_demanda,ent_50,,False,malformed,525,"## Contexto do cliente: cust_5561
Canais com atividade encontrada: 1 (web)
Resumo de atividade (211 eventos totais): view: 78, add_to_cart: 52, search: 49, purchase: 16, support_ticket: 16

### Entidades mais relevantes (ranqueadas por PageRank personalizado)
- ent_14 (relevância=0.014): 16 eventos [search, view, add_to_cart], último em ts=1703089100
- ent_46 (relevância=0.013): 15 eventos [add_to_cart, view, search], último em ts=1703297810
- ent_37 (relevância=0.011): 11 eventos [view, search], último em ts=1703502710"
cust_5561,pesado,last_entity,sessao_memoria,ent_50,,False,malformed,533,"## Contexto do cliente: cust_5561 (turno 0)
Resumo de atividade (211 eventos totais): view: 78, add_to_cart: 52, search: 49, purchase: 16, support_ticket: 16

- ent_14 (relevância=0.049): estado mais recente = view em ts=1703089100 (havia também interações anteriores registradas)
- ent_46 (relevância=0.046): estado mais recente = search em ts=1703297810 (havia também interações anteriores registradas)
- ent_20 (relevância=0.043): estado mais recente = add_to_cart em ts=1703479460 (havia também interações anteriores registradas)"
cust_5561,pesado,last_entity,sessao_memoria_sem_clash,ent_50,,False,malformed,1587,"## Contexto do cliente: cust_5561 (turno 0)
Resumo de atividade (211 eventos totais): view: 78, add_to_cart: 52, search: 49, purchase: 16, support_ticket: 16

- ent_14 (relevância=0.049): view em ts=1703089100; support_ticket em ts=1702865660; add_to_cart em ts=1702678010; view em ts=1702616630; search em ts=1702567760; view em ts=1702354640; purchase em ts=1702306670; search em ts=1702188380; search em ts=1701255320; add_to_cart em ts=1701029720; search em ts=1700809490; view em ts=1700633240; search em ts=1700571680; purchase em ts=1700507960; view em ts=1700271110; search em ts=1700090300
- ent_46 (relevância=0.046): search em ts=1703297810; view em ts=1703289080; support_ticket em ts=1703162510; add_to_cart em ts=1703109410; add_to_cart em ts=1703065340; view em ts=1702984550; purchase em ts=1702717520; add_to_cart em ts=1702404740; support_ticket em ts=1701814940; search em ts=1701609020; add_to_cart em ts=1701312260; view em ts=1700934920; view em ts=1700062610; search em ts=1700060810; add_to_cart em ts=1700030750
- ent_20 (relevância=0.043): add_to_cart em ts=1703479460; add_to_cart em ts=1703260910; view em ts=1703240360; add_to_cart em ts=1703204840; view em ts=1703194340; view em ts=1703112290; add_to_cart em ts=1702336520; add_to_cart em ts=1702301300; add_to_cart em ts=1702186310; support_ticket em ts=1701972950; search em ts=1701935990; view em ts=1701783590; view em ts=1701593420; add_to_cart em ts=1701582140; add_to_cart em ts=1701226610; purchase em ts=1700212520; add_to_cart em ts=1700199680; add_to_cart em ts=1700169080; view em ts=1700057930"
cust_1104,pesado,last_entity,sem_retrieval,ent_39,,False,malformed,64,Nenhuma informação adicional sobre este cliente está disponível.
cust_1104,pesado,last_entity,contexto_completo,ent_39,ent_39,True,correct,8695,"Histórico completo de eventos do cliente cust_1104 (120 eventos):
- Evento: interação com ent_39 via view em ts=1703584190 (canal=app)
- Evento: interação com ent_14 via search em ts=1703579330 (canal=app)
- Evento: interação com ent_47 via view em ts=1703551700 (canal=app)
- Evento: interação com ent_23 via support_ticket em ts=1703543030 (canal=web)
- Evento: interação com ent_52 via search em ts=1703531060 (canal=app)
- Evento: interação com ent_1 via view em ts=1703499290 (canal=web)
- Evento: interação com ent_19 via view em ts=1703460500 (canal=web)
- Evento: interação com ent_14 via view em ts=1703451860 (canal=web)
- Evento: interação com ent_26 via search em ts=1703450660 (canal=app)
- Evento: interação com ent_31 via view em ts=1703379530 (canal=web)
- Evento: interação com ent_47 via add_to_cart em ts=1703377580 (canal=web)
- Evento: interação com ent_14 via view em ts=1703374340 (canal=app)
- Evento: interação com ent_31 via add_to_cart em ts=1703358800 (canal=app)
- Evento: interação com ent_33 via view em ts=1703317220 (canal=app)
- Evento: interação com ent_22 via view em ts=1703305280 (canal=app)
- Evento: interação com ent_52 via add_to_cart em ts=1703291300 (canal=web)
- Evento: interação com ent_37 via view em ts=1703264060 (canal=app)
- Evento: interação com ent_37 via search em ts=1703262650 (canal=app)
- Evento: interação com ent_51 via view em ts=1703249750 (canal=app)
- Evento: interação com ent_19 via search em ts=1703217620 (canal=app)
- Evento: interação com ent_47 via search em ts=1703179460 (canal=web)
- Evento: interação com ent_47 via view em ts=1703172860 (canal=web)
- Evento: interação com ent_14 via view em ts=1703171240 (canal=web)
- Evento: interação com ent_52 via view em ts=1703159000 (canal=web)
- Evento: interação com ent_51 via search em ts=1703081780 (canal=web)
- Evento: interação com ent_33 via view em ts=1703081570 (canal=web)
- Evento: interação com ent_14 via search em ts=1703078810 (canal=web)
- Evento: interação com ent_52 via view em ts=1703051840 (canal=web)
- Evento: interação com ent_27 via add_to_cart em ts=1703039630 (canal=app)
- Evento: interação com ent_14 via purchase em ts=1703037200 (canal=web)
- Evento: interação com ent_14 via add_to_cart em ts=1703034620 (canal=web)
- Evento: interação com ent_51 via view em ts=1703033510 (canal=app)
- Evento: interação com ent_27 via search em ts=1703004860 (canal=web)
- Evento: interação com ent_31 via view em ts=1702987250 (canal=web)
- Evento: interação com ent_37 via view em ts=1702944530 (canal=app)
- Evento: interação com ent_22 via view em ts=1702909400 (canal=app)
- Evento: interação com ent_17 via view em ts=1702874990 (canal=app)
- Evento: interação com ent_30 via purchase em ts=1702871990 (canal=app)
- Evento: interação com ent_36 via view em ts=1702866320 (canal=app)
- Evento: interação com ent_51 via add_to_cart em ts=1702852340 (canal=app)
- Evento: interação com ent_1 via view em ts=1702844810 (canal=web)
- Evento: interação com ent_22 via purchase em ts=1702831520 (canal=app)
- Evento: interação com ent_1 via add_to_cart em ts=1702702160 (canal=app)
- Evento: interação com ent_57 via add_to_cart em ts=1702682240 (canal=app)
- Evento: interação com ent_52 via view em ts=1702679420 (canal=app)
- Evento: interação com ent_15 via add_to_cart em ts=1702597490 (canal=web)
- Evento: interação com ent_31 via purchase em ts=1702586960 (canal=web)
- Evento: interação com ent_1 via search em ts=1702585790 (canal=web)
- Evento: interação com ent_27 via view em ts=1702578110 (canal=app)
- Evento: interação com ent_19 via purchase em ts=1702558340 (canal=web)
- Evento: interação com ent_14 via view em ts=1702558100 (canal=app)
- Evento: interação com ent_33 via add_to_cart em ts=1702525670 (canal=app)
- Evento: interação com ent_1 via view em ts=1702513670 (canal=app)
- Evento: interação com ent_30 via search em ts=1702484900 (canal=app)
- Evento: interação com ent_33 via view em ts=1702458380 (canal=app)
- Evento: interação com ent_57 via view em ts=1702440410 (canal=app)
- Evento: interação com ent_57 via view em ts=1702432160 (canal=app)
- Evento: interação com ent_19 via search em ts=1702421510 (canal=web)
- Evento: interação com ent_52 via support_ticket em ts=1702416170 (canal=web)
- Evento: interação com ent_27 via view em ts=1702401080 (canal=web)
- Evento: interação com ent_29 via support_ticket em ts=1702396070 (canal=web)
- Evento: interação com ent_31 via add_to_cart em ts=1702384790 (canal=app)
- Evento: interação com ent_1 via view em ts=1702347230 (canal=web)
- Evento: interação com ent_11 via purchase em ts=1702336040 (canal=web)
- Evento: interação com ent_52 via view em ts=1702333190 (canal=app)
- Evento: interação com ent_30 via view em ts=1702273460 (canal=app)
- Evento: interação com ent_14 via view em ts=1702273160 (canal=app)
- Evento: interação com ent_33 via search em ts=1702270460 (canal=app)
- Evento: interação com ent_14 via search em ts=1702267610 (canal=app)
- Evento: interação com ent_31 via view em ts=1702263110 (canal=web)
- Evento: interação com ent_22 via support_ticket em ts=1702262450 (canal=web)
- Evento: interação com ent_37 via add_to_cart em ts=1702261700 (canal=web)
- Evento: interação com ent_31 via view em ts=1702258700 (canal=web)
- Evento: interação com ent_31 via view em ts=1702248680 (canal=web)
- Evento: interação com ent_19 via search em ts=1702209020 (canal=web)
- Evento: interação com ent_1 via add_to_cart em ts=1702190810 (canal=app)
- Evento: interação com ent_22 via add_to_cart em ts=1702190000 (canal=web)
- Evento: interação com ent_19 via support_ticket em ts=1702160360 (canal=web)
- Evento: interação com ent_37 via view em ts=1702137710 (canal=web)
- Evento: interação com ent_1 via view em ts=1702136180 (canal=app)
- Evento: interação com ent_47 via add_to_cart em ts=1702126160 (canal=app)
- Evento: interação com ent_37 via support_ticket em ts=1702106390 (canal=app)
- Evento: interação com ent_31 via support_ticket em ts=1702095320 (canal=app)
- Evento: interação com ent_16 via view em ts=1702087190 (canal=app)
- Evento: interação com ent_51 via search em ts=1702003400 (canal=web)
- Evento: interação com ent_47 via add_to_cart em ts=1701999170 (canal=app)
- Evento: interação com ent_19 via view em ts=1701978380 (canal=web)
- Evento: interação com ent_52 via view em ts=1701923690 (canal=app)
- Evento: interação com ent_37 via search em ts=1701877940 (canal=app)
- Evento: interação com ent_41 via add_to_cart em ts=1701864260 (canal=app)
- Evento: interação com ent_51 via add_to_cart em ts=1701797150 (canal=app)
- Evento: interação com ent_19 via view em ts=1701789710 (canal=web)
- Evento: interação com ent_32 via view em ts=1701773450 (canal=web)
- Evento: interação com ent_57 via view em ts=1701761030 (canal=web)
- Evento: interação com ent_19 via search em ts=1701736310 (canal=web)
- Evento: interação com ent_30 via view em ts=1701708380 (canal=app)
- Evento: interação com ent_30 via search em ts=1701620930 (canal=web)
- Evento: interação com ent_51 via support_ticket em ts=1701609440 (canal=web)
- Evento: interação com ent_50 via purchase em ts=1701604310 (canal=web)
- Evento: interação com ent_39 via search em ts=1701576860 (canal=app)
- Evento: interação com ent_30 via add_to_cart em ts=1701559550 (canal=web)
- Evento: interação com ent_37 via add_to_cart em ts=1701548510 (canal=app)
- Evento: interação com ent_31 via search em ts=1701538250 (canal=app)
- Evento: interação com ent_35 via search em ts=1701533900 (canal=app)
- Evento: interação com ent_30 via view em ts=1701486650 (canal=app)
- Evento: interação com ent_37 via view em ts=1701480890 (canal=app)
- Evento: interação com ent_27 via view em ts=1701475970 (canal=web)
- Evento: interação com ent_57 via add_to_cart em ts=1701457310 (canal=app)
- Evento: interação com ent_14 via search em ts=1701449660 (canal=app)
- Evento: interação com ent_27 via support_ticket em ts=1701392960 (canal=web)
- Evento: interação com ent_57 via add_to_cart em ts=1701372950 (canal=web)
- Evento: interação com ent_47 via view em ts=1701306920 (canal=app)
- Evento: interação com ent_19 via search em ts=1701258170 (canal=web)
- Evento: interação com ent_33 via add_to_cart em ts=1701236720 (canal=app)
- Evento: interação com ent_51 via view em ts=1701188570 (canal=web)
- Evento: interação com ent_48 via support_ticket em ts=1701145010 (canal=app)
- Evento: interação com ent_55 via support_ticket em ts=1701122780 (canal=web)
- Evento: interação com ent_14 via add_to_cart em ts=1701092120 (canal=web)
- Evento: interação com ent_27 via view em ts=1701087140 (canal=web)
- Evento: interação com ent_14 via purchase em ts=1701077780 (canal=app)"
cust_1104,pesado,last_entity,topk_estatico,ent_39,,False,malformed,284,"## Contexto do cliente: cust_1104 (top-3 por frequência)
- ent_14 (15 interações) [view, search, purchase], último em ts=1703579330
- ent_31 (14 interações) [view, add_to_cart, search], último em ts=1703379530
- ent_19 (12 interações) [search, view, purchase], último em ts=1703460500"
cust_1104,pesado,last_entity,hibrido_sob_demanda,ent_39,,False,malformed,537,"## Contexto do cliente: cust_1104
Canais com atividade encontrada: 2 (app, web)
Resumo de atividade (167 eventos totais): view: 72, search: 36, add_to_cart: 33, support_ticket: 15, purchase: 11

### Entidades mais relevantes (ranqueadas por PageRank personalizado)
- ent_14 (relevância=0.017): 15 eventos [view, search, purchase], último em ts=1703579330
- ent_19 (relevância=0.013): 12 eventos [search, view, purchase], último em ts=1703460500
- ent_27 (relevância=0.011): 10 eventos [view, add_to_cart, search], último em ts=1703039630"
cust_1104,pesado,last_entity,sessao_memoria,ent_39,,False,malformed,526,"## Contexto do cliente: cust_1104 (turno 0)
Resumo de atividade (167 eventos totais): view: 72, search: 36, add_to_cart: 33, support_ticket: 15, purchase: 11

- ent_14 (relevância=0.061): estado mais recente = search em ts=1703579330 (havia também interações anteriores registradas)
- ent_19 (relevância=0.042): estado mais recente = view em ts=1703460500 (havia também interações anteriores registradas)
- ent_31 (relevância=0.042): estado mais recente = view em ts=1703379530 (havia também interações anteriores registradas)"
cust_1104,pesado,last_entity,sessao_memoria_sem_clash,ent_39,,False,malformed,1292,"## Contexto do cliente: cust_1104 (turno 0)
Resumo de atividade (167 eventos totais): view: 72, search: 36, add_to_cart: 33, support_ticket: 15, purchase: 11

- ent_14 (relevância=0.061): search em ts=1703579330; view em ts=1703451860; view em ts=1703374340; view em ts=1703171240; search em ts=1703078810; purchase em ts=1703037200; add_to_cart em ts=1703034620; view em ts=1702558100; view em ts=1702273160; search em ts=1702267610; search em ts=1701449660; add_to_cart em ts=1701092120; purchase em ts=1701077780; support_ticket em ts=1700218340; view em ts=1700122310
- ent_19 (relevância=0.042): view em ts=1703460500; search em ts=1703217620; purchase em ts=1702558340; search em ts=1702421510; search em ts=1702209020; support_ticket em ts=1702160360; view em ts=1701978380; view em ts=1701789710; search em ts=1701736310; search em ts=1701258170; view em ts=1700105120; purchase em ts=1700024930
- ent_31 (relevância=0.042): view em ts=1703379530; add_to_cart em ts=1703358800; view em ts=1702987250; purchase em ts=1702586960; add_to_cart em ts=1702384790; view em ts=1702263110; view em ts=1702258700; view em ts=1702248680; support_ticket em ts=1702095320; search em ts=1701538250; view em ts=1701046340; view em ts=1700942720; search em ts=1700441330; add_to_cart em ts=1700081420"
cust_6167,pesado,last_entity,sem_retrieval,ent_4,,False,malformed,64,Nenhuma informação adicional sobre este cliente está disponível.
cust_6167,pesado,last_entity,contexto_completo,ent_4,ent_4,True,correct,3007,"Histórico completo de eventos do cliente cust_6167 (41 eventos):
- Evento: interação com ent_28 via view em ts=1703512100 (canal=web)
- Evento: interação com ent_38 via view em ts=1703109860 (canal=web)
- Evento: interação com ent_2 via view em ts=1703109830 (canal=web)
- Evento: interação com ent_36 via search em ts=1703037470 (canal=web)
- Evento: interação com ent_28 via add_to_cart em ts=1703022770 (canal=web)
- Evento: interação com ent_57 via purchase em ts=1702809830 (canal=web)
- Evento: interação com ent_36 via search em ts=1702782680 (canal=web)
- Evento: interação com ent_35 via view em ts=1702760900 (canal=web)
- Evento: interação com ent_57 via view em ts=1702745030 (canal=web)
- Evento: interação com ent_18 via view em ts=1702735940 (canal=web)
- Evento: interação com ent_36 via search em ts=1702694360 (canal=web)
- Evento: interação com ent_18 via add_to_cart em ts=1702691000 (canal=web)
- Evento: interação com ent_47 via support_ticket em ts=1702630340 (canal=web)
- Evento: interação com ent_8 via add_to_cart em ts=1702567130 (canal=web)
- Evento: interação com ent_4 via view em ts=1702420760 (canal=web)
- Evento: interação com ent_37 via view em ts=1702405160 (canal=web)
- Evento: interação com ent_37 via support_ticket em ts=1702223660 (canal=web)
- Evento: interação com ent_9 via view em ts=1701818960 (canal=web)
- Evento: interação com ent_41 via support_ticket em ts=1701816020 (canal=web)
- Evento: interação com ent_57 via add_to_cart em ts=1701747500 (canal=web)
- Evento: interação com ent_48 via view em ts=1701607070 (canal=web)
- Evento: interação com ent_4 via view em ts=1701393050 (canal=web)
- Evento: interação com ent_1 via view em ts=1701303230 (canal=web)
- Evento: interação com ent_48 via view em ts=1701234890 (canal=web)
- Evento: interação com ent_8 via add_to_cart em ts=1701197090 (canal=web)
- Evento: interação com ent_37 via add_to_cart em ts=1701156230 (canal=web)
- Evento: interação com ent_8 via view em ts=1701121670 (canal=web)
- Evento: interação com ent_55 via purchase em ts=1701100850 (canal=web)
- Evento: interação com ent_36 via add_to_cart em ts=1701088190 (canal=web)
- Evento: interação com ent_28 via add_to_cart em ts=1701069560 (canal=web)
- Evento: interação com ent_38 via view em ts=1700999810 (canal=web)
- Evento: interação com ent_36 via search em ts=1700876660 (canal=web)
- Evento: interação com ent_21 via view em ts=1700787230 (canal=web)
- Evento: interação com ent_9 via search em ts=1700552720 (canal=web)
- Evento: interação com ent_4 via view em ts=1700525690 (canal=web)
- Evento: interação com ent_14 via add_to_cart em ts=1700462030 (canal=web)
- Evento: interação com ent_38 via view em ts=1700461040 (canal=web)
- Evento: interação com ent_55 via search em ts=1700411600 (canal=web)
- Evento: interação com ent_18 via view em ts=1700360180 (canal=web)
- Evento: interação com ent_56 via add_to_cart em ts=1700266880 (canal=web)
- Evento: interação com ent_56 via purchase em ts=1700109260 (canal=web)"
cust_6167,pesado,last_entity,topk_estatico,ent_4,,False,malformed,252,"## Contexto do cliente: cust_6167 (top-3 por frequência)
- ent_36 (5 interações) [search, add_to_cart], último em ts=1703037470
- ent_18 (3 interações) [view, add_to_cart], último em ts=1702735940
- ent_38 (3 interações) [view], último em ts=1703109860"
cust_6167,pesado,last_entity,hibrido_sob_demanda,ent_4,ent_4,True,correct,509,"## Contexto do cliente: cust_6167
Canais com atividade encontrada: 1 (web)
Resumo de atividade (41 eventos totais): view: 19, add_to_cart: 10, search: 6, purchase: 3, support_ticket: 3

### Entidades mais relevantes (ranqueadas por PageRank personalizado)
- ent_37 (relevância=0.013): 3 eventos [view, support_ticket, add_to_cart], último em ts=1702405160
- ent_4 (relevância=0.012): 3 eventos [view], último em ts=1702420760
- ent_28 (relevância=0.011): 3 eventos [add_to_cart, view], último em ts=1703512100"
cust_6167,pesado,last_entity,sessao_memoria,ent_4,,False,malformed,522,"## Contexto do cliente: cust_6167 (turno 0)
Resumo de atividade (41 eventos totais): view: 19, add_to_cart: 10, search: 6, purchase: 3, support_ticket: 3

- ent_36 (relevância=0.049): estado mais recente = search em ts=1703037470 (havia também interações anteriores registradas)
- ent_28 (relevância=0.043): estado mais recente = view em ts=1703512100 (havia também interações anteriores registradas)
- ent_37 (relevância=0.042): estado mais recente = view em ts=1702405160 (havia também interações anteriores registradas)"
cust_6167,pesado,last_entity,sessao_memoria_sem_clash,ent_4,,False,malformed,537,"## Contexto do cliente: cust_6167 (turno 0)
Resumo de atividade (41 eventos totais): view: 19, add_to_cart: 10, search: 6, purchase: 3, support_ticket: 3

- ent_36 (relevância=0.049): search em ts=1703037470; search em ts=1702782680; search em ts=1702694360; add_to_cart em ts=1701088190; search em ts=1700876660
- ent_28 (relevância=0.043): view em ts=1703512100; add_to_cart em ts=1703022770; add_to_cart em ts=1701069560
- ent_37 (relevância=0.042): view em ts=1702405160; support_ticket em ts=1702223660; add_to_cart em ts=1701156230"
cust_5201,pesado,last_entity,sem_retrieval,ent_50,,False,malformed,64,Nenhuma informação adicional sobre este cliente está disponível.
cust_5201,pesado,last_entity,contexto_completo,ent_50,ent_50,True,correct,7239,"Histórico completo de eventos do cliente cust_5201 (100 eventos):
- Evento: interação com ent_50 via add_to_cart em ts=1703581430 (canal=web)
- Evento: interação com ent_46 via view em ts=1703534600 (canal=app)
- Evento: interação com ent_36 via search em ts=1703513840 (canal=app)
- Evento: interação com ent_46 via view em ts=1703502170 (canal=app)
- Evento: interação com ent_15 via search em ts=1703493080 (canal=web)
- Evento: interação com ent_12 via add_to_cart em ts=1703467160 (canal=web)
- Evento: interação com ent_7 via add_to_cart em ts=1703464670 (canal=web)
- Evento: interação com ent_41 via add_to_cart em ts=1703405780 (canal=app)
- Evento: interação com ent_42 via support_ticket em ts=1703390420 (canal=app)
- Evento: interação com ent_32 via view em ts=1703376470 (canal=web)
- Evento: interação com ent_7 via purchase em ts=1703356640 (canal=web)
- Evento: interação com ent_2 via view em ts=1703337830 (canal=app)
- Evento: interação com ent_50 via view em ts=1703309900 (canal=web)
- Evento: interação com ent_12 via purchase em ts=1703297540 (canal=web)
- Evento: interação com ent_12 via view em ts=1703221520 (canal=web)
- Evento: interação com ent_32 via search em ts=1703215010 (canal=app)
- Evento: interação com ent_26 via view em ts=1703200400 (canal=app)
- Evento: interação com ent_37 via view em ts=1703198390 (canal=web)
- Evento: interação com ent_8 via add_to_cart em ts=1703194040 (canal=web)
- Evento: interação com ent_32 via search em ts=1703058680 (canal=web)
- Evento: interação com ent_50 via view em ts=1703032220 (canal=app)
- Evento: interação com ent_50 via search em ts=1703015540 (canal=web)
- Evento: interação com ent_8 via view em ts=1702979180 (canal=web)
- Evento: interação com ent_8 via add_to_cart em ts=1702932650 (canal=web)
- Evento: interação com ent_2 via purchase em ts=1702929680 (canal=app)
- Evento: interação com ent_38 via search em ts=1702896170 (canal=web)
- Evento: interação com ent_30 via view em ts=1702890410 (canal=app)
- Evento: interação com ent_42 via support_ticket em ts=1702861310 (canal=web)
- Evento: interação com ent_40 via support_ticket em ts=1702781000 (canal=app)
- Evento: interação com ent_46 via search em ts=1702763120 (canal=web)
- Evento: interação com ent_46 via view em ts=1702761200 (canal=app)
- Evento: interação com ent_38 via add_to_cart em ts=1702749890 (canal=app)
- Evento: interação com ent_14 via add_to_cart em ts=1702723970 (canal=web)
- Evento: interação com ent_32 via purchase em ts=1702718570 (canal=web)
- Evento: interação com ent_8 via add_to_cart em ts=1702595900 (canal=web)
- Evento: interação com ent_38 via view em ts=1702588430 (canal=app)
- Evento: interação com ent_7 via purchase em ts=1702529630 (canal=web)
- Evento: interação com ent_15 via view em ts=1702508510 (canal=app)
- Evento: interação com ent_20 via add_to_cart em ts=1702454300 (canal=web)
- Evento: interação com ent_14 via search em ts=1702450730 (canal=app)
- Evento: interação com ent_41 via search em ts=1702423520 (canal=app)
- Evento: interação com ent_41 via add_to_cart em ts=1702420460 (canal=web)
- Evento: interação com ent_50 via search em ts=1702367300 (canal=web)
- Evento: interação com ent_38 via view em ts=1702290080 (canal=app)
- Evento: interação com ent_41 via view em ts=1702254800 (canal=app)
- Evento: interação com ent_50 via add_to_cart em ts=1702210370 (canal=app)
- Evento: interação com ent_46 via search em ts=1702199330 (canal=app)
- Evento: interação com ent_20 via search em ts=1702169690 (canal=web)
- Evento: interação com ent_28 via search em ts=1702108730 (canal=web)
- Evento: interação com ent_14 via view em ts=1702084460 (canal=app)
- Evento: interação com ent_14 via search em ts=1701942140 (canal=app)
- Evento: interação com ent_37 via add_to_cart em ts=1701936590 (canal=app)
- Evento: interação com ent_32 via search em ts=1701869540 (canal=app)
- Evento: interação com ent_7 via add_to_cart em ts=1701855230 (canal=web)
- Evento: interação com ent_2 via support_ticket em ts=1701825140 (canal=web)
- Evento: interação com ent_32 via support_ticket em ts=1701824270 (canal=web)
- Evento: interação com ent_8 via view em ts=1701823940 (canal=web)
- Evento: interação com ent_8 via view em ts=1701809480 (canal=app)
- Evento: interação com ent_41 via search em ts=1701805490 (canal=app)
- Evento: interação com ent_21 via purchase em ts=1701801620 (canal=app)
- Evento: interação com ent_1 via view em ts=1701783260 (canal=web)
- Evento: interação com ent_46 via add_to_cart em ts=1701676190 (canal=web)
- Evento: interação com ent_7 via purchase em ts=1701635330 (canal=app)
- Evento: interação com ent_46 via search em ts=1701589820 (canal=app)
- Evento: interação com ent_5 via view em ts=1701578600 (canal=app)
- Evento: interação com ent_41 via add_to_cart em ts=1701449990 (canal=web)
- Evento: interação com ent_56 via add_to_cart em ts=1701440930 (canal=web)
- Evento: interação com ent_32 via view em ts=1701397040 (canal=web)
- Evento: interação com ent_45 via view em ts=1701331220 (canal=app)
- Evento: interação com ent_7 via search em ts=1701299450 (canal=app)
- Evento: interação com ent_15 via add_to_cart em ts=1701263090 (canal=app)
- Evento: interação com ent_12 via search em ts=1701193880 (canal=app)
- Evento: interação com ent_20 via add_to_cart em ts=1701172820 (canal=app)
- Evento: interação com ent_37 via search em ts=1701159440 (canal=web)
- Evento: interação com ent_8 via view em ts=1700796560 (canal=web)
- Evento: interação com ent_50 via view em ts=1700742350 (canal=web)
- Evento: interação com ent_8 via support_ticket em ts=1700689130 (canal=web)
- Evento: interação com ent_7 via view em ts=1700655800 (canal=app)
- Evento: interação com ent_46 via search em ts=1700631440 (canal=web)
- Evento: interação com ent_14 via view em ts=1700621420 (canal=web)
- Evento: interação com ent_20 via view em ts=1700597600 (canal=app)
- Evento: interação com ent_50 via view em ts=1700574590 (canal=web)
- Evento: interação com ent_2 via search em ts=1700555840 (canal=web)
- Evento: interação com ent_14 via add_to_cart em ts=1700529020 (canal=web)
- Evento: interação com ent_20 via view em ts=1700526710 (canal=web)
- Evento: interação com ent_38 via add_to_cart em ts=1700522690 (canal=app)
- Evento: interação com ent_58 via view em ts=1700520980 (canal=app)
- Evento: interação com ent_49 via search em ts=1700480960 (canal=web)
- Evento: interação com ent_2 via add_to_cart em ts=1700457800 (canal=web)
- Evento: interação com ent_41 via search em ts=1700402810 (canal=app)
- Evento: interação com ent_14 via search em ts=1700362460 (canal=app)
- Evento: interação com ent_12 via view em ts=1700269790 (canal=web)
- Evento: interação com ent_23 via view em ts=1700223650 (canal=web)
- Evento: interação com ent_42 via view em ts=1700213630 (canal=app)
- Evento: interação com ent_46 via view em ts=1700204630 (canal=app)
- Evento: interação com ent_37 via view em ts=1700202980 (canal=web)
- Evento: interação com ent_46 via search em ts=1700166800 (canal=web)
- Evento: interação com ent_32 via search em ts=1700165840 (canal=web)
- Evento: interação com ent_42 via view em ts=1700085590 (canal=web)
- Evento: interação com ent_32 via view em ts=1700071340 (canal=web)"
cust_5201,pesado,last_entity,topk_estatico,ent_50,ent_50,True,correct,285,"## Contexto do cliente: cust_5201 (top-3 por frequência)
- ent_46 (10 interações) [search, view, add_to_cart], último em ts=1703534600
- ent_32 (9 interações) [search, view, purchase], último em ts=1703376470
- ent_50 (8 interações) [view, add_to_cart, search], último em ts=1703581430"
cust_5201,pesado,last_entity,hibrido_sob_demanda,ent_50,,False,malformed,542,"## Contexto do cliente: cust_5201
Canais com atividade encontrada: 2 (app, web)
Resumo de atividade (100 eventos totais): view: 38, search: 27, add_to_cart: 22, purchase: 7, support_ticket: 6

### Entidades mais relevantes (ranqueadas por PageRank personalizado)
- ent_8 (relevância=0.013): 8 eventos [view, add_to_cart, support_ticket], último em ts=1703194040
- ent_14 (relevância=0.013): 7 eventos [search, add_to_cart, view], último em ts=1702723970
- ent_32 (relevância=0.013): 9 eventos [search, view, purchase], último em ts=1703376470"
cust_5201,pesado,last_entity,sessao_memoria,ent_50,ent_50,True,correct,529,"## Contexto do cliente: cust_5201 (turno 0)
Resumo de atividade (100 eventos totais): view: 38, search: 27, add_to_cart: 22, purchase: 7, support_ticket: 6

- ent_46 (relevância=0.051): estado mais recente = view em ts=1703534600 (havia também interações anteriores registradas)
- ent_32 (relevância=0.044): estado mais recente = view em ts=1703376470 (havia também interações anteriores registradas)
- ent_50 (relevância=0.043): estado mais recente = add_to_cart em ts=1703581430 (havia também interações anteriores registradas)"
cust_5201,pesado,last_entity,sessao_memoria_sem_clash,ent_50,ent_50,True,correct,918,"## Contexto do cliente: cust_5201 (turno 0)
Resumo de atividade (100 eventos totais): view: 38, search: 27, add_to_cart: 22, purchase: 7, support_ticket: 6

- ent_46 (relevância=0.051): view em ts=1703534600; view em ts=1703502170; search em ts=1702763120; view em ts=1702761200; search em ts=1702199330; add_to_cart em ts=1701676190; search em ts=1701589820; search em ts=1700631440; view em ts=1700204630; search em ts=1700166800
- ent_32 (relevância=0.044): view em ts=1703376470; search em ts=1703215010; search em ts=1703058680; purchase em ts=1702718570; search em ts=1701869540; support_ticket em ts=1701824270; view em ts=1701397040; search em ts=1700165840; view em ts=1700071340
- ent_50 (relevância=0.043): add_to_cart em ts=1703581430; view em ts=1703309900; view em ts=1703032220; search em ts=1703015540; search em ts=1702367300; add_to_cart em ts=1702210370; view em ts=1700742350; view em ts=1700574590"
cust_1023,pesado,last_entity,sem_retrieval,ent_46,,False,malformed,64,Nenhuma informação adicional sobre este cliente está disponível.
cust_1023,pesado,last_entity,contexto_completo,ent_46,ent_46,True,correct,3935,"Histórico completo de eventos do cliente cust_1023 (54 eventos):
- Evento: interação com ent_46 via view em ts=1703477450 (canal=app)
- Evento: interação com ent_27 via search em ts=1703462300 (canal=app)
- Evento: interação com ent_15 via search em ts=1703457350 (canal=app)
- Evento: interação com ent_41 via search em ts=1703416340 (canal=app)
- Evento: interação com ent_39 via view em ts=1703361380 (canal=app)
- Evento: interação com ent_41 via view em ts=1703350490 (canal=app)
- Evento: interação com ent_39 via view em ts=1703138660 (canal=app)
- Evento: interação com ent_49 via search em ts=1703032610 (canal=app)
- Evento: interação com ent_28 via search em ts=1703009780 (canal=app)
- Evento: interação com ent_52 via add_to_cart em ts=1702952780 (canal=web)
- Evento: interação com ent_51 via view em ts=1702922450 (canal=app)
- Evento: interação com ent_27 via add_to_cart em ts=1702678250 (canal=web)
- Evento: interação com ent_31 via view em ts=1702579940 (canal=app)
- Evento: interação com ent_51 via search em ts=1702480280 (canal=app)
- Evento: interação com ent_32 via add_to_cart em ts=1702428440 (canal=web)
- Evento: interação com ent_10 via purchase em ts=1702385570 (canal=app)
- Evento: interação com ent_52 via search em ts=1702365170 (canal=web)
- Evento: interação com ent_41 via support_ticket em ts=1702323590 (canal=app)
- Evento: interação com ent_51 via view em ts=1702284800 (canal=web)
- Evento: interação com ent_32 via support_ticket em ts=1702247090 (canal=web)
- Evento: interação com ent_19 via support_ticket em ts=1702006550 (canal=app)
- Evento: interação com ent_57 via search em ts=1701964640 (canal=app)
- Evento: interação com ent_35 via add_to_cart em ts=1701885740 (canal=web)
- Evento: interação com ent_51 via search em ts=1701774950 (canal=web)
- Evento: interação com ent_32 via search em ts=1701774080 (canal=web)
- Evento: interação com ent_35 via search em ts=1701717830 (canal=app)
- Evento: interação com ent_32 via search em ts=1701616580 (canal=web)
- Evento: interação com ent_46 via view em ts=1701607730 (canal=web)
- Evento: interação com ent_48 via search em ts=1701592520 (canal=app)
- Evento: interação com ent_51 via add_to_cart em ts=1701250940 (canal=app)
- Evento: interação com ent_49 via search em ts=1701206480 (canal=app)
- Evento: interação com ent_58 via view em ts=1701185180 (canal=web)
- Evento: interação com ent_34 via view em ts=1701157370 (canal=web)
- Evento: interação com ent_28 via view em ts=1701156050 (canal=app)
- Evento: interação com ent_5 via view em ts=1701124190 (canal=app)
- Evento: interação com ent_45 via view em ts=1701106340 (canal=app)
- Evento: interação com ent_27 via support_ticket em ts=1701086270 (canal=web)
- Evento: interação com ent_19 via view em ts=1701052070 (canal=app)
- Evento: interação com ent_19 via view em ts=1701022820 (canal=web)
- Evento: interação com ent_16 via search em ts=1700991260 (canal=app)
- Evento: interação com ent_39 via view em ts=1700901530 (canal=web)
- Evento: interação com ent_57 via purchase em ts=1700798300 (canal=web)
- Evento: interação com ent_46 via view em ts=1700765690 (canal=app)
- Evento: interação com ent_35 via view em ts=1700707700 (canal=web)
- Evento: interação com ent_57 via support_ticket em ts=1700693660 (canal=app)
- Evento: interação com ent_31 via view em ts=1700612900 (canal=web)
- Evento: interação com ent_49 via purchase em ts=1700571320 (canal=web)
- Evento: interação com ent_28 via view em ts=1700554070 (canal=web)
- Evento: interação com ent_41 via view em ts=1700491670 (canal=web)
- Evento: interação com ent_32 via add_to_cart em ts=1700456450 (canal=app)
- Evento: interação com ent_51 via search em ts=1700272310 (canal=web)
- Evento: interação com ent_17 via view em ts=1700245430 (canal=web)
- Evento: interação com ent_19 via support_ticket em ts=1700226530 (canal=web)
- Evento: interação com ent_31 via view em ts=1700102900 (canal=web)"
cust_1023,pesado,last_entity,topk_estatico,ent_46,,False,malformed,292,"## Contexto do cliente: cust_1023 (top-3 por frequência)
- ent_51 (6 interações) [search, view, add_to_cart], último em ts=1702922450
- ent_32 (5 interações) [add_to_cart, search, support_ticket], último em ts=1702428440
- ent_19 (4 interações) [support_ticket, view], último em ts=1702006550"
cust_1023,pesado,last_entity,hibrido_sob_demanda,ent_46,,False,malformed,550,"## Contexto do cliente: cust_1023
Canais com atividade encontrada: 2 (app, web)
Resumo de atividade (54 eventos totais): view: 23, search: 16, support_ticket: 6, add_to_cart: 6, purchase: 3

### Entidades mais relevantes (ranqueadas por PageRank personalizado)
- ent_32 (relevância=0.015): 5 eventos [add_to_cart, search, support_ticket], último em ts=1702428440
- ent_52 (relevância=0.011): 2 eventos [add_to_cart, search], último em ts=1702952780
- ent_27 (relevância=0.011): 3 eventos [search, add_to_cart, support_ticket], último em ts=1703462300"
cust_1023,pesado,last_entity,sessao_memoria,ent_46,,False,malformed,529,"## Contexto do cliente: cust_1023 (turno 0)
Resumo de atividade (54 eventos totais): view: 23, search: 16, support_ticket: 6, add_to_cart: 6, purchase: 3

- ent_51 (relevância=0.047): estado mais recente = view em ts=1702922450 (havia também interações anteriores registradas)
- ent_32 (relevância=0.043): estado mais recente = add_to_cart em ts=1702428440 (havia também interações anteriores registradas)
- ent_41 (relevância=0.043): estado mais recente = search em ts=1703416340 (havia também interações anteriores registradas)"
cust_1023,pesado,last_entity,sessao_memoria_sem_clash,ent_46,,False,malformed,636,"## Contexto do cliente: cust_1023 (turno 0)
Resumo de atividade (54 eventos totais): view: 23, search: 16, support_ticket: 6, add_to_cart: 6, purchase: 3

- ent_51 (relevância=0.047): view em ts=1702922450; search em ts=1702480280; view em ts=1702284800; search em ts=1701774950; add_to_cart em ts=1701250940; search em ts=1700272310
- ent_32 (relevância=0.043): add_to_cart em ts=1702428440; support_ticket em ts=1702247090; search em ts=1701774080; search em ts=1701616580; add_to_cart em ts=1700456450
- ent_41 (relevância=0.043): search em ts=1703416340; view em ts=1703350490; support_ticket em ts=1702323590; view em ts=1700491670"
cust_1756,pesado,last_entity,sem_retrieval,ent_58,,False,malformed,64,Nenhuma informação adicional sobre este cliente está disponível.
cust_1756,pesado,last_entity,contexto_completo,ent_58,ent_58,True,correct,1512,"Histórico completo de eventos do cliente cust_1756 (20 eventos):
- Evento: interação com ent_10 via view em ts=1703242850 (canal=web)
- Evento: interação com ent_56 via search em ts=1703193620 (canal=web)
- Evento: interação com ent_4 via support_ticket em ts=1703070200 (canal=web)
- Evento: interação com ent_32 via view em ts=1702564580 (canal=web)
- Evento: interação com ent_24 via view em ts=1702496780 (canal=web)
- Evento: interação com ent_37 via search em ts=1702391930 (canal=web)
- Evento: interação com ent_42 via add_to_cart em ts=1702338530 (canal=web)
- Evento: interação com ent_39 via add_to_cart em ts=1702334990 (canal=web)
- Evento: interação com ent_42 via search em ts=1702268960 (canal=web)
- Evento: interação com ent_24 via add_to_cart em ts=1702116890 (canal=web)
- Evento: interação com ent_58 via add_to_cart em ts=1701646610 (canal=web)
- Evento: interação com ent_37 via view em ts=1701100940 (canal=web)
- Evento: interação com ent_30 via add_to_cart em ts=1701082190 (canal=web)
- Evento: interação com ent_35 via add_to_cart em ts=1701020420 (canal=web)
- Evento: interação com ent_58 via view em ts=1700747150 (canal=web)
- Evento: interação com ent_35 via view em ts=1700274710 (canal=web)
- Evento: interação com ent_56 via search em ts=1700189780 (canal=web)
- Evento: interação com ent_46 via view em ts=1700184770 (canal=web)
- Evento: interação com ent_41 via add_to_cart em ts=1700170160 (canal=web)
- Evento: interação com ent_24 via search em ts=1700099480 (canal=web)"
cust_1756,pesado,last_entity,topk_estatico,ent_58,,False,malformed,260,"## Contexto do cliente: cust_1756 (top-3 por frequência)
- ent_24 (3 interações) [view, add_to_cart, search], último em ts=1702496780
- ent_56 (2 interações) [search], último em ts=1703193620
- ent_35 (2 interações) [add_to_cart, view], último em ts=1701020420"
cust_1756,pesado,last_entity,hibrido_sob_demanda,ent_58,ent_58,True,correct,495,"## Contexto do cliente: cust_1756
Canais com atividade encontrada: 1 (web)
Resumo de atividade (20 eventos totais): add_to_cart: 7, view: 7, search: 5, support_ticket: 1

### Entidades mais relevantes (ranqueadas por PageRank personalizado)
- ent_24 (relevância=0.016): 3 eventos [view, add_to_cart, search], último em ts=1702496780
- ent_37 (relevância=0.015): 2 eventos [search, view], último em ts=1702391930
- ent_58 (relevância=0.014): 2 eventos [add_to_cart, view], último em ts=1701646610"
cust_1756,pesado,last_entity,sessao_memoria,ent_58,,False,malformed,514,"## Contexto do cliente: cust_1756 (turno 0)
Resumo de atividade (20 eventos totais): add_to_cart: 7, view: 7, search: 5, support_ticket: 1

- ent_24 (relevância=0.055): estado mais recente = view em ts=1702496780 (havia também interações anteriores registradas)
- ent_37 (relevância=0.046): estado mais recente = search em ts=1702391930 (havia também interações anteriores registradas)
- ent_42 (relevância=0.045): estado mais recente = add_to_cart em ts=1702338530 (havia também interações anteriores registradas)"
cust_1756,pesado,last_entity,sessao_memoria_sem_clash,ent_58,,False,malformed,404,"## Contexto do cliente: cust_1756 (turno 0)
Resumo de atividade (20 eventos totais): add_to_cart: 7, view: 7, search: 5, support_ticket: 1

- ent_24 (relevância=0.055): view em ts=1702496780; add_to_cart em ts=1702116890; search em ts=1700099480
- ent_37 (relevância=0.046): search em ts=1702391930; view em ts=1701100940
- ent_42 (relevância=0.045): add_to_cart em ts=1702338530; search em ts=1702268960"
cust_1954,pesado,last_entity,sem_retrieval,ent_28,,False,malformed,64,Nenhuma informação adicional sobre este cliente está disponível.
cust_1954,pesado,last_entity,contexto_completo,ent_28,ent_28,True,correct,8746,"Histórico completo de eventos do cliente cust_1954 (120 eventos):
- Evento: interação com ent_28 via add_to_cart em ts=1703596100 (canal=app)
- Evento: interação com ent_48 via view em ts=1703594210 (canal=web)
- Evento: interação com ent_56 via add_to_cart em ts=1703560880 (canal=web)
- Evento: interação com ent_57 via search em ts=1703545400 (canal=web)
- Evento: interação com ent_59 via view em ts=1703541200 (canal=app)
- Evento: interação com ent_9 via view em ts=1703539160 (canal=app)
- Evento: interação com ent_22 via add_to_cart em ts=1703525570 (canal=web)
- Evento: interação com ent_28 via support_ticket em ts=1703520050 (canal=app)
- Evento: interação com ent_4 via view em ts=1703505980 (canal=web)
- Evento: interação com ent_38 via support_ticket em ts=1703501780 (canal=web)
- Evento: interação com ent_2 via search em ts=1703485400 (canal=web)
- Evento: interação com ent_14 via support_ticket em ts=1703466920 (canal=web)
- Evento: interação com ent_37 via search em ts=1703457140 (canal=app)
- Evento: interação com ent_38 via view em ts=1703433140 (canal=app)
- Evento: interação com ent_9 via view em ts=1703429990 (canal=app)
- Evento: interação com ent_21 via view em ts=1703428760 (canal=app)
- Evento: interação com ent_56 via view em ts=1703414450 (canal=web)
- Evento: interação com ent_28 via view em ts=1703413730 (canal=web)
- Evento: interação com ent_38 via add_to_cart em ts=1703402210 (canal=web)
- Evento: interação com ent_34 via view em ts=1703386640 (canal=web)
- Evento: interação com ent_52 via add_to_cart em ts=1703378780 (canal=app)
- Evento: interação com ent_38 via view em ts=1703371490 (canal=app)
- Evento: interação com ent_44 via view em ts=1703369030 (canal=app)
- Evento: interação com ent_57 via view em ts=1703364470 (canal=web)
- Evento: interação com ent_41 via purchase em ts=1703360390 (canal=app)
- Evento: interação com ent_4 via search em ts=1703355020 (canal=web)
- Evento: interação com ent_36 via support_ticket em ts=1703340470 (canal=app)
- Evento: interação com ent_4 via view em ts=1703338700 (canal=web)
- Evento: interação com ent_9 via purchase em ts=1703333000 (canal=app)
- Evento: interação com ent_9 via purchase em ts=1703327090 (canal=app)
- Evento: interação com ent_38 via view em ts=1703323310 (canal=web)
- Evento: interação com ent_18 via add_to_cart em ts=1703322380 (canal=app)
- Evento: interação com ent_55 via view em ts=1703304470 (canal=web)
- Evento: interação com ent_37 via search em ts=1703294150 (canal=app)
- Evento: interação com ent_40 via search em ts=1703286200 (canal=app)
- Evento: interação com ent_2 via search em ts=1703283350 (canal=web)
- Evento: interação com ent_18 via view em ts=1703281820 (canal=web)
- Evento: interação com ent_9 via view em ts=1703264570 (canal=web)
- Evento: interação com ent_14 via view em ts=1703260430 (canal=web)
- Evento: interação com ent_5 via add_to_cart em ts=1703258570 (canal=app)
- Evento: interação com ent_56 via add_to_cart em ts=1703243570 (canal=app)
- Evento: interação com ent_36 via support_ticket em ts=1703243060 (canal=app)
- Evento: interação com ent_55 via view em ts=1703234480 (canal=app)
- Evento: interação com ent_28 via view em ts=1703229830 (canal=app)
- Evento: interação com ent_56 via support_ticket em ts=1703228630 (canal=web)
- Evento: interação com ent_48 via support_ticket em ts=1703209610 (canal=app)
- Evento: interação com ent_8 via view em ts=1703209430 (canal=web)
- Evento: interação com ent_29 via view em ts=1703205200 (canal=app)
- Evento: interação com ent_57 via view em ts=1703198330 (canal=web)
- Evento: interação com ent_4 via add_to_cart em ts=1703197490 (canal=web)
- Evento: interação com ent_47 via add_to_cart em ts=1703186300 (canal=web)
- Evento: interação com ent_57 via view em ts=1703170910 (canal=web)
- Evento: interação com ent_38 via purchase em ts=1703170790 (canal=web)
- Evento: interação com ent_38 via view em ts=1703160770 (canal=app)
- Evento: interação com ent_42 via support_ticket em ts=1703160650 (canal=app)
- Evento: interação com ent_14 via support_ticket em ts=1703158250 (canal=app)
- Evento: interação com ent_34 via view em ts=1703157740 (canal=app)
- Evento: interação com ent_55 via view em ts=1703153420 (canal=app)
- Evento: interação com ent_32 via search em ts=1703151860 (canal=app)
- Evento: interação com ent_48 via purchase em ts=1703149430 (canal=app)
- Evento: interação com ent_38 via add_to_cart em ts=1703131730 (canal=web)
- Evento: interação com ent_57 via view em ts=1703126210 (canal=web)
- Evento: interação com ent_14 via purchase em ts=1703105660 (canal=web)
- Evento: interação com ent_36 via add_to_cart em ts=1703090270 (canal=app)
- Evento: interação com ent_56 via view em ts=1703089220 (canal=app)
- Evento: interação com ent_4 via add_to_cart em ts=1703076680 (canal=app)
- Evento: interação com ent_8 via search em ts=1703076560 (canal=app)
- Evento: interação com ent_56 via add_to_cart em ts=1703070140 (canal=app)
- Evento: interação com ent_36 via add_to_cart em ts=1703055020 (canal=app)
- Evento: interação com ent_32 via support_ticket em ts=1703052080 (canal=web)
- Evento: interação com ent_38 via add_to_cart em ts=1703051210 (canal=app)
- Evento: interação com ent_37 via search em ts=1703050850 (canal=app)
- Evento: interação com ent_14 via add_to_cart em ts=1703045330 (canal=web)
- Evento: interação com ent_48 via view em ts=1703043380 (canal=app)
- Evento: interação com ent_55 via purchase em ts=1703022980 (canal=app)
- Evento: interação com ent_56 via add_to_cart em ts=1703021810 (canal=web)
- Evento: interação com ent_2 via view em ts=1703019590 (canal=web)
- Evento: interação com ent_56 via support_ticket em ts=1703015960 (canal=app)
- Evento: interação com ent_18 via search em ts=1703013500 (canal=app)
- Evento: interação com ent_17 via add_to_cart em ts=1703013140 (canal=app)
- Evento: interação com ent_32 via view em ts=1703011640 (canal=app)
- Evento: interação com ent_8 via search em ts=1703011130 (canal=web)
- Evento: interação com ent_27 via view em ts=1703002370 (canal=app)
- Evento: interação com ent_18 via support_ticket em ts=1702990970 (canal=app)
- Evento: interação com ent_57 via purchase em ts=1702990580 (canal=web)
- Evento: interação com ent_28 via search em ts=1702989950 (canal=app)
- Evento: interação com ent_37 via view em ts=1702989050 (canal=web)
- Evento: interação com ent_8 via support_ticket em ts=1702979750 (canal=app)
- Evento: interação com ent_47 via view em ts=1702978730 (canal=app)
- Evento: interação com ent_28 via search em ts=1702970480 (canal=web)
- Evento: interação com ent_8 via search em ts=1702970450 (canal=web)
- Evento: interação com ent_9 via search em ts=1702964120 (canal=app)
- Evento: interação com ent_28 via view em ts=1702957970 (canal=app)
- Evento: interação com ent_56 via add_to_cart em ts=1702956080 (canal=app)
- Evento: interação com ent_56 via view em ts=1702940450 (canal=app)
- Evento: interação com ent_36 via view em ts=1702938680 (canal=app)
- Evento: interação com ent_2 via view em ts=1702932860 (canal=app)
- Evento: interação com ent_18 via support_ticket em ts=1702924160 (canal=app)
- Evento: interação com ent_45 via search em ts=1702913510 (canal=app)
- Evento: interação com ent_4 via search em ts=1702900520 (canal=web)
- Evento: interação com ent_57 via add_to_cart em ts=1702898570 (canal=app)
- Evento: interação com ent_52 via add_to_cart em ts=1702894490 (canal=app)
- Evento: interação com ent_4 via add_to_cart em ts=1702887950 (canal=web)
- Evento: interação com ent_55 via add_to_cart em ts=1702873790 (canal=app)
- Evento: interação com ent_28 via purchase em ts=1702870100 (canal=app)
- Evento: interação com ent_56 via view em ts=1702869890 (canal=web)
- Evento: interação com ent_55 via add_to_cart em ts=1702866140 (canal=web)
- Evento: interação com ent_28 via purchase em ts=1702859540 (canal=app)
- Evento: interação com ent_57 via add_to_cart em ts=1702856360 (canal=web)
- Evento: interação com ent_9 via search em ts=1702856120 (canal=web)
- Evento: interação com ent_0 via purchase em ts=1702854800 (canal=web)
- Evento: interação com ent_2 via search em ts=1702852190 (canal=app)
- Evento: interação com ent_37 via add_to_cart em ts=1702847360 (canal=app)
- Evento: interação com ent_18 via search em ts=1702839110 (canal=web)
- Evento: interação com ent_18 via view em ts=1702834250 (canal=web)
- Evento: interação com ent_43 via add_to_cart em ts=1702832240 (canal=web)
- Evento: interação com ent_4 via view em ts=1702827080 (canal=app)
- Evento: interação com ent_32 via search em ts=1702824020 (canal=app)
- Evento: interação com ent_38 via search em ts=1702820090 (canal=web)
- Evento: interação com ent_28 via search em ts=1702816160 (canal=app)"
cust_1954,pesado,last_entity,topk_estatico,ent_28,,False,malformed,289,"## Contexto do cliente: cust_1954 (top-3 por frequência)
- ent_38 (45 interações) [view, add_to_cart, search], último em ts=1703501780
- ent_56 (45 interações) [view, add_to_cart, search], último em ts=1703560880
- ent_8 (44 interações) [view, search, add_to_cart], último em ts=1703209430"
cust_1954,pesado,last_entity,hibrido_sob_demanda,ent_28,,False,malformed,545,"## Contexto do cliente: cust_1954
Canais com atividade encontrada: 2 (app, web)
Resumo de atividade (582 eventos totais): view: 218, add_to_cart: 143, search: 133, support_ticket: 46, purchase: 42

### Entidades mais relevantes (ranqueadas por PageRank personalizado)
- ent_14 (relevância=0.014): 32 eventos [view, add_to_cart, search], último em ts=1703466920
- ent_4 (relevância=0.013): 39 eventos [view, add_to_cart, search], último em ts=1703505980
- ent_37 (relevância=0.012): 35 eventos [search, view, add_to_cart], último em ts=1703457140"
cust_1954,pesado,last_entity,sessao_memoria,ent_28,,False,malformed,532,"## Contexto do cliente: cust_1954 (turno 0)
Resumo de atividade (582 eventos totais): view: 218, add_to_cart: 143, search: 133, support_ticket: 46, purchase: 42

- ent_4 (relevância=0.043): estado mais recente = view em ts=1703505980 (havia também interações anteriores registradas)
- ent_56 (relevância=0.042): estado mais recente = add_to_cart em ts=1703560880 (havia também interações anteriores registradas)
- ent_8 (relevância=0.042): estado mais recente = view em ts=1703209430 (havia também interações anteriores registradas)"
cust_1954,pesado,last_entity,sessao_memoria_sem_clash,ent_28,,False,malformed,3647,"## Contexto do cliente: cust_1954 (turno 0)
Resumo de atividade (582 eventos totais): view: 218, add_to_cart: 143, search: 133, support_ticket: 46, purchase: 42

- ent_4 (relevância=0.043): view em ts=1703505980; search em ts=1703355020; view em ts=1703338700; add_to_cart em ts=1703197490; add_to_cart em ts=1703076680; search em ts=1702900520; add_to_cart em ts=1702887950; view em ts=1702827080; view em ts=1702798790; search em ts=1702511960; view em ts=1702429070; add_to_cart em ts=1702224980; view em ts=1702194260; add_to_cart em ts=1702189190; view em ts=1702175960; search em ts=1702122950; search em ts=1702107110; view em ts=1701995630; view em ts=1701938810; support_ticket em ts=1701881600; add_to_cart em ts=1701845630; view em ts=1701844070; support_ticket em ts=1701661760; search em ts=1701492410; search em ts=1701391640; view em ts=1701226070; add_to_cart em ts=1701217790; add_to_cart em ts=1701172760; support_ticket em ts=1700919860; view em ts=1700771450; purchase em ts=1700680490; purchase em ts=1700667440; add_to_cart em ts=1700663780; add_to_cart em ts=1700611580; support_ticket em ts=1700573810; add_to_cart em ts=1700456090; view em ts=1700357030; support_ticket em ts=1700309210; purchase em ts=1700139500
- ent_56 (relevância=0.042): add_to_cart em ts=1703560880; view em ts=1703414450; add_to_cart em ts=1703243570; support_ticket em ts=1703228630; view em ts=1703089220; add_to_cart em ts=1703070140; add_to_cart em ts=1703021810; support_ticket em ts=1703015960; add_to_cart em ts=1702956080; view em ts=1702940450; view em ts=1702869890; add_to_cart em ts=1702800620; view em ts=1702729520; search em ts=1702482110; view em ts=1702449560; add_to_cart em ts=1702418900; view em ts=1702401740; view em ts=1702340870; view em ts=1702293080; add_to_cart em ts=1702065740; add_to_cart em ts=1701905330; support_ticket em ts=1701798800; search em ts=1701775790; search em ts=1701629870; search em ts=1701490340; view em ts=1701442490; search em ts=1701425450; support_ticket em ts=1701415190; view em ts=1701378800; search em ts=1701283610; search em ts=1701203570; purchase em ts=1701179060; add_to_cart em ts=1701041690; add_to_cart em ts=1700820110; view em ts=1700743130; add_to_cart em ts=1700716100; add_to_cart em ts=1700561330; support_ticket em ts=1700539850; search em ts=1700462180; search em ts=1700446040; view em ts=1700404850; view em ts=1700297000; view em ts=1700171870; view em ts=1700120690; add_to_cart em ts=1700073980
- ent_8 (relevância=0.042): view em ts=1703209430; search em ts=1703076560; search em ts=1703011130; support_ticket em ts=1702979750; search em ts=1702970450; view em ts=1702778900; view em ts=1702632920; support_ticket em ts=1702545350; view em ts=1702538660; view em ts=1702483730; search em ts=1702464230; add_to_cart em ts=1702283030; add_to_cart em ts=1702226240; add_to_cart em ts=1702015640; view em ts=1701990770; view em ts=1701990020; search em ts=1701978470; view em ts=1701921320; support_ticket em ts=1701831650; purchase em ts=1701790640; view em ts=1701708680; add_to_cart em ts=1701501200; add_to_cart em ts=1701368240; search em ts=1701342230; search em ts=1701303740; view em ts=1701281120; view em ts=1701237980; add_to_cart em ts=1701088730; add_to_cart em ts=1701087710; view em ts=1700909000; add_to_cart em ts=1700840090; view em ts=1700731550; view em ts=1700726840; search em ts=1700718770; view em ts=1700664710; search em ts=1700562830; view em ts=1700489840; add_to_cart em ts=1700341670; support_ticket em ts=1700330960; view em ts=1700323640; purchase em ts=1700261840; purchase em ts=1700202950; purchase em ts=1700153420; view em ts=1700069450"
cust_9762,pesado,last_entity,sem_retrieval,ent_2,,False,malformed,64,Nenhuma informação adicional sobre este cliente está disponível.
cust_9762,pesado,last_entity,contexto_completo,ent_2,ent_2,True,correct,1198,"Histórico completo de eventos do cliente cust_9762 (16 eventos):
- Evento: interação com ent_36 via search em ts=1702937210 (canal=web)
- Evento: interação com ent_56 via view em ts=1702804520 (canal=web)
- Evento: interação com ent_41 via support_ticket em ts=1702590950 (canal=web)
- Evento: interação com ent_57 via view em ts=1702586510 (canal=web)
- Evento: interação com ent_55 via view em ts=1702470800 (canal=web)
- Evento: interação com ent_37 via view em ts=1702342100 (canal=web)
- Evento: interação com ent_9 via search em ts=1702170680 (canal=web)
- Evento: interação com ent_4 via view em ts=1702015040 (canal=web)
- Evento: interação com ent_18 via search em ts=1701589490 (canal=web)
- Evento: interação com ent_28 via search em ts=1701384230 (canal=web)
- Evento: interação com ent_8 via purchase em ts=1701320570 (canal=web)
- Evento: interação com ent_56 via purchase em ts=1701301100 (canal=web)
- Evento: interação com ent_38 via purchase em ts=1701075260 (canal=web)
- Evento: interação com ent_55 via view em ts=1701053450 (canal=web)
- Evento: interação com ent_2 via search em ts=1701049760 (canal=web)
- Evento: interação com ent_56 via search em ts=1700491640 (canal=web)"
cust_9762,pesado,last_entity,topk_estatico,ent_2,ent_2,True,correct,243,"## Contexto do cliente: cust_9762 (top-3 por frequência)
- ent_56 (3 interações) [view, purchase, search], último em ts=1702804520
- ent_55 (2 interações) [view], último em ts=1702470800
- ent_2 (1 interações) [search], último em ts=1701049760"
cust_9762,pesado,last_entity,hibrido_sob_demanda,ent_2,,False,malformed,467,"## Contexto do cliente: cust_9762
Canais com atividade encontrada: 1 (web)
Resumo de atividade (16 eventos totais): search: 6, view: 6, purchase: 3, support_ticket: 1

### Entidades mais relevantes (ranqueadas por PageRank personalizado)
- ent_56 (relevância=0.016): 3 eventos [view, purchase, search], último em ts=1702804520
- ent_37 (relevância=0.014): 1 eventos [view], último em ts=1702342100
- ent_4 (relevância=0.012): 1 eventos [view], último em ts=1702015040"
cust_9762,pesado,last_entity,sessao_memoria,ent_2,,False,malformed,463,"## Contexto do cliente: cust_9762 (turno 0)
Resumo de atividade (16 eventos totais): search: 6, view: 6, purchase: 3, support_ticket: 1

- ent_56 (relevância=0.059): estado mais recente = view em ts=1702804520 (havia também interações anteriores registradas)
- ent_55 (relevância=0.043): estado mais recente = view em ts=1702470800 (havia também interações anteriores registradas)
- ent_41 (relevância=0.031): estado mais recente = support_ticket em ts=1702590950"
cust_9762,pesado,last_entity,sessao_memoria_sem_clash,ent_2,,False,malformed,374,"## Contexto do cliente: cust_9762 (turno 0)
Resumo de atividade (16 eventos totais): search: 6, view: 6, purchase: 3, support_ticket: 1

- ent_56 (relevância=0.059): view em ts=1702804520; purchase em ts=1701301100; search em ts=1700491640
- ent_55 (relevância=0.043): view em ts=1702470800; view em ts=1701053450
- ent_41 (relevância=0.031): support_ticket em ts=1702590950"
cust_8909,pesado,last_entity,sem_retrieval,ent_35,,False,malformed,64,Nenhuma informação adicional sobre este cliente está disponível.
cust_8909,pesado,last_entity,contexto_completo,ent_35,ent_35,True,correct,2662,"Histórico completo de eventos do cliente cust_8909 (36 eventos):
- Evento: interação com ent_39 via view em ts=1703469830 (canal=web)
- Evento: interação com ent_35 via search em ts=1703417450 (canal=web)
- Evento: interação com ent_37 via view em ts=1703158910 (canal=web)
- Evento: interação com ent_2 via view em ts=1703034500 (canal=web)
- Evento: interação com ent_19 via view em ts=1702993550 (canal=web)
- Evento: interação com ent_57 via support_ticket em ts=1702608890 (canal=web)
- Evento: interação com ent_46 via view em ts=1702562090 (canal=web)
- Evento: interação com ent_31 via add_to_cart em ts=1702435760 (canal=web)
- Evento: interação com ent_31 via view em ts=1702327100 (canal=web)
- Evento: interação com ent_52 via search em ts=1702099790 (canal=web)
- Evento: interação com ent_49 via add_to_cart em ts=1702016090 (canal=web)
- Evento: interação com ent_46 via view em ts=1701997790 (canal=web)
- Evento: interação com ent_35 via support_ticket em ts=1701844640 (canal=web)
- Evento: interação com ent_27 via purchase em ts=1701676100 (canal=web)
- Evento: interação com ent_57 via search em ts=1701558800 (canal=web)
- Evento: interação com ent_35 via support_ticket em ts=1701549500 (canal=web)
- Evento: interação com ent_19 via view em ts=1701363830 (canal=web)
- Evento: interação com ent_37 via search em ts=1701350480 (canal=web)
- Evento: interação com ent_57 via view em ts=1701350390 (canal=web)
- Evento: interação com ent_13 via view em ts=1701278930 (canal=web)
- Evento: interação com ent_19 via search em ts=1701257570 (canal=web)
- Evento: interação com ent_34 via view em ts=1701238400 (canal=web)
- Evento: interação com ent_28 via search em ts=1701216950 (canal=web)
- Evento: interação com ent_19 via view em ts=1701170510 (canal=web)
- Evento: interação com ent_46 via search em ts=1701052670 (canal=web)
- Evento: interação com ent_56 via add_to_cart em ts=1700999840 (canal=web)
- Evento: interação com ent_28 via add_to_cart em ts=1700920190 (canal=web)
- Evento: interação com ent_32 via view em ts=1700898170 (canal=web)
- Evento: interação com ent_34 via support_ticket em ts=1700525060 (canal=web)
- Evento: interação com ent_49 via support_ticket em ts=1700350250 (canal=web)
- Evento: interação com ent_41 via search em ts=1700312540 (canal=web)
- Evento: interação com ent_31 via view em ts=1700284880 (canal=web)
- Evento: interação com ent_19 via view em ts=1700246000 (canal=web)
- Evento: interação com ent_46 via purchase em ts=1700176910 (canal=web)
- Evento: interação com ent_0 via add_to_cart em ts=1700158610 (canal=web)
- Evento: interação com ent_34 via add_to_cart em ts=1700003660 (canal=web)"
cust_8909,pesado,last_entity,topk_estatico,ent_35,,False,malformed,279,"## Contexto do cliente: cust_8909 (top-3 por frequência)
- ent_19 (5 interações) [view, search], último em ts=1702993550
- ent_46 (4 interações) [view, search, purchase], último em ts=1702562090
- ent_34 (3 interações) [view, support_ticket, add_to_cart], último em ts=1701238400"
cust_8909,pesado,last_entity,hibrido_sob_demanda,ent_35,,False,malformed,501,"## Contexto do cliente: cust_8909
Canais com atividade encontrada: 1 (web)
Resumo de atividade (36 eventos totais): view: 15, search: 8, add_to_cart: 6, support_ticket: 5, purchase: 2

### Entidades mais relevantes (ranqueadas por PageRank personalizado)
- ent_46 (relevância=0.015): 4 eventos [view, search, purchase], último em ts=1702562090
- ent_19 (relevância=0.014): 5 eventos [view, search], último em ts=1702993550
- ent_37 (relevância=0.012): 2 eventos [view, search], último em ts=1703158910"
cust_8909,pesado,last_entity,sessao_memoria,ent_35,ent_35,True,correct,521,"## Contexto do cliente: cust_8909 (turno 0)
Resumo de atividade (36 eventos totais): view: 15, search: 8, add_to_cart: 6, support_ticket: 5, purchase: 2

- ent_19 (relevância=0.053): estado mais recente = view em ts=1702993550 (havia também interações anteriores registradas)
- ent_46 (relevância=0.049): estado mais recente = view em ts=1702562090 (havia também interações anteriores registradas)
- ent_35 (relevância=0.039): estado mais recente = search em ts=1703417450 (havia também interações anteriores registradas)"
cust_8909,pesado,last_entity,sessao_memoria_sem_clash,ent_35,ent_35,True,correct,543,"## Contexto do cliente: cust_8909 (turno 0)
Resumo de atividade (36 eventos totais): view: 15, search: 8, add_to_cart: 6, support_ticket: 5, purchase: 2

- ent_19 (relevância=0.053): view em ts=1702993550; view em ts=1701363830; search em ts=1701257570; view em ts=1701170510; view em ts=1700246000
- ent_46 (relevância=0.049): view em ts=1702562090; view em ts=1701997790; search em ts=1701052670; purchase em ts=1700176910
- ent_35 (relevância=0.039): search em ts=1703417450; support_ticket em ts=1701844640; support_ticket em ts=1701549500"
cust_5335,pesado,last_entity,sem_retrieval,ent_14,,False,malformed,64,Nenhuma informação adicional sobre este cliente está disponível.
cust_5335,pesado,last_entity,contexto_completo,ent_14,ent_14,True,correct,3050,"Histórico completo de eventos do cliente cust_5335 (42 eventos):
- Evento: interação com ent_14 via view em ts=1703482430 (canal=web)
- Evento: interação com ent_56 via view em ts=1703476040 (canal=app)
- Evento: interação com ent_38 via view em ts=1703466740 (canal=web)
- Evento: interação com ent_36 via search em ts=1703446760 (canal=web)
- Evento: interação com ent_28 via view em ts=1703382290 (canal=web)
- Evento: interação com ent_33 via view em ts=1703236280 (canal=app)
- Evento: interação com ent_56 via support_ticket em ts=1703007200 (canal=app)
- Evento: interação com ent_55 via view em ts=1702846970 (canal=web)
- Evento: interação com ent_8 via view em ts=1702803950 (canal=web)
- Evento: interação com ent_55 via view em ts=1702760480 (canal=web)
- Evento: interação com ent_14 via search em ts=1702700480 (canal=web)
- Evento: interação com ent_55 via view em ts=1702672790 (canal=app)
- Evento: interação com ent_57 via search em ts=1702640210 (canal=app)
- Evento: interação com ent_8 via add_to_cart em ts=1702576310 (canal=web)
- Evento: interação com ent_56 via add_to_cart em ts=1702442030 (canal=web)
- Evento: interação com ent_18 via purchase em ts=1702312400 (canal=web)
- Evento: interação com ent_9 via view em ts=1702247840 (canal=web)
- Evento: interação com ent_37 via add_to_cart em ts=1701924500 (canal=app)
- Evento: interação com ent_8 via purchase em ts=1701713510 (canal=web)
- Evento: interação com ent_37 via view em ts=1701638090 (canal=app)
- Evento: interação com ent_57 via view em ts=1701536690 (canal=app)
- Evento: interação com ent_18 via add_to_cart em ts=1701481580 (canal=web)
- Evento: interação com ent_57 via view em ts=1701340400 (canal=web)
- Evento: interação com ent_4 via view em ts=1701321230 (canal=web)
- Evento: interação com ent_8 via view em ts=1701299240 (canal=web)
- Evento: interação com ent_2 via support_ticket em ts=1701278300 (canal=app)
- Evento: interação com ent_2 via view em ts=1701246320 (canal=web)
- Evento: interação com ent_2 via view em ts=1701242000 (canal=app)
- Evento: interação com ent_28 via view em ts=1700917970 (canal=app)
- Evento: interação com ent_39 via search em ts=1700798450 (canal=app)
- Evento: interação com ent_51 via purchase em ts=1700745530 (canal=web)
- Evento: interação com ent_57 via view em ts=1700699630 (canal=web)
- Evento: interação com ent_4 via view em ts=1700685050 (canal=web)
- Evento: interação com ent_45 via view em ts=1700676410 (canal=web)
- Evento: interação com ent_28 via purchase em ts=1700634140 (canal=app)
- Evento: interação com ent_2 via view em ts=1700614100 (canal=app)
- Evento: interação com ent_38 via add_to_cart em ts=1700368130 (canal=web)
- Evento: interação com ent_2 via purchase em ts=1700279330 (canal=app)
- Evento: interação com ent_28 via add_to_cart em ts=1700239790 (canal=web)
- Evento: interação com ent_36 via search em ts=1700202110 (canal=app)
- Evento: interação com ent_9 via search em ts=1700119130 (canal=app)
- Evento: interação com ent_57 via add_to_cart em ts=1700011790 (canal=app)"
cust_5335,pesado,last_entity,topk_estatico,ent_14,,False,malformed,293,"## Contexto do cliente: cust_5335 (top-3 por frequência)
- ent_57 (5 interações) [view, search, add_to_cart], último em ts=1702640210
- ent_2 (5 interações) [view, support_ticket, purchase], último em ts=1701278300
- ent_28 (4 interações) [view, purchase, add_to_cart], último em ts=1703382290"
cust_5335,pesado,last_entity,hibrido_sob_demanda,ent_14,ent_14,True,correct,525,"## Contexto do cliente: cust_5335
Canais com atividade encontrada: 2 (app, web)
Resumo de atividade (42 eventos totais): view: 22, add_to_cart: 7, search: 6, purchase: 5, support_ticket: 2

### Entidades mais relevantes (ranqueadas por PageRank personalizado)
- ent_14 (relevância=0.017): 2 eventos [view, search], último em ts=1703482430
- ent_8 (relevância=0.015): 4 eventos [view, add_to_cart, purchase], último em ts=1702803950
- ent_28 (relevância=0.011): 4 eventos [view, purchase, add_to_cart], último em ts=1703382290"
cust_5335,pesado,last_entity,sessao_memoria,ent_14,,False,malformed,520,"## Contexto do cliente: cust_5335 (turno 0)
Resumo de atividade (42 eventos totais): view: 22, add_to_cart: 7, search: 6, purchase: 5, support_ticket: 2

- ent_8 (relevância=0.043): estado mais recente = view em ts=1702803950 (havia também interações anteriores registradas)
- ent_57 (relevância=0.041): estado mais recente = search em ts=1702640210 (havia também interações anteriores registradas)
- ent_56 (relevância=0.039): estado mais recente = view em ts=1703476040 (havia também interações anteriores registradas)"
cust_5335,pesado,last_entity,sessao_memoria_sem_clash,ent_14,,False,malformed,549,"## Contexto do cliente: cust_5335 (turno 0)
Resumo de atividade (42 eventos totais): view: 22, add_to_cart: 7, search: 6, purchase: 5, support_ticket: 2

- ent_8 (relevância=0.043): view em ts=1702803950; add_to_cart em ts=1702576310; purchase em ts=1701713510; view em ts=1701299240
- ent_57 (relevância=0.041): search em ts=1702640210; view em ts=1701536690; view em ts=1701340400; view em ts=1700699630; add_to_cart em ts=1700011790
- ent_56 (relevância=0.039): view em ts=1703476040; support_ticket em ts=1703007200; add_to_cart em ts=1702442030"
cust_226,pesado,last_entity,sem_retrieval,ent_28,,False,malformed,64,Nenhuma informação adicional sobre este cliente está disponível.
cust_226,pesado,last_entity,contexto_completo,ent_28,ent_28,True,correct,3345,"Histórico completo de eventos do cliente cust_226 (45 eventos):
- Evento: interação com ent_28 via view em ts=1703545760 (canal=web)
- Evento: interação com ent_58 via search em ts=1703473430 (canal=app)
- Evento: interação com ent_4 via support_ticket em ts=1703470340 (canal=app)
- Evento: interação com ent_46 via add_to_cart em ts=1703394110 (canal=app)
- Evento: interação com ent_46 via purchase em ts=1703393720 (canal=app)
- Evento: interação com ent_27 via view em ts=1703362790 (canal=app)
- Evento: interação com ent_26 via view em ts=1703360330 (canal=web)
- Evento: interação com ent_23 via view em ts=1703202320 (canal=app)
- Evento: interação com ent_54 via view em ts=1703193950 (canal=app)
- Evento: interação com ent_28 via search em ts=1703071670 (canal=app)
- Evento: interação com ent_46 via add_to_cart em ts=1703001770 (canal=app)
- Evento: interação com ent_18 via add_to_cart em ts=1702981580 (canal=web)
- Evento: interação com ent_24 via add_to_cart em ts=1702913480 (canal=web)
- Evento: interação com ent_19 via add_to_cart em ts=1702887110 (canal=app)
- Evento: interação com ent_59 via add_to_cart em ts=1702824860 (canal=app)
- Evento: interação com ent_14 via search em ts=1702816190 (canal=app)
- Evento: interação com ent_27 via view em ts=1702814840 (canal=web)
- Evento: interação com ent_27 via add_to_cart em ts=1702617140 (canal=app)
- Evento: interação com ent_25 via support_ticket em ts=1702593890 (canal=web)
- Evento: interação com ent_14 via search em ts=1702557380 (canal=app)
- Evento: interação com ent_14 via view em ts=1702459340 (canal=web)
- Evento: interação com ent_24 via view em ts=1702421990 (canal=web)
- Evento: interação com ent_46 via add_to_cart em ts=1702404170 (canal=web)
- Evento: interação com ent_39 via add_to_cart em ts=1702373570 (canal=web)
- Evento: interação com ent_14 via support_ticket em ts=1702328870 (canal=app)
- Evento: interação com ent_54 via search em ts=1702325990 (canal=web)
- Evento: interação com ent_28 via search em ts=1702259270 (canal=app)
- Evento: interação com ent_27 via view em ts=1702190210 (canal=app)
- Evento: interação com ent_18 via add_to_cart em ts=1702034480 (canal=app)
- Evento: interação com ent_26 via support_ticket em ts=1702030340 (canal=web)
- Evento: interação com ent_46 via search em ts=1701720980 (canal=web)
- Evento: interação com ent_46 via add_to_cart em ts=1701305480 (canal=app)
- Evento: interação com ent_24 via support_ticket em ts=1701280100 (canal=web)
- Evento: interação com ent_19 via view em ts=1701027920 (canal=web)
- Evento: interação com ent_27 via search em ts=1700961110 (canal=app)
- Evento: interação com ent_53 via add_to_cart em ts=1700913080 (canal=web)
- Evento: interação com ent_39 via view em ts=1700905460 (canal=app)
- Evento: interação com ent_28 via search em ts=1700614640 (canal=app)
- Evento: interação com ent_38 via add_to_cart em ts=1700473520 (canal=web)
- Evento: interação com ent_5 via view em ts=1700352650 (canal=app)
- Evento: interação com ent_39 via view em ts=1700327390 (canal=web)
- Evento: interação com ent_39 via search em ts=1700318180 (canal=web)
- Evento: interação com ent_25 via support_ticket em ts=1700261510 (canal=web)
- Evento: interação com ent_24 via purchase em ts=1700075030 (canal=app)
- Evento: interação com ent_43 via view em ts=1700049440 (canal=web)"
cust_226,pesado,last_entity,topk_estatico,ent_28,,False,malformed,298,"## Contexto do cliente: cust_226 (top-3 por frequência)
- ent_46 (6 interações) [add_to_cart, purchase, search], último em ts=1703394110
- ent_27 (5 interações) [view, add_to_cart, search], último em ts=1703362790
- ent_24 (4 interações) [add_to_cart, view, support_ticket], último em ts=1702913480"
cust_226,pesado,last_entity,hibrido_sob_demanda,ent_28,,False,malformed,551,"## Contexto do cliente: cust_226
Canais com atividade encontrada: 2 (app, web)
Resumo de atividade (45 eventos totais): view: 14, add_to_cart: 13, search: 10, support_ticket: 6, purchase: 2

### Entidades mais relevantes (ranqueadas por PageRank personalizado)
- ent_46 (relevância=0.015): 6 eventos [add_to_cart, purchase, search], último em ts=1703394110
- ent_24 (relevância=0.015): 4 eventos [add_to_cart, view, support_ticket], último em ts=1702913480
- ent_14 (relevância=0.014): 4 eventos [search, view, support_ticket], último em ts=1702816190"
cust_226,pesado,last_entity,sessao_memoria,ent_28,,False,malformed,529,"## Contexto do cliente: cust_226 (turno 0)
Resumo de atividade (45 eventos totais): view: 14, add_to_cart: 13, search: 10, support_ticket: 6, purchase: 2

- ent_46 (relevância=0.063): estado mais recente = add_to_cart em ts=1703394110 (havia também interações anteriores registradas)
- ent_14 (relevância=0.052): estado mais recente = search em ts=1702816190 (havia também interações anteriores registradas)
- ent_27 (relevância=0.049): estado mais recente = view em ts=1703362790 (havia também interações anteriores registradas)"
cust_226,pesado,last_entity,sessao_memoria_sem_clash,ent_28,,False,malformed,640,"## Contexto do cliente: cust_226 (turno 0)
Resumo de atividade (45 eventos totais): view: 14, add_to_cart: 13, search: 10, support_ticket: 6, purchase: 2

- ent_46 (relevância=0.063): add_to_cart em ts=1703394110; purchase em ts=1703393720; add_to_cart em ts=1703001770; add_to_cart em ts=1702404170; search em ts=1701720980; add_to_cart em ts=1701305480
- ent_14 (relevância=0.052): search em ts=1702816190; search em ts=1702557380; view em ts=1702459340; support_ticket em ts=1702328870
- ent_27 (relevância=0.049): view em ts=1703362790; view em ts=1702814840; add_to_cart em ts=1702617140; view em ts=1702190210; search em ts=1700961110"
cust_9129,pesado,last_entity,sem_retrieval,ent_6,,False,malformed,64,Nenhuma informação adicional sobre este cliente está disponível.
cust_9129,pesado,last_entity,contexto_completo,ent_6,,False,malformed,1723,"Histórico completo de eventos do cliente cust_9129 (23 eventos):
- Evento: interação com ent_34 via view em ts=1703475260 (canal=web)
- Evento: interação com ent_23 via view em ts=1703393600 (canal=web)
- Evento: interação com ent_57 via support_ticket em ts=1703176370 (canal=web)
- Evento: interação com ent_51 via support_ticket em ts=1703117960 (canal=web)
- Evento: interação com ent_51 via view em ts=1703061740 (canal=web)
- Evento: interação com ent_19 via support_ticket em ts=1702686530 (canal=web)
- Evento: interação com ent_27 via support_ticket em ts=1702441190 (canal=web)
- Evento: interação com ent_41 via support_ticket em ts=1702173800 (canal=web)
- Evento: interação com ent_49 via view em ts=1702121330 (canal=web)
- Evento: interação com ent_28 via view em ts=1702035680 (canal=web)
- Evento: interação com ent_57 via view em ts=1701990080 (canal=web)
- Evento: interação com ent_27 via view em ts=1701894890 (canal=web)
- Evento: interação com ent_28 via add_to_cart em ts=1701765770 (canal=web)
- Evento: interação com ent_31 via view em ts=1701481670 (canal=web)
- Evento: interação com ent_52 via view em ts=1701451610 (canal=web)
- Evento: interação com ent_49 via view em ts=1701298040 (canal=web)
- Evento: interação com ent_19 via view em ts=1701078320 (canal=web)
- Evento: interação com ent_41 via view em ts=1700897480 (canal=web)
- Evento: interação com ent_51 via search em ts=1700894480 (canal=web)
- Evento: interação com ent_57 via search em ts=1700746760 (canal=web)
- Evento: interação com ent_51 via add_to_cart em ts=1700694770 (canal=web)
- Evento: interação com ent_31 via purchase em ts=1700690870 (canal=web)
- Evento: interação com ent_27 via view em ts=1700301470 (canal=web)"
cust_9129,pesado,last_entity,topk_estatico,ent_6,,False,malformed,288,"## Contexto do cliente: cust_9129 (top-3 por frequência)
- ent_51 (4 interações) [support_ticket, view, search], último em ts=1703117960
- ent_27 (3 interações) [view, support_ticket], último em ts=1702441190
- ent_57 (3 interações) [support_ticket, view, search], último em ts=1703176370"
cust_9129,pesado,last_entity,hibrido_sob_demanda,ent_6,,False,malformed,531,"## Contexto do cliente: cust_9129
Canais com atividade encontrada: 1 (web)
Resumo de atividade (23 eventos totais): view: 13, support_ticket: 5, add_to_cart: 2, search: 2, purchase: 1

### Entidades mais relevantes (ranqueadas por PageRank personalizado)
- ent_51 (relevância=0.015): 4 eventos [support_ticket, view, search], último em ts=1703117960
- ent_27 (relevância=0.014): 3 eventos [view, support_ticket], último em ts=1702441190
- ent_57 (relevância=0.013): 3 eventos [support_ticket, view, search], último em ts=1703176370"
cust_9129,pesado,last_entity,sessao_memoria,ent_6,,False,malformed,549,"## Contexto do cliente: cust_9129 (turno 0)
Resumo de atividade (23 eventos totais): view: 13, support_ticket: 5, add_to_cart: 2, search: 2, purchase: 1

- ent_51 (relevância=0.055): estado mais recente = support_ticket em ts=1703117960 (havia também interações anteriores registradas)
- ent_27 (relevância=0.046): estado mais recente = support_ticket em ts=1702441190 (havia também interações anteriores registradas)
- ent_57 (relevância=0.046): estado mais recente = support_ticket em ts=1703176370 (havia também interações anteriores registradas)"
cust_9129,pesado,last_entity,sessao_memoria_sem_clash,ent_6,,False,malformed,508,"## Contexto do cliente: cust_9129 (turno 0)
Resumo de atividade (23 eventos totais): view: 13, support_ticket: 5, add_to_cart: 2, search: 2, purchase: 1

- ent_51 (relevância=0.055): support_ticket em ts=1703117960; view em ts=1703061740; search em ts=1700894480; add_to_cart em ts=1700694770
- ent_27 (relevância=0.046): support_ticket em ts=1702441190; view em ts=1701894890; view em ts=1700301470
- ent_57 (relevância=0.046): support_ticket em ts=1703176370; view em ts=1701990080; search em ts=1700746760"
cust_1171,pesado,last_entity,sem_retrieval,ent_55,,False,malformed,64,Nenhuma informação adicional sobre este cliente está disponível.
cust_1171,pesado,last_entity,contexto_completo,ent_55,ent_55,True,correct,4556,"Histórico completo de eventos do cliente cust_1171 (62 eventos):
- Evento: interação com ent_55 via add_to_cart em ts=1703522600 (canal=app)
- Evento: interação com ent_15 via add_to_cart em ts=1703477990 (canal=web)
- Evento: interação com ent_30 via support_ticket em ts=1703284190 (canal=app)
- Evento: interação com ent_36 via view em ts=1703135720 (canal=web)
- Evento: interação com ent_30 via view em ts=1703134340 (canal=web)
- Evento: interação com ent_50 via add_to_cart em ts=1703116280 (canal=app)
- Evento: interação com ent_45 via search em ts=1703113010 (canal=app)
- Evento: interação com ent_34 via view em ts=1703069090 (canal=web)
- Evento: interação com ent_14 via search em ts=1703040980 (canal=web)
- Evento: interação com ent_32 via add_to_cart em ts=1702879160 (canal=app)
- Evento: interação com ent_17 via view em ts=1702859750 (canal=app)
- Evento: interação com ent_40 via view em ts=1702603970 (canal=web)
- Evento: interação com ent_43 via view em ts=1702550300 (canal=web)
- Evento: interação com ent_45 via view em ts=1702503770 (canal=app)
- Evento: interação com ent_23 via add_to_cart em ts=1702452980 (canal=web)
- Evento: interação com ent_42 via view em ts=1702413200 (canal=web)
- Evento: interação com ent_42 via add_to_cart em ts=1702376270 (canal=web)
- Evento: interação com ent_6 via add_to_cart em ts=1702365800 (canal=app)
- Evento: interação com ent_49 via add_to_cart em ts=1702317470 (canal=web)
- Evento: interação com ent_7 via search em ts=1702269320 (canal=web)
- Evento: interação com ent_14 via view em ts=1702161950 (canal=web)
- Evento: interação com ent_30 via search em ts=1702070330 (canal=app)
- Evento: interação com ent_48 via view em ts=1702004090 (canal=app)
- Evento: interação com ent_33 via search em ts=1701999890 (canal=web)
- Evento: interação com ent_5 via purchase em ts=1701980180 (canal=app)
- Evento: interação com ent_15 via view em ts=1701942200 (canal=web)
- Evento: interação com ent_43 via add_to_cart em ts=1701890930 (canal=web)
- Evento: interação com ent_30 via search em ts=1701786440 (canal=app)
- Evento: interação com ent_12 via purchase em ts=1701644690 (canal=web)
- Evento: interação com ent_41 via view em ts=1701495140 (canal=web)
- Evento: interação com ent_15 via purchase em ts=1701445460 (canal=web)
- Evento: interação com ent_11 via view em ts=1701261500 (canal=app)
- Evento: interação com ent_42 via search em ts=1701221300 (canal=app)
- Evento: interação com ent_42 via view em ts=1701176270 (canal=app)
- Evento: interação com ent_5 via add_to_cart em ts=1701112190 (canal=web)
- Evento: interação com ent_30 via view em ts=1701067310 (canal=app)
- Evento: interação com ent_45 via support_ticket em ts=1701034880 (canal=web)
- Evento: interação com ent_42 via view em ts=1701029450 (canal=app)
- Evento: interação com ent_50 via search em ts=1701026570 (canal=app)
- Evento: interação com ent_36 via add_to_cart em ts=1701001370 (canal=web)
- Evento: interação com ent_42 via support_ticket em ts=1700972360 (canal=web)
- Evento: interação com ent_55 via add_to_cart em ts=1700912900 (canal=app)
- Evento: interação com ent_48 via view em ts=1700905970 (canal=app)
- Evento: interação com ent_43 via add_to_cart em ts=1700900060 (canal=web)
- Evento: interação com ent_30 via purchase em ts=1700818130 (canal=web)
- Evento: interação com ent_46 via purchase em ts=1700816540 (canal=web)
- Evento: interação com ent_30 via add_to_cart em ts=1700786960 (canal=web)
- Evento: interação com ent_42 via add_to_cart em ts=1700745020 (canal=web)
- Evento: interação com ent_50 via add_to_cart em ts=1700743970 (canal=app)
- Evento: interação com ent_45 via view em ts=1700725970 (canal=web)
- Evento: interação com ent_22 via view em ts=1700708870 (canal=web)
- Evento: interação com ent_15 via add_to_cart em ts=1700595830 (canal=web)
- Evento: interação com ent_34 via add_to_cart em ts=1700504780 (canal=web)
- Evento: interação com ent_12 via search em ts=1700501030 (canal=app)
- Evento: interação com ent_34 via view em ts=1700459480 (canal=app)
- Evento: interação com ent_40 via search em ts=1700389700 (canal=web)
- Evento: interação com ent_14 via add_to_cart em ts=1700291780 (canal=app)
- Evento: interação com ent_41 via search em ts=1700281760 (canal=app)
- Evento: interação com ent_12 via purchase em ts=1700232440 (canal=app)
- Evento: interação com ent_14 via add_to_cart em ts=1700136530 (canal=app)
- Evento: interação com ent_45 via view em ts=1700129480 (canal=web)
- Evento: interação com ent_15 via search em ts=1700010200 (canal=app)"
cust_1171,pesado,last_entity,topk_estatico,ent_55,,False,malformed,292,"## Contexto do cliente: cust_1171 (top-3 por frequência)
- ent_42 (7 interações) [view, add_to_cart, search], último em ts=1702413200
- ent_30 (7 interações) [view, search, support_ticket], último em ts=1703284190
- ent_15 (5 interações) [add_to_cart, view, purchase], último em ts=1703477990"
cust_1171,pesado,last_entity,hibrido_sob_demanda,ent_55,,False,malformed,540,"## Contexto do cliente: cust_1171
Canais com atividade encontrada: 2 (app, web)
Resumo de atividade (62 eventos totais): view: 21, add_to_cart: 20, search: 12, purchase: 6, support_ticket: 3

### Entidades mais relevantes (ranqueadas por PageRank personalizado)
- ent_14 (relevância=0.014): 4 eventos [add_to_cart, search, view], último em ts=1703040980
- ent_42 (relevância=0.013): 7 eventos [view, add_to_cart, search], último em ts=1702413200
- ent_30 (relevância=0.012): 7 eventos [view, search, support_ticket], último em ts=1703284190"
cust_1171,pesado,last_entity,sessao_memoria,ent_55,,False,malformed,533,"## Contexto do cliente: cust_1171 (turno 0)
Resumo de atividade (62 eventos totais): view: 21, add_to_cart: 20, search: 12, purchase: 6, support_ticket: 3

- ent_30 (relevância=0.055): estado mais recente = support_ticket em ts=1703284190 (havia também interações anteriores registradas)
- ent_42 (relevância=0.049): estado mais recente = view em ts=1702413200 (havia também interações anteriores registradas)
- ent_14 (relevância=0.042): estado mais recente = search em ts=1703040980 (havia também interações anteriores registradas)"
cust_1171,pesado,last_entity,sessao_memoria_sem_clash,ent_55,,False,malformed,720,"## Contexto do cliente: cust_1171 (turno 0)
Resumo de atividade (62 eventos totais): view: 21, add_to_cart: 20, search: 12, purchase: 6, support_ticket: 3

- ent_30 (relevância=0.055): support_ticket em ts=1703284190; view em ts=1703134340; search em ts=1702070330; search em ts=1701786440; view em ts=1701067310; purchase em ts=1700818130; add_to_cart em ts=1700786960
- ent_42 (relevância=0.049): view em ts=1702413200; add_to_cart em ts=1702376270; search em ts=1701221300; view em ts=1701176270; view em ts=1701029450; support_ticket em ts=1700972360; add_to_cart em ts=1700745020
- ent_14 (relevância=0.042): search em ts=1703040980; view em ts=1702161950; add_to_cart em ts=1700291780; add_to_cart em ts=1700136530"
cust_553,leve,support_ticket_count,sem_retrieval,2,,False,malformed,64,Nenhuma informação adicional sobre este cliente está disponível.
cust_553,leve,support_ticket_count,contexto_completo,2,2,True,correct,860,"Histórico completo de eventos do cliente cust_553 (11 eventos):
- Evento: interação com ent_42 via search em ts=1703388080 (canal=web)
- Evento: interação com ent_30 via view em ts=1703226320 (canal=web)
- Evento: interação com ent_56 via search em ts=1703220860 (canal=app)
- Evento: interação com ent_46 via support_ticket em ts=1703168990 (canal=app)
- Evento: interação com ent_4 via view em ts=1703142020 (canal=app)
- Evento: interação com ent_56 via add_to_cart em ts=1702798760 (canal=app)
- Evento: interação com ent_42 via purchase em ts=1702687340 (canal=app)
- Evento: interação com ent_39 via view em ts=1702287680 (canal=app)
- Evento: interação com ent_30 via purchase em ts=1702210460 (canal=app)
- Evento: interação com ent_30 via view em ts=1700770070 (canal=app)
- Evento: interação com ent_30 via support_ticket em ts=1700713760 (canal=web)"
cust_553,leve,support_ticket_count,topk_estatico,2,2,True,correct,276,"## Contexto do cliente: cust_553 (top-3 por frequência)
- ent_30 (4 interações) [view, purchase, support_ticket], último em ts=1703226320
- ent_42 (2 interações) [search, purchase], último em ts=1703388080
- ent_56 (2 interações) [search, add_to_cart], último em ts=1703220860"
cust_553,leve,support_ticket_count,hibrido_sob_demanda,2,2,True,correct,518,"## Contexto do cliente: cust_553
Canais com atividade encontrada: 2 (app, web)
Resumo de atividade (11 eventos totais): view: 4, support_ticket: 2, purchase: 2, search: 2, add_to_cart: 1

### Entidades mais relevantes (ranqueadas por PageRank personalizado)
- ent_30 (relevância=0.032): 4 eventos [view, purchase, support_ticket], último em ts=1703226320
- ent_42 (relevância=0.023): 2 eventos [search, purchase], último em ts=1703388080
- ent_46 (relevância=0.013): 1 eventos [support_ticket], último em ts=1703168990"
cust_553,leve,support_ticket_count,sessao_memoria,2,2,True,correct,521,"## Contexto do cliente: cust_553 (turno 0)
Resumo de atividade (11 eventos totais): view: 4, support_ticket: 2, purchase: 2, search: 2, add_to_cart: 1

- ent_30 (relevância=0.064): estado mais recente = view em ts=1703226320 (havia também interações anteriores registradas)
- ent_42 (relevância=0.048): estado mais recente = search em ts=1703388080 (havia também interações anteriores registradas)
- ent_56 (relevância=0.044): estado mais recente = search em ts=1703220860 (havia também interações anteriores registradas)"
cust_553,leve,support_ticket_count,sessao_memoria_sem_clash,2,2,True,correct,448,"## Contexto do cliente: cust_553 (turno 0)
Resumo de atividade (11 eventos totais): view: 4, support_ticket: 2, purchase: 2, search: 2, add_to_cart: 1

- ent_30 (relevância=0.064): view em ts=1703226320; purchase em ts=1702210460; view em ts=1700770070; support_ticket em ts=1700713760
- ent_42 (relevância=0.048): search em ts=1703388080; purchase em ts=1702687340
- ent_56 (relevância=0.044): search em ts=1703220860; add_to_cart em ts=1702798760"
cust_2187,leve,support_ticket_count,sem_retrieval,3,,False,malformed,64,Nenhuma informação adicional sobre este cliente está disponível.
cust_2187,leve,support_ticket_count,contexto_completo,3,3,True,correct,741,"Histórico completo de eventos do cliente cust_2187 (9 eventos):
- Evento: interação com ent_28 via support_ticket em ts=1703082890 (canal=web)
- Evento: interação com ent_26 via support_ticket em ts=1702152470 (canal=web)
- Evento: interação com ent_25 via view em ts=1702070750 (canal=web)
- Evento: interação com ent_58 via support_ticket em ts=1701893390 (canal=web)
- Evento: interação com ent_24 via add_to_cart em ts=1701439880 (canal=app)
- Evento: interação com ent_54 via add_to_cart em ts=1701211970 (canal=web)
- Evento: interação com ent_24 via purchase em ts=1700694020 (canal=app)
- Evento: interação com ent_18 via search em ts=1700594570 (canal=app)
- Evento: interação com ent_46 via add_to_cart em ts=1700163530 (canal=app)"
cust_2187,leve,support_ticket_count,topk_estatico,3,3,True,correct,250,"## Contexto do cliente: cust_2187 (top-3 por frequência)
- ent_24 (2 interações) [add_to_cart, purchase], último em ts=1701439880
- ent_46 (1 interações) [add_to_cart], último em ts=1700163530
- ent_18 (1 interações) [search], último em ts=1700594570"
cust_2187,leve,support_ticket_count,hibrido_sob_demanda,3,3,True,correct,500,"## Contexto do cliente: cust_2187
Canais com atividade encontrada: 2 (app, web)
Resumo de atividade (9 eventos totais): add_to_cart: 3, support_ticket: 3, search: 1, purchase: 1, view: 1

### Entidades mais relevantes (ranqueadas por PageRank personalizado)
- ent_28 (relevância=0.019): 1 eventos [support_ticket], último em ts=1703082890
- ent_58 (relevância=0.017): 1 eventos [support_ticket], último em ts=1701893390
- ent_26 (relevância=0.016): 1 eventos [support_ticket], último em ts=1702152470"
cust_2187,leve,support_ticket_count,sessao_memoria,3,3,True,correct,446,"## Contexto do cliente: cust_2187 (turno 0)
Resumo de atividade (9 eventos totais): add_to_cart: 3, support_ticket: 3, search: 1, purchase: 1, view: 1

- ent_24 (relevância=0.060): estado mais recente = add_to_cart em ts=1701439880 (havia também interações anteriores registradas)
- ent_28 (relevância=0.054): estado mais recente = support_ticket em ts=1703082890
- ent_58 (relevância=0.049): estado mais recente = support_ticket em ts=1701893390"
cust_2187,leve,support_ticket_count,sessao_memoria_sem_clash,3,3,True,correct,358,"## Contexto do cliente: cust_2187 (turno 0)
Resumo de atividade (9 eventos totais): add_to_cart: 3, support_ticket: 3, search: 1, purchase: 1, view: 1

- ent_24 (relevância=0.060): add_to_cart em ts=1701439880; purchase em ts=1700694020
- ent_28 (relevância=0.054): support_ticket em ts=1703082890
- ent_58 (relevância=0.049): support_ticket em ts=1701893390"
cust_8814,leve,support_ticket_count,sem_retrieval,2,,False,malformed,64,Nenhuma informação adicional sobre este cliente está disponível.
cust_8814,leve,support_ticket_count,contexto_completo,2,2,True,correct,719,"Histórico completo de eventos do cliente cust_8814 (9 eventos):
- Evento: interação com ent_8 via support_ticket em ts=1703464130 (canal=web)
- Evento: interação com ent_3 via view em ts=1703441870 (canal=web)
- Evento: interação com ent_41 via purchase em ts=1703209640 (canal=web)
- Evento: interação com ent_37 via support_ticket em ts=1702740530 (canal=app)
- Evento: interação com ent_12 via view em ts=1702556540 (canal=app)
- Evento: interação com ent_20 via search em ts=1702400810 (canal=web)
- Evento: interação com ent_14 via add_to_cart em ts=1701331940 (canal=app)
- Evento: interação com ent_43 via search em ts=1700640650 (canal=web)
- Evento: interação com ent_30 via search em ts=1700162360 (canal=app)"
cust_8814,leve,support_ticket_count,topk_estatico,2,2,True,correct,235,"## Contexto do cliente: cust_8814 (top-3 por frequência)
- ent_30 (1 interações) [search], último em ts=1700162360
- ent_43 (1 interações) [search], último em ts=1700640650
- ent_14 (1 interações) [add_to_cart], último em ts=1701331940"
cust_8814,leve,support_ticket_count,hibrido_sob_demanda,2,2,True,correct,490,"## Contexto do cliente: cust_8814
Canais com atividade encontrada: 2 (app, web)
Resumo de atividade (9 eventos totais): search: 3, view: 2, support_ticket: 2, add_to_cart: 1, purchase: 1

### Entidades mais relevantes (ranqueadas por PageRank personalizado)
- ent_41 (relevância=0.016): 1 eventos [purchase], último em ts=1703209640
- ent_8 (relevância=0.016): 1 eventos [support_ticket], último em ts=1703464130
- ent_14 (relevância=0.013): 1 eventos [add_to_cart], último em ts=1701331940"
cust_8814,leve,support_ticket_count,sessao_memoria,2,2,True,correct,393,"## Contexto do cliente: cust_8814 (turno 0)
Resumo de atividade (9 eventos totais): search: 3, view: 2, support_ticket: 2, add_to_cart: 1, purchase: 1

- ent_37 (relevância=0.045): estado mais recente = support_ticket em ts=1702740530
- ent_8 (relevância=0.045): estado mais recente = support_ticket em ts=1703464130
- ent_41 (relevância=0.044): estado mais recente = purchase em ts=1703209640"
cust_8814,leve,support_ticket_count,sessao_memoria_sem_clash,2,2,True,correct,327,"## Contexto do cliente: cust_8814 (turno 0)
Resumo de atividade (9 eventos totais): search: 3, view: 2, support_ticket: 2, add_to_cart: 1, purchase: 1

- ent_37 (relevância=0.045): support_ticket em ts=1702740530
- ent_8 (relevância=0.045): support_ticket em ts=1703464130
- ent_41 (relevância=0.044): purchase em ts=1703209640"
cust_3070,leve,support_ticket_count,sem_retrieval,1,,False,malformed,64,Nenhuma informação adicional sobre este cliente está disponível.
cust_3070,leve,support_ticket_count,contexto_completo,1,1,True,correct,417,"Histórico completo de eventos do cliente cust_3070 (5 eventos):
- Evento: interação com ent_40 via view em ts=1702839770 (canal=web)
- Evento: interação com ent_34 via add_to_cart em ts=1702052930 (canal=app)
- Evento: interação com ent_14 via search em ts=1701708710 (canal=app)
- Evento: interação com ent_30 via view em ts=1700863460 (canal=app)
- Evento: interação com ent_55 via view em ts=1700162240 (canal=app)"
cust_3070,leve,support_ticket_count,topk_estatico,1,1,True,correct,226,"## Contexto do cliente: cust_3070 (top-3 por frequência)
- ent_55 (1 interações) [view], último em ts=1700162240
- ent_30 (1 interações) [view], último em ts=1700863460
- ent_14 (1 interações) [search], último em ts=1701708710"
cust_3070,leve,support_ticket_count,hibrido_sob_demanda,1,1,True,correct,440,"## Contexto do cliente: cust_3070
Canais com atividade encontrada: 2 (app, web)
Resumo de atividade (5 eventos totais): view: 3, search: 1, add_to_cart: 1

### Entidades mais relevantes (ranqueadas por PageRank personalizado)
- ent_40 (relevância=0.028): 1 eventos [view], último em ts=1702839770
- ent_14 (relevância=0.023): 1 eventos [search], último em ts=1701708710
- ent_30 (relevância=0.016): 1 eventos [view], último em ts=1700863460"
cust_3070,leve,support_ticket_count,sessao_memoria,1,1,True,correct,347,"## Contexto do cliente: cust_3070 (turno 0)
Resumo de atividade (5 eventos totais): view: 3, search: 1, add_to_cart: 1

- ent_14 (relevância=0.051): estado mais recente = search em ts=1701708710
- ent_40 (relevância=0.049): estado mais recente = view em ts=1702839770
- ent_34 (relevância=0.042): estado mais recente = add_to_cart em ts=1702052930"
cust_3070,leve,support_ticket_count,sessao_memoria_sem_clash,1,1,True,correct,281,"## Contexto do cliente: cust_3070 (turno 0)
Resumo de atividade (5 eventos totais): view: 3, search: 1, add_to_cart: 1

- ent_14 (relevância=0.051): search em ts=1701708710
- ent_40 (relevância=0.049): view em ts=1702839770
- ent_34 (relevância=0.042): add_to_cart em ts=1702052930"
cust_270,leve,support_ticket_count,sem_retrieval,1,,False,malformed,64,Nenhuma informação adicional sobre este cliente está disponível.
cust_270,leve,support_ticket_count,contexto_completo,1,1,True,correct,710,"Histórico completo de eventos do cliente cust_270 (9 eventos):
- Evento: interação com ent_46 via search em ts=1702524230 (canal=app)
- Evento: interação com ent_52 via view em ts=1701876620 (canal=app)
- Evento: interação com ent_39 via add_to_cart em ts=1701872720 (canal=web)
- Evento: interação com ent_30 via view em ts=1700712140 (canal=web)
- Evento: interação com ent_0 via view em ts=1700642600 (canal=web)
- Evento: interação com ent_39 via search em ts=1700496740 (canal=app)
- Evento: interação com ent_56 via add_to_cart em ts=1700336000 (canal=web)
- Evento: interação com ent_39 via view em ts=1700193560 (canal=app)
- Evento: interação com ent_32 via support_ticket em ts=1700159480 (canal=app)"
cust_270,leve,support_ticket_count,topk_estatico,1,1,True,correct,261,"## Contexto do cliente: cust_270 (top-3 por frequência)
- ent_39 (3 interações) [add_to_cart, search, view], último em ts=1701872720
- ent_32 (1 interações) [support_ticket], último em ts=1700159480
- ent_56 (1 interações) [add_to_cart], último em ts=1700336000"
cust_270,leve,support_ticket_count,hibrido_sob_demanda,1,1,True,correct,479,"## Contexto do cliente: cust_270
Canais com atividade encontrada: 2 (app, web)
Resumo de atividade (9 eventos totais): view: 4, add_to_cart: 2, search: 2, support_ticket: 1

### Entidades mais relevantes (ranqueadas por PageRank personalizado)
- ent_39 (relevância=0.027): 3 eventos [add_to_cart, search, view], último em ts=1701872720
- ent_46 (relevância=0.016): 1 eventos [search], último em ts=1702524230
- ent_30 (relevância=0.015): 1 eventos [view], último em ts=1700712140"
cust_270,leve,support_ticket_count,sessao_memoria,1,1,True,correct,414,"## Contexto do cliente: cust_270 (turno 0)
Resumo de atividade (9 eventos totais): view: 4, add_to_cart: 2, search: 2, support_ticket: 1

- ent_39 (relevância=0.077): estado mais recente = add_to_cart em ts=1701872720 (havia também interações anteriores registradas)
- ent_46 (relevância=0.050): estado mais recente = search em ts=1702524230
- ent_52 (relevância=0.040): estado mais recente = view em ts=1701876620"
cust_270,leve,support_ticket_count,sessao_memoria_sem_clash,1,1,True,correct,347,"## Contexto do cliente: cust_270 (turno 0)
Resumo de atividade (9 eventos totais): view: 4, add_to_cart: 2, search: 2, support_ticket: 1

- ent_39 (relevância=0.077): add_to_cart em ts=1701872720; search em ts=1700496740; view em ts=1700193560
- ent_46 (relevância=0.050): search em ts=1702524230
- ent_52 (relevância=0.040): view em ts=1701876620"
cust_2442,leve,support_ticket_count,sem_retrieval,2,,False,malformed,64,Nenhuma informação adicional sobre este cliente está disponível.
cust_2442,leve,support_ticket_count,contexto_completo,2,2,True,correct,358,"Histórico completo de eventos do cliente cust_2442 (4 eventos):
- Evento: interação com ent_13 via add_to_cart em ts=1703011580 (canal=web)
- Evento: interação com ent_58 via search em ts=1702387880 (canal=web)
- Evento: interação com ent_9 via purchase em ts=1700444210 (canal=web)
- Evento: interação com ent_52 via add_to_cart em ts=1700149400 (canal=web)"
cust_2442,leve,support_ticket_count,topk_estatico,2,2,True,correct,236,"## Contexto do cliente: cust_2442 (top-3 por frequência)
- ent_52 (1 interações) [add_to_cart], último em ts=1700149400
- ent_9 (1 interações) [purchase], último em ts=1700444210
- ent_58 (1 interações) [search], último em ts=1702387880"
cust_2442,leve,support_ticket_count,hibrido_sob_demanda,2,2,True,correct,453,"## Contexto do cliente: cust_2442
Canais com atividade encontrada: 1 (web)
Resumo de atividade (4 eventos totais): add_to_cart: 2, purchase: 1, search: 1

### Entidades mais relevantes (ranqueadas por PageRank personalizado)
- ent_58 (relevância=0.029): 1 eventos [search], último em ts=1702387880
- ent_13 (relevância=0.027): 1 eventos [add_to_cart], último em ts=1703011580
- ent_52 (relevância=0.018): 1 eventos [add_to_cart], último em ts=1700149400"
cust_2442,leve,support_ticket_count,sessao_memoria,2,2,True,correct,358,"## Contexto do cliente: cust_2442 (turno 0)
Resumo de atividade (4 eventos totais): add_to_cart: 2, purchase: 1, search: 1

- ent_58 (relevância=0.062): estado mais recente = search em ts=1702387880
- ent_13 (relevância=0.061): estado mais recente = add_to_cart em ts=1703011580
- ent_52 (relevância=0.037): estado mais recente = add_to_cart em ts=1700149400"
cust_2442,leve,support_ticket_count,sessao_memoria_sem_clash,2,2,True,correct,292,"## Contexto do cliente: cust_2442 (turno 0)
Resumo de atividade (4 eventos totais): add_to_cart: 2, purchase: 1, search: 1

- ent_58 (relevância=0.062): search em ts=1702387880
- ent_13 (relevância=0.061): add_to_cart em ts=1703011580
- ent_52 (relevância=0.037): add_to_cart em ts=1700149400"
cust_646,leve,support_ticket_count,sem_retrieval,1,,False,malformed,64,Nenhuma informação adicional sobre este cliente está disponível.
cust_646,leve,support_ticket_count,contexto_completo,1,1,True,correct,711,"Histórico completo de eventos do cliente cust_646 (9 eventos):
- Evento: interação com ent_34 via purchase em ts=1703009930 (canal=app)
- Evento: interação com ent_19 via view em ts=1702969820 (canal=web)
- Evento: interação com ent_39 via support_ticket em ts=1702738040 (canal=web)
- Evento: interação com ent_34 via view em ts=1702405940 (canal=web)
- Evento: interação com ent_1 via add_to_cart em ts=1701861140 (canal=app)
- Evento: interação com ent_46 via view em ts=1701572450 (canal=app)
- Evento: interação com ent_0 via add_to_cart em ts=1700615600 (canal=app)
- Evento: interação com ent_46 via view em ts=1700175950 (canal=web)
- Evento: interação com ent_39 via search em ts=1700147060 (canal=app)"
cust_646,leve,support_ticket_count,topk_estatico,1,1,True,correct,251,"## Contexto do cliente: cust_646 (top-3 por frequência)
- ent_39 (2 interações) [support_ticket, search], último em ts=1702738040
- ent_46 (2 interações) [view], último em ts=1701572450
- ent_34 (2 interações) [purchase, view], último em ts=1703009930"
cust_646,leve,support_ticket_count,hibrido_sob_demanda,1,1,True,correct,497,"## Contexto do cliente: cust_646
Canais com atividade encontrada: 2 (app, web)
Resumo de atividade (9 eventos totais): view: 4, add_to_cart: 2, search: 1, support_ticket: 1, purchase: 1

### Entidades mais relevantes (ranqueadas por PageRank personalizado)
- ent_39 (relevância=0.024): 2 eventos [support_ticket, search], último em ts=1702738040
- ent_34 (relevância=0.022): 2 eventos [purchase, view], último em ts=1703009930
- ent_46 (relevância=0.021): 2 eventos [view], último em ts=1701572450"
cust_646,leve,support_ticket_count,sessao_memoria,1,1,True,correct,530,"## Contexto do cliente: cust_646 (turno 0)
Resumo de atividade (9 eventos totais): view: 4, add_to_cart: 2, search: 1, support_ticket: 1, purchase: 1

- ent_34 (relevância=0.053): estado mais recente = purchase em ts=1703009930 (havia também interações anteriores registradas)
- ent_39 (relevância=0.048): estado mais recente = support_ticket em ts=1702738040 (havia também interações anteriores registradas)
- ent_46 (relevância=0.046): estado mais recente = view em ts=1701572450 (havia também interações anteriores registradas)"
cust_646,leve,support_ticket_count,sessao_memoria_sem_clash,1,1,True,correct,388,"## Contexto do cliente: cust_646 (turno 0)
Resumo de atividade (9 eventos totais): view: 4, add_to_cart: 2, search: 1, support_ticket: 1, purchase: 1

- ent_34 (relevância=0.053): purchase em ts=1703009930; view em ts=1702405940
- ent_39 (relevância=0.048): support_ticket em ts=1702738040; search em ts=1700147060
- ent_46 (relevância=0.046): view em ts=1701572450; view em ts=1700175950"
cust_3738,leve,support_ticket_count,sem_retrieval,2,,False,malformed,64,Nenhuma informação adicional sobre este cliente está disponível.
cust_3738,leve,support_ticket_count,contexto_completo,2,2,True,correct,577,"Histórico completo de eventos do cliente cust_3738 (7 eventos):
- Evento: interação com ent_8 via purchase em ts=1703560010 (canal=app)
- Evento: interação com ent_37 via support_ticket em ts=1703302220 (canal=web)
- Evento: interação com ent_38 via support_ticket em ts=1701829220 (canal=app)
- Evento: interação com ent_4 via view em ts=1701824060 (canal=web)
- Evento: interação com ent_38 via view em ts=1701497450 (canal=web)
- Evento: interação com ent_38 via add_to_cart em ts=1701374570 (canal=app)
- Evento: interação com ent_48 via search em ts=1700145470 (canal=web)"
cust_3738,leve,support_ticket_count,topk_estatico,2,2,True,correct,254,"## Contexto do cliente: cust_3738 (top-3 por frequência)
- ent_38 (3 interações) [support_ticket, view, add_to_cart], último em ts=1701829220
- ent_48 (1 interações) [search], último em ts=1700145470
- ent_4 (1 interações) [view], último em ts=1701824060"
cust_3738,leve,support_ticket_count,hibrido_sob_demanda,2,2,True,correct,508,"## Contexto do cliente: cust_3738
Canais com atividade encontrada: 2 (app, web)
Resumo de atividade (7 eventos totais): view: 2, support_ticket: 2, search: 1, add_to_cart: 1, purchase: 1

### Entidades mais relevantes (ranqueadas por PageRank personalizado)
- ent_38 (relevância=0.024): 3 eventos [support_ticket, view, add_to_cart], último em ts=1701829220
- ent_37 (relevância=0.024): 1 eventos [support_ticket], último em ts=1703302220
- ent_4 (relevância=0.017): 1 eventos [view], último em ts=1701824060"
cust_3738,leve,support_ticket_count,sessao_memoria,2,2,True,correct,442,"## Contexto do cliente: cust_3738 (turno 0)
Resumo de atividade (7 eventos totais): view: 2, support_ticket: 2, search: 1, add_to_cart: 1, purchase: 1

- ent_38 (relevância=0.066): estado mais recente = support_ticket em ts=1701829220 (havia também interações anteriores registradas)
- ent_37 (relevância=0.048): estado mais recente = support_ticket em ts=1703302220
- ent_8 (relevância=0.044): estado mais recente = purchase em ts=1703560010"
cust_3738,leve,support_ticket_count,sessao_memoria_sem_clash,2,2,True,correct,380,"## Contexto do cliente: cust_3738 (turno 0)
Resumo de atividade (7 eventos totais): view: 2, support_ticket: 2, search: 1, add_to_cart: 1, purchase: 1

- ent_38 (relevância=0.066): support_ticket em ts=1701829220; view em ts=1701497450; add_to_cart em ts=1701374570
- ent_37 (relevância=0.048): support_ticket em ts=1703302220
- ent_8 (relevância=0.044): purchase em ts=1703560010"
cust_5023,leve,support_ticket_count,sem_retrieval,2,,False,malformed,64,Nenhuma informação adicional sobre este cliente está disponível.
cust_5023,leve,support_ticket_count,contexto_completo,2,2,True,correct,280,"Histórico completo de eventos do cliente cust_5023 (3 eventos):
- Evento: interação com ent_31 via add_to_cart em ts=1703524430 (canal=web)
- Evento: interação com ent_1 via purchase em ts=1702015730 (canal=web)
- Evento: interação com ent_52 via view em ts=1700143190 (canal=web)"
cust_5023,leve,support_ticket_count,topk_estatico,2,2,True,correct,234,"## Contexto do cliente: cust_5023 (top-3 por frequência)
- ent_52 (1 interações) [view], último em ts=1700143190
- ent_1 (1 interações) [purchase], último em ts=1702015730
- ent_31 (1 interações) [add_to_cart], último em ts=1703524430"
cust_5023,leve,support_ticket_count,hibrido_sob_demanda,2,2,True,correct,445,"## Contexto do cliente: cust_5023
Canais com atividade encontrada: 1 (web)
Resumo de atividade (3 eventos totais): view: 1, purchase: 1, add_to_cart: 1

### Entidades mais relevantes (ranqueadas por PageRank personalizado)
- ent_31 (relevância=0.036): 1 eventos [add_to_cart], último em ts=1703524430
- ent_1 (relevância=0.025): 1 eventos [purchase], último em ts=1702015730
- ent_52 (relevância=0.020): 1 eventos [view], último em ts=1700143190"
cust_5023,leve,support_ticket_count,sessao_memoria,2,2,True,correct,350,"## Contexto do cliente: cust_5023 (turno 0)
Resumo de atividade (3 eventos totais): view: 1, purchase: 1, add_to_cart: 1

- ent_31 (relevância=0.085): estado mais recente = add_to_cart em ts=1703524430
- ent_1 (relevância=0.059): estado mais recente = purchase em ts=1702015730
- ent_52 (relevância=0.048): estado mais recente = view em ts=1700143190"
cust_5023,leve,support_ticket_count,sessao_memoria_sem_clash,2,2,True,correct,284,"## Contexto do cliente: cust_5023 (turno 0)
Resumo de atividade (3 eventos totais): view: 1, purchase: 1, add_to_cart: 1

- ent_31 (relevância=0.085): add_to_cart em ts=1703524430
- ent_1 (relevância=0.059): purchase em ts=1702015730
- ent_52 (relevância=0.048): view em ts=1700143190"
cust_5399,leve,support_ticket_count,sem_retrieval,1,,False,malformed,64,Nenhuma informação adicional sobre este cliente está disponível.
cust_5399,leve,support_ticket_count,contexto_completo,1,1,True,correct,711,"Histórico completo de eventos do cliente cust_5399 (9 eventos):
- Evento: interação com ent_28 via view em ts=1703315480 (canal=web)
- Evento: interação com ent_56 via purchase em ts=1703257760 (canal=app)
- Evento: interação com ent_2 via search em ts=1702484780 (canal=app)
- Evento: interação com ent_55 via view em ts=1701318890 (canal=web)
- Evento: interação com ent_8 via search em ts=1701130040 (canal=web)
- Evento: interação com ent_18 via support_ticket em ts=1701077750 (canal=app)
- Evento: interação com ent_57 via view em ts=1701026780 (canal=app)
- Evento: interação com ent_38 via purchase em ts=1700683310 (canal=web)
- Evento: interação com ent_36 via add_to_cart em ts=1700140010 (canal=app)"
cust_5399,leve,support_ticket_count,topk_estatico,1,1,True,correct,235,"## Contexto do cliente: cust_5399 (top-3 por frequência)
- ent_36 (1 interações) [add_to_cart], último em ts=1700140010
- ent_38 (1 interações) [purchase], último em ts=1700683310
- ent_57 (1 interações) [view], último em ts=1701026780"
cust_5399,leve,support_ticket_count,hibrido_sob_demanda,1,1,True,correct,471,"## Contexto do cliente: cust_5399
Canais com atividade encontrada: 2 (app, web)
Resumo de atividade (9 eventos totais): view: 3, purchase: 2, search: 2, add_to_cart: 1, support_ticket: 1

### Entidades mais relevantes (ranqueadas por PageRank personalizado)
- ent_28 (relevância=0.021): 1 eventos [view], último em ts=1703315480
- ent_8 (relevância=0.013): 1 eventos [search], último em ts=1701130040
- ent_55 (relevância=0.012): 1 eventos [view], último em ts=1701318890"
cust_5399,leve,support_ticket_count,sessao_memoria,1,1,True,correct,375,"## Contexto do cliente: cust_5399 (turno 0)
Resumo de atividade (9 eventos totais): view: 3, purchase: 2, search: 2, add_to_cart: 1, support_ticket: 1

- ent_28 (relevância=0.050): estado mais recente = view em ts=1703315480
- ent_56 (relevância=0.047): estado mais recente = purchase em ts=1703257760
- ent_2 (relevância=0.039): estado mais recente = search em ts=1702484780"
cust_5399,leve,support_ticket_count,sessao_memoria_sem_clash,1,1,True,correct,309,"## Contexto do cliente: cust_5399 (turno 0)
Resumo de atividade (9 eventos totais): view: 3, purchase: 2, search: 2, add_to_cart: 1, support_ticket: 1

- ent_28 (relevância=0.050): view em ts=1703315480
- ent_56 (relevância=0.047): purchase em ts=1703257760
- ent_2 (relevância=0.039): search em ts=1702484780"
cust_4516,leve,support_ticket_count,sem_retrieval,1,,False,malformed,64,Nenhuma informação adicional sobre este cliente está disponível.
cust_4516,leve,support_ticket_count,contexto_completo,1,1,True,correct,637,"Histórico completo de eventos do cliente cust_4516 (8 eventos):
- Evento: interação com ent_21 via support_ticket em ts=1703000390 (canal=web)
- Evento: interação com ent_37 via view em ts=1702620440 (canal=web)
- Evento: interação com ent_56 via search em ts=1701917060 (canal=web)
- Evento: interação com ent_56 via view em ts=1701733130 (canal=app)
- Evento: interação com ent_35 via purchase em ts=1701686750 (canal=web)
- Evento: interação com ent_56 via search em ts=1700427230 (canal=web)
- Evento: interação com ent_46 via purchase em ts=1700153810 (canal=web)
- Evento: interação com ent_32 via view em ts=1700136860 (canal=app)"
cust_4516,leve,support_ticket_count,topk_estatico,1,1,True,correct,236,"## Contexto do cliente: cust_4516 (top-3 por frequência)
- ent_56 (3 interações) [search, view], último em ts=1701917060
- ent_32 (1 interações) [view], último em ts=1700136860
- ent_46 (1 interações) [purchase], último em ts=1700153810"
cust_4516,leve,support_ticket_count,hibrido_sob_demanda,1,1,True,correct,472,"## Contexto do cliente: cust_4516
Canais com atividade encontrada: 2 (app, web)
Resumo de atividade (8 eventos totais): view: 3, purchase: 2, search: 2, support_ticket: 1

### Entidades mais relevantes (ranqueadas por PageRank personalizado)
- ent_56 (relevância=0.023): 3 eventos [search, view], último em ts=1701917060
- ent_37 (relevância=0.019): 1 eventos [view], último em ts=1702620440
- ent_21 (relevância=0.013): 1 eventos [support_ticket], último em ts=1703000390"
cust_4516,leve,support_ticket_count,sessao_memoria,1,1,True,correct,415,"## Contexto do cliente: cust_4516 (turno 0)
Resumo de atividade (8 eventos totais): view: 3, purchase: 2, search: 2, support_ticket: 1

- ent_56 (relevância=0.070): estado mais recente = search em ts=1701917060 (havia também interações anteriores registradas)
- ent_37 (relevância=0.048): estado mais recente = view em ts=1702620440
- ent_21 (relevância=0.035): estado mais recente = support_ticket em ts=1703000390"
cust_4516,leve,support_ticket_count,sessao_memoria_sem_clash,1,1,True,correct,348,"## Contexto do cliente: cust_4516 (turno 0)
Resumo de atividade (8 eventos totais): view: 3, purchase: 2, search: 2, support_ticket: 1

- ent_56 (relevância=0.070): search em ts=1701917060; view em ts=1701733130; search em ts=1700427230
- ent_37 (relevância=0.048): view em ts=1702620440
- ent_21 (relevância=0.035): support_ticket em ts=1703000390"
cust_2944,leve,support_ticket_count,sem_retrieval,1,,False,malformed,64,Nenhuma informação adicional sobre este cliente está disponível.
cust_2944,leve,support_ticket_count,contexto_completo,1,1,True,correct,578,"Histórico completo de eventos do cliente cust_2944 (7 eventos):
- Evento: interação com ent_31 via add_to_cart em ts=1703345000 (canal=web)
- Evento: interação com ent_19 via view em ts=1703086970 (canal=app)
- Evento: interação com ent_19 via search em ts=1703068550 (canal=web)
- Evento: interação com ent_33 via add_to_cart em ts=1702894850 (canal=web)
- Evento: interação com ent_14 via add_to_cart em ts=1702836410 (canal=app)
- Evento: interação com ent_31 via search em ts=1700748530 (canal=app)
- Evento: interação com ent_37 via add_to_cart em ts=1700136500 (canal=web)"
cust_2944,leve,support_ticket_count,topk_estatico,1,1,True,correct,254,"## Contexto do cliente: cust_2944 (top-3 por frequência)
- ent_31 (2 interações) [add_to_cart, search], último em ts=1703345000
- ent_19 (2 interações) [view, search], último em ts=1703086970
- ent_37 (1 interações) [add_to_cart], último em ts=1700136500"
cust_2944,leve,support_ticket_count,hibrido_sob_demanda,1,1,True,correct,468,"## Contexto do cliente: cust_2944
Canais com atividade encontrada: 2 (app, web)
Resumo de atividade (7 eventos totais): add_to_cart: 4, search: 2, view: 1

### Entidades mais relevantes (ranqueadas por PageRank personalizado)
- ent_19 (relevância=0.026): 2 eventos [view, search], último em ts=1703086970
- ent_31 (relevância=0.021): 2 eventos [add_to_cart, search], último em ts=1703345000
- ent_14 (relevância=0.019): 1 eventos [add_to_cart], último em ts=1702836410"
cust_2944,leve,support_ticket_count,sessao_memoria,1,1,True,correct,450,"## Contexto do cliente: cust_2944 (turno 0)
Resumo de atividade (7 eventos totais): add_to_cart: 4, search: 2, view: 1

- ent_19 (relevância=0.064): estado mais recente = view em ts=1703086970 (havia também interações anteriores registradas)
- ent_31 (relevância=0.049): estado mais recente = add_to_cart em ts=1703345000 (havia também interações anteriores registradas)
- ent_14 (relevância=0.045): estado mais recente = add_to_cart em ts=1702836410"
cust_2944,leve,support_ticket_count,sessao_memoria_sem_clash,1,1,True,correct,336,"## Contexto do cliente: cust_2944 (turno 0)
Resumo de atividade (7 eventos totais): add_to_cart: 4, search: 2, view: 1

- ent_19 (relevância=0.064): view em ts=1703086970; search em ts=1703068550
- ent_31 (relevância=0.049): add_to_cart em ts=1703345000; search em ts=1700748530
- ent_14 (relevância=0.045): add_to_cart em ts=1702836410"
cust_5175,leve,support_ticket_count,sem_retrieval,2,,False,malformed,64,Nenhuma informação adicional sobre este cliente está disponível.
cust_5175,leve,support_ticket_count,contexto_completo,2,2,True,correct,709,"Histórico completo de eventos do cliente cust_5175 (9 eventos):
- Evento: interação com ent_29 via view em ts=1702928540 (canal=app)
- Evento: interação com ent_43 via view em ts=1702846460 (canal=web)
- Evento: interação com ent_33 via support_ticket em ts=1702431950 (canal=web)
- Evento: interação com ent_41 via support_ticket em ts=1702059050 (canal=app)
- Evento: interação com ent_14 via view em ts=1701920660 (canal=web)
- Evento: interação com ent_33 via add_to_cart em ts=1700542250 (canal=app)
- Evento: interação com ent_31 via view em ts=1700302550 (canal=web)
- Evento: interação com ent_8 via view em ts=1700288630 (canal=web)
- Evento: interação com ent_9 via view em ts=1700136380 (canal=app)"
cust_5175,leve,support_ticket_count,topk_estatico,2,2,True,correct,245,"## Contexto do cliente: cust_5175 (top-3 por frequência)
- ent_33 (2 interações) [support_ticket, add_to_cart], último em ts=1702431950
- ent_9 (1 interações) [view], último em ts=1700136380
- ent_8 (1 interações) [view], último em ts=1700288630"
cust_5175,leve,support_ticket_count,hibrido_sob_demanda,2,2,True,correct,469,"## Contexto do cliente: cust_5175
Canais com atividade encontrada: 2 (app, web)
Resumo de atividade (9 eventos totais): view: 6, support_ticket: 2, add_to_cart: 1

### Entidades mais relevantes (ranqueadas por PageRank personalizado)
- ent_14 (relevância=0.022): 1 eventos [view], último em ts=1701920660
- ent_33 (relevância=0.020): 2 eventos [support_ticket, add_to_cart], último em ts=1702431950
- ent_43 (relevância=0.015): 1 eventos [view], último em ts=1702846460"
cust_5175,leve,support_ticket_count,sessao_memoria,2,2,True,correct,415,"## Contexto do cliente: cust_5175 (turno 0)
Resumo de atividade (9 eventos totais): view: 6, support_ticket: 2, add_to_cart: 1

- ent_33 (relevância=0.057): estado mais recente = support_ticket em ts=1702431950 (havia também interações anteriores registradas)
- ent_14 (relevância=0.045): estado mais recente = view em ts=1701920660
- ent_41 (relevância=0.038): estado mais recente = support_ticket em ts=1702059050"
cust_5175,leve,support_ticket_count,sessao_memoria_sem_clash,2,2,True,correct,330,"## Contexto do cliente: cust_5175 (turno 0)
Resumo de atividade (9 eventos totais): view: 6, support_ticket: 2, add_to_cart: 1

- ent_33 (relevância=0.057): support_ticket em ts=1702431950; add_to_cart em ts=1700542250
- ent_14 (relevância=0.045): view em ts=1701920660
- ent_41 (relevância=0.038): support_ticket em ts=1702059050"
cust_7478,leve,support_ticket_count,sem_retrieval,1,,False,malformed,64,Nenhuma informação adicional sobre este cliente está disponível.
cust_7478,leve,support_ticket_count,contexto_completo,1,1,True,correct,495,"Histórico completo de eventos do cliente cust_7478 (6 eventos):
- Evento: interação com ent_18 via view em ts=1703137670 (canal=web)
- Evento: interação com ent_4 via search em ts=1703002820 (canal=web)
- Evento: interação com ent_19 via add_to_cart em ts=1702796720 (canal=app)
- Evento: interação com ent_15 via view em ts=1701382370 (canal=web)
- Evento: interação com ent_19 via support_ticket em ts=1701322700 (canal=web)
- Evento: interação com ent_54 via view em ts=1700770940 (canal=app)"
cust_7478,leve,support_ticket_count,topk_estatico,1,1,True,correct,247,"## Contexto do cliente: cust_7478 (top-3 por frequência)
- ent_19 (2 interações) [add_to_cart, support_ticket], último em ts=1702796720
- ent_54 (1 interações) [view], último em ts=1700770940
- ent_15 (1 interações) [view], último em ts=1701382370"
cust_7478,leve,support_ticket_count,hibrido_sob_demanda,1,1,True,correct,481,"## Contexto do cliente: cust_7478
Canais com atividade encontrada: 2 (app, web)
Resumo de atividade (6 eventos totais): view: 3, support_ticket: 1, add_to_cart: 1, search: 1

### Entidades mais relevantes (ranqueadas por PageRank personalizado)
- ent_19 (relevância=0.023): 2 eventos [add_to_cart, support_ticket], último em ts=1702796720
- ent_4 (relevância=0.022): 1 eventos [search], último em ts=1703002820
- ent_18 (relevância=0.019): 1 eventos [view], último em ts=1703137670"
cust_7478,leve,support_ticket_count,sessao_memoria,1,1,True,correct,414,"## Contexto do cliente: cust_7478 (turno 0)
Resumo de atividade (6 eventos totais): view: 3, support_ticket: 1, add_to_cart: 1, search: 1

- ent_19 (relevância=0.063): estado mais recente = add_to_cart em ts=1702796720 (havia também interações anteriores registradas)
- ent_4 (relevância=0.048): estado mais recente = search em ts=1703002820
- ent_18 (relevância=0.043): estado mais recente = view em ts=1703137670"
cust_7478,leve,support_ticket_count,sessao_memoria_sem_clash,1,1,True,correct,332,"## Contexto do cliente: cust_7478 (turno 0)
Resumo de atividade (6 eventos totais): view: 3, support_ticket: 1, add_to_cart: 1, search: 1

- ent_19 (relevância=0.063): add_to_cart em ts=1702796720; support_ticket em ts=1701322700
- ent_4 (relevância=0.048): search em ts=1703002820
- ent_18 (relevância=0.043): view em ts=1703137670"
cust_3501,leve,support_ticket_count,sem_retrieval,2,,False,malformed,64,Nenhuma informação adicional sobre este cliente está disponível.
cust_3501,leve,support_ticket_count,contexto_completo,2,2,True,correct,735,"Histórico completo de eventos do cliente cust_3501 (9 eventos):
- Evento: interação com ent_14 via view em ts=1703504270 (canal=app)
- Evento: interação com ent_48 via support_ticket em ts=1702821950 (canal=web)
- Evento: interação com ent_33 via support_ticket em ts=1702634990 (canal=app)
- Evento: interação com ent_38 via add_to_cart em ts=1702444400 (canal=app)
- Evento: interação com ent_56 via add_to_cart em ts=1701785210 (canal=app)
- Evento: interação com ent_0 via view em ts=1701314510 (canal=app)
- Evento: interação com ent_56 via add_to_cart em ts=1701170060 (canal=app)
- Evento: interação com ent_18 via purchase em ts=1700165660 (canal=web)
- Evento: interação com ent_37 via add_to_cart em ts=1700130470 (canal=web)"
cust_3501,leve,support_ticket_count,topk_estatico,2,2,True,correct,242,"## Contexto do cliente: cust_3501 (top-3 por frequência)
- ent_56 (2 interações) [add_to_cart], último em ts=1701785210
- ent_37 (1 interações) [add_to_cart], último em ts=1700130470
- ent_18 (1 interações) [purchase], último em ts=1700165660"
cust_3501,leve,support_ticket_count,hibrido_sob_demanda,2,2,True,correct,476,"## Contexto do cliente: cust_3501
Canais com atividade encontrada: 2 (app, web)
Resumo de atividade (9 eventos totais): add_to_cart: 4, view: 2, support_ticket: 2, purchase: 1

### Entidades mais relevantes (ranqueadas por PageRank personalizado)
- ent_14 (relevância=0.020): 1 eventos [view], último em ts=1703504270
- ent_48 (relevância=0.020): 1 eventos [support_ticket], último em ts=1702821950
- ent_37 (relevância=0.018): 1 eventos [add_to_cart], último em ts=1700130470"
cust_3501,leve,support_ticket_count,sessao_memoria,2,2,True,correct,425,"## Contexto do cliente: cust_3501 (turno 0)
Resumo de atividade (9 eventos totais): add_to_cart: 4, view: 2, support_ticket: 2, purchase: 1

- ent_14 (relevância=0.053): estado mais recente = view em ts=1703504270
- ent_56 (relevância=0.047): estado mais recente = add_to_cart em ts=1701785210 (havia também interações anteriores registradas)
- ent_33 (relevância=0.037): estado mais recente = support_ticket em ts=1702634990"
cust_3501,leve,support_ticket_count,sessao_memoria_sem_clash,2,2,True,correct,340,"## Contexto do cliente: cust_3501 (turno 0)
Resumo de atividade (9 eventos totais): add_to_cart: 4, view: 2, support_ticket: 2, purchase: 1

- ent_14 (relevância=0.053): view em ts=1703504270
- ent_56 (relevância=0.047): add_to_cart em ts=1701785210; add_to_cart em ts=1701170060
- ent_33 (relevância=0.037): support_ticket em ts=1702634990"
cust_8710,leve,support_ticket_count,sem_retrieval,1,,False,malformed,64,Nenhuma informação adicional sobre este cliente está disponível.
cust_8710,leve,support_ticket_count,contexto_completo,1,1,True,correct,497,"Histórico completo de eventos do cliente cust_8710 (6 eventos):
- Evento: interação com ent_31 via purchase em ts=1703187650 (canal=web)
- Evento: interação com ent_28 via search em ts=1702790810 (canal=web)
- Evento: interação com ent_51 via purchase em ts=1702010240 (canal=web)
- Evento: interação com ent_51 via support_ticket em ts=1701941780 (canal=web)
- Evento: interação com ent_27 via view em ts=1701641030 (canal=web)
- Evento: interação com ent_31 via view em ts=1700814440 (canal=web)"
cust_8710,leve,support_ticket_count,topk_estatico,1,1,True,correct,254,"## Contexto do cliente: cust_8710 (top-3 por frequência)
- ent_31 (2 interações) [purchase, view], último em ts=1703187650
- ent_51 (2 interações) [purchase, support_ticket], último em ts=1702010240
- ent_27 (1 interações) [view], último em ts=1701641030"
cust_8710,leve,support_ticket_count,hibrido_sob_demanda,1,1,True,correct,481,"## Contexto do cliente: cust_8710
Canais com atividade encontrada: 1 (web)
Resumo de atividade (6 eventos totais): view: 2, purchase: 2, support_ticket: 1, search: 1

### Entidades mais relevantes (ranqueadas por PageRank personalizado)
- ent_31 (relevância=0.025): 2 eventos [purchase, view], último em ts=1703187650
- ent_51 (relevância=0.025): 2 eventos [purchase, support_ticket], último em ts=1702010240
- ent_28 (relevância=0.019): 1 eventos [search], último em ts=1702790810"
cust_8710,leve,support_ticket_count,sessao_memoria,1,1,True,correct,462,"## Contexto do cliente: cust_8710 (turno 0)
Resumo de atividade (6 eventos totais): view: 2, purchase: 2, support_ticket: 1, search: 1

- ent_31 (relevância=0.061): estado mais recente = purchase em ts=1703187650 (havia também interações anteriores registradas)
- ent_51 (relevância=0.059): estado mais recente = purchase em ts=1702010240 (havia também interações anteriores registradas)
- ent_28 (relevância=0.044): estado mais recente = search em ts=1702790810"
cust_8710,leve,support_ticket_count,sessao_memoria_sem_clash,1,1,True,correct,354,"## Contexto do cliente: cust_8710 (turno 0)
Resumo de atividade (6 eventos totais): view: 2, purchase: 2, support_ticket: 1, search: 1

- ent_31 (relevância=0.061): purchase em ts=1703187650; view em ts=1700814440
- ent_51 (relevância=0.059): purchase em ts=1702010240; support_ticket em ts=1701941780
- ent_28 (relevância=0.044): search em ts=1702790810"
cust_8198,leve,support_ticket_count,sem_retrieval,1,,False,malformed,64,Nenhuma informação adicional sobre este cliente está disponível.
cust_8198,leve,support_ticket_count,contexto_completo,1,1,True,correct,720,"Histórico completo de eventos do cliente cust_8198 (9 eventos):
- Evento: interação com ent_30 via view em ts=1703438150 (canal=web)
- Evento: interação com ent_27 via search em ts=1703152580 (canal=app)
- Evento: interação com ent_57 via search em ts=1701635870 (canal=web)
- Evento: interação com ent_31 via purchase em ts=1701056900 (canal=web)
- Evento: interação com ent_30 via purchase em ts=1700954030 (canal=app)
- Evento: interação com ent_30 via add_to_cart em ts=1700333720 (canal=app)
- Evento: interação com ent_50 via view em ts=1700215370 (canal=web)
- Evento: interação com ent_26 via support_ticket em ts=1700215040 (canal=app)
- Evento: interação com ent_22 via add_to_cart em ts=1700124650 (canal=web)"
cust_8198,leve,support_ticket_count,topk_estatico,1,1,True,correct,264,"## Contexto do cliente: cust_8198 (top-3 por frequência)
- ent_30 (3 interações) [view, purchase, add_to_cart], último em ts=1703438150
- ent_22 (1 interações) [add_to_cart], último em ts=1700124650
- ent_26 (1 interações) [support_ticket], último em ts=1700215040"
cust_8198,leve,support_ticket_count,hibrido_sob_demanda,1,1,True,correct,497,"## Contexto do cliente: cust_8198
Canais com atividade encontrada: 2 (app, web)
Resumo de atividade (9 eventos totais): add_to_cart: 2, view: 2, purchase: 2, search: 2, support_ticket: 1

### Entidades mais relevantes (ranqueadas por PageRank personalizado)
- ent_30 (relevância=0.026): 3 eventos [view, purchase, add_to_cart], último em ts=1703438150
- ent_57 (relevância=0.012): 1 eventos [search], último em ts=1701635870
- ent_27 (relevância=0.011): 1 eventos [search], último em ts=1703152580"
cust_8198,leve,support_ticket_count,sessao_memoria,1,1,True,correct,423,"## Contexto do cliente: cust_8198 (turno 0)
Resumo de atividade (9 eventos totais): add_to_cart: 2, view: 2, purchase: 2, search: 2, support_ticket: 1

- ent_30 (relevância=0.079): estado mais recente = view em ts=1703438150 (havia também interações anteriores registradas)
- ent_27 (relevância=0.043): estado mais recente = search em ts=1703152580
- ent_57 (relevância=0.030): estado mais recente = search em ts=1701635870"
cust_8198,leve,support_ticket_count,sessao_memoria_sem_clash,1,1,True,correct,365,"## Contexto do cliente: cust_8198 (turno 0)
Resumo de atividade (9 eventos totais): add_to_cart: 2, view: 2, purchase: 2, search: 2, support_ticket: 1

- ent_30 (relevância=0.079): view em ts=1703438150; purchase em ts=1700954030; add_to_cart em ts=1700333720
- ent_27 (relevância=0.043): search em ts=1703152580
- ent_57 (relevância=0.030): search em ts=1701635870"
cust_2893,leve,support_ticket_count,sem_retrieval,1,,False,malformed,64,Nenhuma informação adicional sobre este cliente está disponível.
cust_2893,leve,support_ticket_count,contexto_completo,1,1,True,correct,358,"Histórico completo de eventos do cliente cust_2893 (4 eventos):
- Evento: interação com ent_37 via support_ticket em ts=1703231960 (canal=web)
- Evento: interação com ent_15 via search em ts=1701816170 (canal=app)
- Evento: interação com ent_32 via view em ts=1700152880 (canal=web)
- Evento: interação com ent_41 via add_to_cart em ts=1700123090 (canal=web)"
cust_2893,leve,support_ticket_count,topk_estatico,1,1,True,correct,233,"## Contexto do cliente: cust_2893 (top-3 por frequência)
- ent_41 (1 interações) [add_to_cart], último em ts=1700123090
- ent_32 (1 interações) [view], último em ts=1700152880
- ent_15 (1 interações) [search], último em ts=1701816170"
cust_2893,leve,support_ticket_count,hibrido_sob_demanda,1,1,True,correct,469,"## Contexto do cliente: cust_2893
Canais com atividade encontrada: 2 (app, web)
Resumo de atividade (4 eventos totais): add_to_cart: 1, view: 1, search: 1, support_ticket: 1

### Entidades mais relevantes (ranqueadas por PageRank personalizado)
- ent_37 (relevância=0.030): 1 eventos [support_ticket], último em ts=1703231960
- ent_15 (relevância=0.015): 1 eventos [search], último em ts=1701816170
- ent_32 (relevância=0.015): 1 eventos [view], último em ts=1700152880"
cust_2893,leve,support_ticket_count,sessao_memoria,1,1,True,correct,376,"## Contexto do cliente: cust_2893 (turno 0)
Resumo de atividade (4 eventos totais): add_to_cart: 1, view: 1, search: 1, support_ticket: 1

- ent_37 (relevância=0.079): estado mais recente = support_ticket em ts=1703231960
- ent_15 (relevância=0.050): estado mais recente = search em ts=1701816170
- ent_41 (relevância=0.040): estado mais recente = add_to_cart em ts=1700123090"
cust_2893,leve,support_ticket_count,sessao_memoria_sem_clash,1,1,True,correct,310,"## Contexto do cliente: cust_2893 (turno 0)
Resumo de atividade (4 eventos totais): add_to_cart: 1, view: 1, search: 1, support_ticket: 1

- ent_37 (relevância=0.079): support_ticket em ts=1703231960
- ent_15 (relevância=0.050): search em ts=1701816170
- ent_41 (relevância=0.040): add_to_cart em ts=1700123090"
cust_7760,leve,support_ticket_count,sem_retrieval,1,,False,malformed,64,Nenhuma informação adicional sobre este cliente está disponível.
cust_7760,leve,support_ticket_count,contexto_completo,1,1,True,correct,431,"Histórico completo de eventos do cliente cust_7760 (5 eventos):
- Evento: interação com ent_1 via add_to_cart em ts=1702893770 (canal=web)
- Evento: interação com ent_27 via purchase em ts=1702438880 (canal=web)
- Evento: interação com ent_51 via search em ts=1701749030 (canal=web)
- Evento: interação com ent_22 via search em ts=1701513440 (canal=web)
- Evento: interação com ent_1 via support_ticket em ts=1700838020 (canal=web)"
cust_7760,leve,support_ticket_count,topk_estatico,1,1,True,correct,250,"## Contexto do cliente: cust_7760 (top-3 por frequência)
- ent_1 (2 interações) [add_to_cart, support_ticket], último em ts=1702893770
- ent_22 (1 interações) [search], último em ts=1701513440
- ent_51 (1 interações) [search], último em ts=1701749030"
cust_7760,leve,support_ticket_count,hibrido_sob_demanda,1,1,True,correct,484,"## Contexto do cliente: cust_7760
Canais com atividade encontrada: 1 (web)
Resumo de atividade (5 eventos totais): search: 2, support_ticket: 1, purchase: 1, add_to_cart: 1

### Entidades mais relevantes (ranqueadas por PageRank personalizado)
- ent_1 (relevância=0.030): 2 eventos [add_to_cart, support_ticket], último em ts=1702893770
- ent_27 (relevância=0.023): 1 eventos [purchase], último em ts=1702438880
- ent_22 (relevância=0.017): 1 eventos [search], último em ts=1701513440"
cust_7760,leve,support_ticket_count,sessao_memoria,1,1,True,correct,422,"## Contexto do cliente: cust_7760 (turno 0)
Resumo de atividade (5 eventos totais): search: 2, support_ticket: 1, purchase: 1, add_to_cart: 1

- ent_1 (relevância=0.070): estado mais recente = add_to_cart em ts=1702893770 (havia também interações anteriores registradas)
- ent_27 (relevância=0.051): estado mais recente = purchase em ts=1702438880
- ent_51 (relevância=0.040): estado mais recente = search em ts=1701749030"
cust_7760,leve,support_ticket_count,sessao_memoria_sem_clash,1,1,True,correct,340,"## Contexto do cliente: cust_7760 (turno 0)
Resumo de atividade (5 eventos totais): search: 2, support_ticket: 1, purchase: 1, add_to_cart: 1

- ent_1 (relevância=0.070): add_to_cart em ts=1702893770; support_ticket em ts=1700838020
- ent_27 (relevância=0.051): purchase em ts=1702438880
- ent_51 (relevância=0.040): search em ts=1701749030"
cust_4437,leve,support_ticket_count,sem_retrieval,1,,False,malformed,64,Nenhuma informação adicional sobre este cliente está disponível.
cust_4437,leve,support_ticket_count,contexto_completo,1,1,True,correct,700,"Histórico completo de eventos do cliente cust_4437 (9 eventos):
- Evento: interação com ent_39 via view em ts=1703044310 (canal=web)
- Evento: interação com ent_39 via view em ts=1702951010 (canal=app)
- Evento: interação com ent_28 via view em ts=1702435580 (canal=web)
- Evento: interação com ent_10 via support_ticket em ts=1702177460 (canal=app)
- Evento: interação com ent_35 via view em ts=1701974270 (canal=web)
- Evento: interação com ent_56 via search em ts=1701724310 (canal=app)
- Evento: interação com ent_35 via search em ts=1701354020 (canal=app)
- Evento: interação com ent_13 via view em ts=1700303270 (canal=web)
- Evento: interação com ent_58 via search em ts=1700175710 (canal=app)"
cust_4437,leve,support_ticket_count,topk_estatico,1,1,True,correct,234,"## Contexto do cliente: cust_4437 (top-3 por frequência)
- ent_35 (2 interações) [view, search], último em ts=1701974270
- ent_39 (2 interações) [view], último em ts=1703044310
- ent_58 (1 interações) [search], último em ts=1700175710"
cust_4437,leve,support_ticket_count,hibrido_sob_demanda,1,1,True,correct,449,"## Contexto do cliente: cust_4437
Canais com atividade encontrada: 2 (app, web)
Resumo de atividade (9 eventos totais): view: 5, search: 3, support_ticket: 1

### Entidades mais relevantes (ranqueadas por PageRank personalizado)
- ent_39 (relevância=0.029): 2 eventos [view], último em ts=1703044310
- ent_35 (relevância=0.020): 2 eventos [view, search], último em ts=1701974270
- ent_28 (relevância=0.019): 1 eventos [view], último em ts=1702435580"
cust_4437,leve,support_ticket_count,sessao_memoria,1,1,True,correct,439,"## Contexto do cliente: cust_4437 (turno 0)
Resumo de atividade (9 eventos totais): view: 5, search: 3, support_ticket: 1

- ent_39 (relevância=0.071): estado mais recente = view em ts=1703044310 (havia também interações anteriores registradas)
- ent_35 (relevância=0.049): estado mais recente = view em ts=1701974270 (havia também interações anteriores registradas)
- ent_28 (relevância=0.036): estado mais recente = view em ts=1702435580"
cust_4437,leve,support_ticket_count,sessao_memoria_sem_clash,1,1,True,correct,323,"## Contexto do cliente: cust_4437 (turno 0)
Resumo de atividade (9 eventos totais): view: 5, search: 3, support_ticket: 1

- ent_39 (relevância=0.071): view em ts=1703044310; view em ts=1702951010
- ent_35 (relevância=0.049): view em ts=1701974270; search em ts=1701354020
- ent_28 (relevância=0.036): view em ts=1702435580"
cust_7308,leve,support_ticket_count,sem_retrieval,2,,False,malformed,64,Nenhuma informação adicional sobre este cliente está disponível.
cust_7308,leve,support_ticket_count,contexto_completo,2,2,True,correct,737,"Histórico completo de eventos do cliente cust_7308 (9 eventos):
- Evento: interação com ent_36 via support_ticket em ts=1703194130 (canal=app)
- Evento: interação com ent_4 via add_to_cart em ts=1702720310 (canal=app)
- Evento: interação com ent_2 via add_to_cart em ts=1702263500 (canal=app)
- Evento: interação com ent_8 via add_to_cart em ts=1702212890 (canal=app)
- Evento: interação com ent_18 via support_ticket em ts=1702031870 (canal=app)
- Evento: interação com ent_18 via view em ts=1701650120 (canal=web)
- Evento: interação com ent_2 via add_to_cart em ts=1701011900 (canal=app)
- Evento: interação com ent_14 via add_to_cart em ts=1700808770 (canal=web)
- Evento: interação com ent_55 via search em ts=1700181020 (canal=app)"
cust_7308,leve,support_ticket_count,topk_estatico,2,2,True,correct,248,"## Contexto do cliente: cust_7308 (top-3 por frequência)
- ent_2 (2 interações) [add_to_cart], último em ts=1702263500
- ent_18 (2 interações) [support_ticket, view], último em ts=1702031870
- ent_55 (1 interações) [search], último em ts=1700181020"
cust_7308,leve,support_ticket_count,hibrido_sob_demanda,2,2,True,correct,486,"## Contexto do cliente: cust_7308
Canais com atividade encontrada: 2 (app, web)
Resumo de atividade (9 eventos totais): add_to_cart: 5, support_ticket: 2, search: 1, view: 1

### Entidades mais relevantes (ranqueadas por PageRank personalizado)
- ent_18 (relevância=0.024): 2 eventos [support_ticket, view], último em ts=1702031870
- ent_14 (relevância=0.022): 1 eventos [add_to_cart], último em ts=1700808770
- ent_4 (relevância=0.014): 1 eventos [add_to_cart], último em ts=1702720310"
cust_7308,leve,support_ticket_count,sessao_memoria,2,2,True,correct,477,"## Contexto do cliente: cust_7308 (turno 0)
Resumo de atividade (9 eventos totais): add_to_cart: 5, support_ticket: 2, search: 1, view: 1

- ent_18 (relevância=0.050): estado mais recente = support_ticket em ts=1702031870 (havia também interações anteriores registradas)
- ent_2 (relevância=0.047): estado mais recente = add_to_cart em ts=1702263500 (havia também interações anteriores registradas)
- ent_4 (relevância=0.041): estado mais recente = add_to_cart em ts=1702720310"
cust_7308,leve,support_ticket_count,sessao_memoria_sem_clash,2,2,True,correct,366,"## Contexto do cliente: cust_7308 (turno 0)
Resumo de atividade (9 eventos totais): add_to_cart: 5, support_ticket: 2, search: 1, view: 1

- ent_18 (relevância=0.050): support_ticket em ts=1702031870; view em ts=1701650120
- ent_2 (relevância=0.047): add_to_cart em ts=1702263500; add_to_cart em ts=1701011900
- ent_4 (relevância=0.041): add_to_cart em ts=1702720310"
cust_2826,leve,support_ticket_count,sem_retrieval,2,,False,malformed,64,Nenhuma informação adicional sobre este cliente está disponível.
cust_2826,leve,support_ticket_count,contexto_completo,2,2,True,correct,640,"Histórico completo de eventos do cliente cust_2826 (8 eventos):
- Evento: interação com ent_9 via view em ts=1703272880 (canal=web)
- Evento: interação com ent_8 via view em ts=1701942950 (canal=app)
- Evento: interação com ent_33 via view em ts=1701852260 (canal=web)
- Evento: interação com ent_6 via view em ts=1701750140 (canal=web)
- Evento: interação com ent_9 via support_ticket em ts=1701223580 (canal=web)
- Evento: interação com ent_18 via support_ticket em ts=1700857160 (canal=app)
- Evento: interação com ent_21 via search em ts=1700852750 (canal=web)
- Evento: interação com ent_21 via add_to_cart em ts=1700184590 (canal=app)"
cust_2826,leve,support_ticket_count,topk_estatico,2,2,True,correct,264,"## Contexto do cliente: cust_2826 (top-3 por frequência)
- ent_21 (2 interações) [search, add_to_cart], último em ts=1700852750
- ent_9 (2 interações) [view, support_ticket], último em ts=1703272880
- ent_18 (1 interações) [support_ticket], último em ts=1700857160"
cust_2826,leve,support_ticket_count,hibrido_sob_demanda,2,2,True,correct,487,"## Contexto do cliente: cust_2826
Canais com atividade encontrada: 2 (app, web)
Resumo de atividade (8 eventos totais): view: 4, support_ticket: 2, add_to_cart: 1, search: 1

### Entidades mais relevantes (ranqueadas por PageRank personalizado)
- ent_9 (relevância=0.025): 2 eventos [view, support_ticket], último em ts=1703272880
- ent_33 (relevância=0.015): 1 eventos [view], último em ts=1701852260
- ent_21 (relevância=0.013): 2 eventos [search, add_to_cart], último em ts=1700852750"
cust_2826,leve,support_ticket_count,sessao_memoria,2,2,True,correct,455,"## Contexto do cliente: cust_2826 (turno 0)
Resumo de atividade (8 eventos totais): view: 4, support_ticket: 2, add_to_cart: 1, search: 1

- ent_9 (relevância=0.062): estado mais recente = view em ts=1703272880 (havia também interações anteriores registradas)
- ent_21 (relevância=0.039): estado mais recente = search em ts=1700852750 (havia também interações anteriores registradas)
- ent_8 (relevância=0.036): estado mais recente = view em ts=1701942950"
cust_2826,leve,support_ticket_count,sessao_memoria_sem_clash,2,2,True,correct,354,"## Contexto do cliente: cust_2826 (turno 0)
Resumo de atividade (8 eventos totais): view: 4, support_ticket: 2, add_to_cart: 1, search: 1

- ent_9 (relevância=0.062): view em ts=1703272880; support_ticket em ts=1701223580
- ent_21 (relevância=0.039): search em ts=1700852750; add_to_cart em ts=1700184590
- ent_8 (relevância=0.036): view em ts=1701942950"
cust_5791,leve,support_ticket_count,sem_retrieval,2,,False,malformed,64,Nenhuma informação adicional sobre este cliente está disponível.
cust_5791,leve,support_ticket_count,contexto_completo,2,2,True,correct,720,"Histórico completo de eventos do cliente cust_5791 (9 eventos):
- Evento: interação com ent_15 via add_to_cart em ts=1703474990 (canal=web)
- Evento: interação com ent_24 via support_ticket em ts=1703077190 (canal=web)
- Evento: interação com ent_34 via view em ts=1702368710 (canal=web)
- Evento: interação com ent_15 via view em ts=1702134620 (canal=app)
- Evento: interação com ent_40 via view em ts=1702030400 (canal=web)
- Evento: interação com ent_14 via add_to_cart em ts=1701073130 (canal=web)
- Evento: interação com ent_36 via support_ticket em ts=1700566160 (canal=app)
- Evento: interação com ent_35 via view em ts=1700457770 (canal=app)
- Evento: interação com ent_45 via search em ts=1700252780 (canal=app)"
cust_5791,leve,support_ticket_count,topk_estatico,2,2,True,correct,239,"## Contexto do cliente: cust_5791 (top-3 por frequência)
- ent_15 (2 interações) [add_to_cart, view], último em ts=1703474990
- ent_45 (1 interações) [search], último em ts=1700252780
- ent_35 (1 interações) [view], último em ts=1700457770"
cust_5791,leve,support_ticket_count,hibrido_sob_demanda,2,2,True,correct,487,"## Contexto do cliente: cust_5791
Canais com atividade encontrada: 2 (app, web)
Resumo de atividade (9 eventos totais): view: 4, support_ticket: 2, add_to_cart: 2, search: 1

### Entidades mais relevantes (ranqueadas por PageRank personalizado)
- ent_15 (relevância=0.020): 2 eventos [add_to_cart, view], último em ts=1703474990
- ent_14 (relevância=0.017): 1 eventos [add_to_cart], último em ts=1701073130
- ent_24 (relevância=0.017): 1 eventos [support_ticket], último em ts=1703077190"
cust_5791,leve,support_ticket_count,sessao_memoria,2,2,True,correct,430,"## Contexto do cliente: cust_5791 (turno 0)
Resumo de atividade (9 eventos totais): view: 4, support_ticket: 2, add_to_cart: 2, search: 1

- ent_15 (relevância=0.066): estado mais recente = add_to_cart em ts=1703474990 (havia também interações anteriores registradas)
- ent_24 (relevância=0.040): estado mais recente = support_ticket em ts=1703077190
- ent_14 (relevância=0.038): estado mais recente = add_to_cart em ts=1701073130"
cust_5791,leve,support_ticket_count,sessao_memoria_sem_clash,2,2,True,correct,338,"## Contexto do cliente: cust_5791 (turno 0)
Resumo de atividade (9 eventos totais): view: 4, support_ticket: 2, add_to_cart: 2, search: 1

- ent_15 (relevância=0.066): add_to_cart em ts=1703474990; view em ts=1702134620
- ent_24 (relevância=0.040): support_ticket em ts=1703077190
- ent_14 (relevância=0.038): add_to_cart em ts=1701073130"
cust_7096,leve,support_ticket_count,sem_retrieval,1,,False,malformed,64,Nenhuma informação adicional sobre este cliente está disponível.
cust_7096,leve,support_ticket_count,contexto_completo,1,1,True,correct,278,"Histórico completo de eventos do cliente cust_7096 (3 eventos):
- Evento: interação com ent_59 via view em ts=1701806330 (canal=app)
- Evento: interação com ent_2 via add_to_cart em ts=1701377660 (canal=web)
- Evento: interação com ent_37 via search em ts=1701265490 (canal=web)"
cust_7096,leve,support_ticket_count,topk_estatico,1,1,True,correct,232,"## Contexto do cliente: cust_7096 (top-3 por frequência)
- ent_37 (1 interações) [search], último em ts=1701265490
- ent_2 (1 interações) [add_to_cart], último em ts=1701377660
- ent_59 (1 interações) [view], último em ts=1701806330"
cust_7096,leve,support_ticket_count,hibrido_sob_demanda,1,1,True,correct,446,"## Contexto do cliente: cust_7096
Canais com atividade encontrada: 2 (app, web)
Resumo de atividade (3 eventos totais): search: 1, add_to_cart: 1, view: 1

### Entidades mais relevantes (ranqueadas por PageRank personalizado)
- ent_37 (relevância=0.026): 1 eventos [search], último em ts=1701265490
- ent_2 (relevância=0.021): 1 eventos [add_to_cart], último em ts=1701377660
- ent_59 (relevância=0.017): 1 eventos [view], último em ts=1701806330"
cust_7096,leve,support_ticket_count,sessao_memoria,1,1,True,correct,346,"## Contexto do cliente: cust_7096 (turno 0)
Resumo de atividade (3 eventos totais): search: 1, add_to_cart: 1, view: 1

- ent_37 (relevância=0.069): estado mais recente = search em ts=1701265490
- ent_59 (relevância=0.061): estado mais recente = view em ts=1701806330
- ent_2 (relevância=0.058): estado mais recente = add_to_cart em ts=1701377660"
cust_7096,leve,support_ticket_count,sessao_memoria_sem_clash,1,1,True,correct,280,"## Contexto do cliente: cust_7096 (turno 0)
Resumo de atividade (3 eventos totais): search: 1, add_to_cart: 1, view: 1

- ent_37 (relevância=0.069): search em ts=1701265490
- ent_59 (relevância=0.061): view em ts=1701806330
- ent_2 (relevância=0.058): add_to_cart em ts=1701377660"
cust_1362,leve,support_ticket_count,sem_retrieval,1,,False,malformed,64,Nenhuma informação adicional sobre este cliente está disponível.
cust_1362,leve,support_ticket_count,contexto_completo,1,1,True,correct,718,"Histórico completo de eventos do cliente cust_1362 (9 eventos):
- Evento: interação com ent_24 via support_ticket em ts=1703075780 (canal=app)
- Evento: interação com ent_30 via purchase em ts=1702998710 (canal=web)
- Evento: interação com ent_42 via purchase em ts=1702845650 (canal=app)
- Evento: interação com ent_39 via view em ts=1702433840 (canal=web)
- Evento: interação com ent_4 via search em ts=1701816890 (canal=web)
- Evento: interação com ent_35 via view em ts=1701296840 (canal=app)
- Evento: interação com ent_56 via purchase em ts=1701273530 (canal=web)
- Evento: interação com ent_35 via purchase em ts=1700247140 (canal=app)
- Evento: interação com ent_35 via add_to_cart em ts=1700241500 (canal=web)"
cust_1362,leve,support_ticket_count,topk_estatico,1,1,True,correct,252,"## Contexto do cliente: cust_1362 (top-3 por frequência)
- ent_35 (3 interações) [view, purchase, add_to_cart], último em ts=1701296840
- ent_56 (1 interações) [purchase], último em ts=1701273530
- ent_4 (1 interações) [search], último em ts=1701816890"
cust_1362,leve,support_ticket_count,hibrido_sob_demanda,1,1,True,correct,475,"## Contexto do cliente: cust_1362
Canais com atividade encontrada: 2 (app, web)
Resumo de atividade (9 eventos totais): purchase: 4, view: 2, add_to_cart: 1, search: 1, support_ticket: 1

### Entidades mais relevantes (ranqueadas por PageRank personalizado)
- ent_30 (relevância=0.017): 1 eventos [purchase], último em ts=1702998710
- ent_39 (relevância=0.017): 1 eventos [view], último em ts=1702433840
- ent_4 (relevância=0.016): 1 eventos [search], último em ts=1701816890"
cust_1362,leve,support_ticket_count,sessao_memoria,1,1,True,correct,433,"## Contexto do cliente: cust_1362 (turno 0)
Resumo de atividade (9 eventos totais): purchase: 4, view: 2, add_to_cart: 1, search: 1, support_ticket: 1

- ent_35 (relevância=0.056): estado mais recente = view em ts=1701296840 (havia também interações anteriores registradas)
- ent_24 (relevância=0.043): estado mais recente = support_ticket em ts=1703075780
- ent_30 (relevância=0.042): estado mais recente = purchase em ts=1702998710"
cust_1362,leve,support_ticket_count,sessao_memoria_sem_clash,1,1,True,correct,375,"## Contexto do cliente: cust_1362 (turno 0)
Resumo de atividade (9 eventos totais): purchase: 4, view: 2, add_to_cart: 1, search: 1, support_ticket: 1

- ent_35 (relevância=0.056): view em ts=1701296840; purchase em ts=1700247140; add_to_cart em ts=1700241500
- ent_24 (relevância=0.043): support_ticket em ts=1703075780
- ent_30 (relevância=0.042): purchase em ts=1702998710"
cust_6977,leve,support_ticket_count,sem_retrieval,3,,False,malformed,64,Nenhuma informação adicional sobre este cliente está disponível.
cust_6977,leve,support_ticket_count,contexto_completo,3,3,True,correct,432,"Histórico completo de eventos do cliente cust_6977 (5 eventos):
- Evento: interação com ent_14 via add_to_cart em ts=1703276360 (canal=web)
- Evento: interação com ent_48 via add_to_cart em ts=1701891320 (canal=web)
- Evento: interação com ent_48 via support_ticket em ts=1700521070 (canal=web)
- Evento: interação com ent_48 via view em ts=1700414150 (canal=web)
- Evento: interação com ent_33 via view em ts=1700392250 (canal=web)"
cust_6977,leve,support_ticket_count,topk_estatico,3,3,True,correct,260,"## Contexto do cliente: cust_6977 (top-3 por frequência)
- ent_48 (3 interações) [add_to_cart, support_ticket, view], último em ts=1701891320
- ent_33 (1 interações) [view], último em ts=1700392250
- ent_14 (1 interações) [add_to_cart], último em ts=1703276360"
cust_6977,leve,support_ticket_count,hibrido_sob_demanda,3,3,True,correct,477,"## Contexto do cliente: cust_6977
Canais com atividade encontrada: 1 (web)
Resumo de atividade (5 eventos totais): view: 2, add_to_cart: 2, support_ticket: 1

### Entidades mais relevantes (ranqueadas por PageRank personalizado)
- ent_48 (relevância=0.038): 3 eventos [add_to_cart, support_ticket, view], último em ts=1701891320
- ent_14 (relevância=0.033): 1 eventos [add_to_cart], último em ts=1703276360
- ent_33 (relevância=0.016): 1 eventos [view], último em ts=1700392250"
cust_6977,leve,support_ticket_count,sessao_memoria,3,3,True,correct,409,"## Contexto do cliente: cust_6977 (turno 0)
Resumo de atividade (5 eventos totais): view: 2, add_to_cart: 2, support_ticket: 1

- ent_48 (relevância=0.089): estado mais recente = add_to_cart em ts=1701891320 (havia também interações anteriores registradas)
- ent_14 (relevância=0.071): estado mais recente = add_to_cart em ts=1703276360
- ent_33 (relevância=0.035): estado mais recente = view em ts=1700392250"
cust_6977,leve,support_ticket_count,sessao_memoria_sem_clash,3,3,True,correct,350,"## Contexto do cliente: cust_6977 (turno 0)
Resumo de atividade (5 eventos totais): view: 2, add_to_cart: 2, support_ticket: 1

- ent_48 (relevância=0.089): add_to_cart em ts=1701891320; support_ticket em ts=1700521070; view em ts=1700414150
- ent_14 (relevância=0.071): add_to_cart em ts=1703276360
- ent_33 (relevância=0.035): view em ts=1700392250"
cust_3143,leve,support_ticket_count,sem_retrieval,2,,False,malformed,64,Nenhuma informação adicional sobre este cliente está disponível.
cust_3143,leve,support_ticket_count,contexto_completo,2,2,True,correct,430,"Histórico completo de eventos do cliente cust_3143 (5 eventos):
- Evento: interação com ent_10 via support_ticket em ts=1703509520 (canal=web)
- Evento: interação com ent_24 via search em ts=1702441370 (canal=web)
- Evento: interação com ent_37 via view em ts=1701786620 (canal=web)
- Evento: interação com ent_58 via support_ticket em ts=1700865110 (canal=web)
- Evento: interação com ent_37 via view em ts=1700486360 (canal=web)"
cust_3143,leve,support_ticket_count,topk_estatico,2,2,True,correct,236,"## Contexto do cliente: cust_3143 (top-3 por frequência)
- ent_37 (2 interações) [view], último em ts=1701786620
- ent_58 (1 interações) [support_ticket], último em ts=1700865110
- ent_24 (1 interações) [search], último em ts=1702441370"
cust_3143,leve,support_ticket_count,hibrido_sob_demanda,2,2,True,correct,448,"## Contexto do cliente: cust_3143
Canais com atividade encontrada: 1 (web)
Resumo de atividade (5 eventos totais): view: 2, support_ticket: 2, search: 1

### Entidades mais relevantes (ranqueadas por PageRank personalizado)
- ent_37 (relevância=0.031): 2 eventos [view], último em ts=1701786620
- ent_10 (relevância=0.025): 1 eventos [support_ticket], último em ts=1703509520
- ent_24 (relevância=0.022): 1 eventos [search], último em ts=1702441370"
cust_3143,leve,support_ticket_count,sessao_memoria,2,2,True,correct,402,"## Contexto do cliente: cust_3143 (turno 0)
Resumo de atividade (5 eventos totais): view: 2, support_ticket: 2, search: 1

- ent_37 (relevância=0.070): estado mais recente = view em ts=1701786620 (havia também interações anteriores registradas)
- ent_10 (relevância=0.057): estado mais recente = support_ticket em ts=1703509520
- ent_24 (relevância=0.049): estado mais recente = search em ts=1702441370"
cust_3143,leve,support_ticket_count,sessao_memoria_sem_clash,2,2,True,correct,310,"## Contexto do cliente: cust_3143 (turno 0)
Resumo de atividade (5 eventos totais): view: 2, support_ticket: 2, search: 1

- ent_37 (relevância=0.070): view em ts=1701786620; view em ts=1700486360
- ent_10 (relevância=0.057): support_ticket em ts=1703509520
- ent_24 (relevância=0.049): search em ts=1702441370"
cust_3765,leve,support_ticket_count,sem_retrieval,1,,False,malformed,64,Nenhuma informação adicional sobre este cliente está disponível.
cust_3765,leve,support_ticket_count,contexto_completo,1,1,True,correct,566,"Histórico completo de eventos do cliente cust_3765 (7 eventos):
- Evento: interação com ent_57 via view em ts=1703080460 (canal=web)
- Evento: interação com ent_37 via search em ts=1702859510 (canal=web)
- Evento: interação com ent_33 via add_to_cart em ts=1702633280 (canal=web)
- Evento: interação com ent_19 via view em ts=1702425860 (canal=web)
- Evento: interação com ent_19 via view em ts=1701651260 (canal=web)
- Evento: interação com ent_1 via search em ts=1701077960 (canal=web)
- Evento: interação com ent_26 via support_ticket em ts=1700233040 (canal=web)"
cust_3765,leve,support_ticket_count,topk_estatico,1,1,True,correct,235,"## Contexto do cliente: cust_3765 (top-3 por frequência)
- ent_19 (2 interações) [view], último em ts=1702425860
- ent_26 (1 interações) [support_ticket], último em ts=1700233040
- ent_1 (1 interações) [search], último em ts=1701077960"
cust_3765,leve,support_ticket_count,hibrido_sob_demanda,1,1,True,correct,461,"## Contexto do cliente: cust_3765
Canais com atividade encontrada: 1 (web)
Resumo de atividade (7 eventos totais): view: 3, search: 2, support_ticket: 1, add_to_cart: 1

### Entidades mais relevantes (ranqueadas por PageRank personalizado)
- ent_19 (relevância=0.024): 2 eventos [view], último em ts=1702425860
- ent_37 (relevância=0.019): 1 eventos [search], último em ts=1702859510
- ent_33 (relevância=0.016): 1 eventos [add_to_cart], último em ts=1702633280"
cust_3765,leve,support_ticket_count,sessao_memoria,1,1,True,correct,408,"## Contexto do cliente: cust_3765 (turno 0)
Resumo de atividade (7 eventos totais): view: 3, search: 2, support_ticket: 1, add_to_cart: 1

- ent_19 (relevância=0.059): estado mais recente = view em ts=1702425860 (havia também interações anteriores registradas)
- ent_37 (relevância=0.045): estado mais recente = search em ts=1702859510
- ent_57 (relevância=0.040): estado mais recente = view em ts=1703080460"
cust_3765,leve,support_ticket_count,sessao_memoria_sem_clash,1,1,True,correct,316,"## Contexto do cliente: cust_3765 (turno 0)
Resumo de atividade (7 eventos totais): view: 3, search: 2, support_ticket: 1, add_to_cart: 1

- ent_19 (relevância=0.059): view em ts=1702425860; view em ts=1701651260
- ent_37 (relevância=0.045): search em ts=1702859510
- ent_57 (relevância=0.040): view em ts=1703080460"
cust_7063,leve,support_ticket_count,sem_retrieval,1,,False,malformed,64,Nenhuma informação adicional sobre este cliente está disponível.
cust_7063,leve,support_ticket_count,contexto_completo,1,1,True,correct,699,"Histórico completo de eventos do cliente cust_7063 (9 eventos):
- Evento: interação com ent_28 via search em ts=1702389380 (canal=web)
- Evento: interação com ent_46 via view em ts=1702234790 (canal=app)
- Evento: interação com ent_5 via search em ts=1701661340 (canal=app)
- Evento: interação com ent_5 via support_ticket em ts=1701507290 (canal=app)
- Evento: interação com ent_46 via purchase em ts=1701493010 (canal=web)
- Evento: interação com ent_26 via view em ts=1700839220 (canal=app)
- Evento: interação com ent_24 via view em ts=1700421890 (canal=web)
- Evento: interação com ent_54 via view em ts=1700251670 (canal=web)
- Evento: interação com ent_5 via view em ts=1700227490 (canal=web)"
cust_7063,leve,support_ticket_count,topk_estatico,1,1,True,correct,257,"## Contexto do cliente: cust_7063 (top-3 por frequência)
- ent_5 (3 interações) [search, support_ticket, view], último em ts=1701661340
- ent_46 (2 interações) [view, purchase], último em ts=1702234790
- ent_54 (1 interações) [view], último em ts=1700251670"
cust_7063,leve,support_ticket_count,hibrido_sob_demanda,1,1,True,correct,489,"## Contexto do cliente: cust_7063
Canais com atividade encontrada: 2 (app, web)
Resumo de atividade (9 eventos totais): view: 5, search: 2, purchase: 1, support_ticket: 1

### Entidades mais relevantes (ranqueadas por PageRank personalizado)
- ent_46 (relevância=0.023): 2 eventos [view, purchase], último em ts=1702234790
- ent_5 (relevância=0.019): 3 eventos [search, support_ticket, view], último em ts=1701661340
- ent_28 (relevância=0.018): 1 eventos [search], último em ts=1702389380"
cust_7063,leve,support_ticket_count,sessao_memoria,1,1,True,correct,455,"## Contexto do cliente: cust_7063 (turno 0)
Resumo de atividade (9 eventos totais): view: 5, search: 2, purchase: 1, support_ticket: 1

- ent_46 (relevância=0.068): estado mais recente = view em ts=1702234790 (havia também interações anteriores registradas)
- ent_5 (relevância=0.067): estado mais recente = search em ts=1701661340 (havia também interações anteriores registradas)
- ent_28 (relevância=0.045): estado mais recente = search em ts=1702389380"
cust_7063,leve,support_ticket_count,sessao_memoria_sem_clash,1,1,True,correct,374,"## Contexto do cliente: cust_7063 (turno 0)
Resumo de atividade (9 eventos totais): view: 5, search: 2, purchase: 1, support_ticket: 1

- ent_46 (relevância=0.068): view em ts=1702234790; purchase em ts=1701493010
- ent_5 (relevância=0.067): search em ts=1701661340; support_ticket em ts=1701507290; view em ts=1700227490
- ent_28 (relevância=0.045): search em ts=1702389380"
cust_4513,leve,support_ticket_count,sem_retrieval,1,,False,malformed,64,Nenhuma informação adicional sobre este cliente está disponível.
cust_4513,leve,support_ticket_count,contexto_completo,1,1,True,correct,852,"Histórico completo de eventos do cliente cust_4513 (11 eventos):
- Evento: interação com ent_58 via search em ts=1703547170 (canal=app)
- Evento: interação com ent_57 via view em ts=1703541140 (canal=web)
- Evento: interação com ent_26 via search em ts=1703437070 (canal=web)
- Evento: interação com ent_6 via support_ticket em ts=1703014910 (canal=app)
- Evento: interação com ent_26 via view em ts=1702115450 (canal=app)
- Evento: interação com ent_57 via search em ts=1702021220 (canal=app)
- Evento: interação com ent_33 via add_to_cart em ts=1701739640 (canal=app)
- Evento: interação com ent_14 via view em ts=1700944850 (canal=app)
- Evento: interação com ent_22 via search em ts=1700861000 (canal=app)
- Evento: interação com ent_31 via search em ts=1700250230 (canal=app)
- Evento: interação com ent_1 via purchase em ts=1700225960 (canal=app)"
cust_4513,leve,support_ticket_count,topk_estatico,1,1,True,correct,243,"## Contexto do cliente: cust_4513 (top-3 por frequência)
- ent_57 (2 interações) [view, search], último em ts=1703541140
- ent_26 (2 interações) [search, view], último em ts=1703437070
- ent_1 (1 interações) [purchase], último em ts=1700225960"
cust_4513,leve,support_ticket_count,hibrido_sob_demanda,1,1,True,correct,487,"## Contexto do cliente: cust_4513
Canais com atividade encontrada: 2 (app, web)
Resumo de atividade (11 eventos totais): search: 5, view: 3, purchase: 1, add_to_cart: 1, support_ticket: 1

### Entidades mais relevantes (ranqueadas por PageRank personalizado)
- ent_26 (relevância=0.023): 2 eventos [search, view], último em ts=1703437070
- ent_57 (relevância=0.022): 2 eventos [view, search], último em ts=1703541140
- ent_14 (relevância=0.015): 1 eventos [view], último em ts=1700944850"
cust_4513,leve,support_ticket_count,sessao_memoria,1,1,True,correct,473,"## Contexto do cliente: cust_4513 (turno 0)
Resumo de atividade (11 eventos totais): search: 5, view: 3, purchase: 1, add_to_cart: 1, support_ticket: 1

- ent_26 (relevância=0.054): estado mais recente = search em ts=1703437070 (havia também interações anteriores registradas)
- ent_57 (relevância=0.052): estado mais recente = view em ts=1703541140 (havia também interações anteriores registradas)
- ent_58 (relevância=0.040): estado mais recente = search em ts=1703547170"
cust_4513,leve,support_ticket_count,sessao_memoria_sem_clash,1,1,True,correct,357,"## Contexto do cliente: cust_4513 (turno 0)
Resumo de atividade (11 eventos totais): search: 5, view: 3, purchase: 1, add_to_cart: 1, support_ticket: 1

- ent_26 (relevância=0.054): search em ts=1703437070; view em ts=1702115450
- ent_57 (relevância=0.052): view em ts=1703541140; search em ts=1702021220
- ent_58 (relevância=0.040): search em ts=1703547170"
cust_2027,pesado,support_ticket_count,sem_retrieval,4,,False,malformed,64,Nenhuma informação adicional sobre este cliente está disponível.
cust_2027,pesado,support_ticket_count,contexto_completo,4,4,True,correct,5439,"Histórico completo de eventos do cliente cust_2027 (75 eventos):
- Evento: interação com ent_28 via search em ts=1703574200 (canal=web)
- Evento: interação com ent_7 via purchase em ts=1703547620 (canal=app)
- Evento: interação com ent_2 via search em ts=1703437340 (canal=app)
- Evento: interação com ent_38 via search em ts=1703396090 (canal=app)
- Evento: interação com ent_56 via view em ts=1703319140 (canal=web)
- Evento: interação com ent_8 via view em ts=1703302310 (canal=web)
- Evento: interação com ent_4 via support_ticket em ts=1703287370 (canal=app)
- Evento: interação com ent_45 via search em ts=1703222900 (canal=app)
- Evento: interação com ent_38 via view em ts=1703184470 (canal=app)
- Evento: interação com ent_8 via view em ts=1703148950 (canal=web)
- Evento: interação com ent_28 via support_ticket em ts=1703094320 (canal=web)
- Evento: interação com ent_33 via view em ts=1702873250 (canal=app)
- Evento: interação com ent_9 via add_to_cart em ts=1702756820 (canal=web)
- Evento: interação com ent_18 via view em ts=1702679450 (canal=app)
- Evento: interação com ent_14 via purchase em ts=1702665860 (canal=app)
- Evento: interação com ent_18 via purchase em ts=1702652600 (canal=app)
- Evento: interação com ent_4 via search em ts=1702638470 (canal=web)
- Evento: interação com ent_24 via view em ts=1702635470 (canal=web)
- Evento: interação com ent_37 via view em ts=1702633040 (canal=app)
- Evento: interação com ent_18 via purchase em ts=1702602470 (canal=app)
- Evento: interação com ent_18 via view em ts=1702528490 (canal=web)
- Evento: interação com ent_38 via add_to_cart em ts=1702495400 (canal=app)
- Evento: interação com ent_36 via add_to_cart em ts=1702477040 (canal=web)
- Evento: interação com ent_18 via search em ts=1702476830 (canal=app)
- Evento: interação com ent_57 via view em ts=1702466210 (canal=web)
- Evento: interação com ent_44 via add_to_cart em ts=1702407050 (canal=app)
- Evento: interação com ent_36 via view em ts=1702401650 (canal=app)
- Evento: interação com ent_55 via search em ts=1702370210 (canal=app)
- Evento: interação com ent_57 via search em ts=1702368290 (canal=app)
- Evento: interação com ent_55 via add_to_cart em ts=1702337990 (canal=web)
- Evento: interação com ent_8 via view em ts=1702320110 (canal=app)
- Evento: interação com ent_37 via add_to_cart em ts=1702271420 (canal=app)
- Evento: interação com ent_57 via add_to_cart em ts=1702267070 (canal=app)
- Evento: interação com ent_8 via add_to_cart em ts=1702222070 (canal=app)
- Evento: interação com ent_2 via add_to_cart em ts=1702087850 (canal=app)
- Evento: interação com ent_37 via view em ts=1702079630 (canal=app)
- Evento: interação com ent_55 via view em ts=1702032080 (canal=app)
- Evento: interação com ent_35 via view em ts=1701973340 (canal=web)
- Evento: interação com ent_57 via support_ticket em ts=1701877340 (canal=app)
- Evento: interação com ent_56 via add_to_cart em ts=1701835160 (canal=web)
- Evento: interação com ent_55 via add_to_cart em ts=1701817610 (canal=app)
- Evento: interação com ent_55 via search em ts=1701682310 (canal=web)
- Evento: interação com ent_55 via view em ts=1701613970 (canal=app)
- Evento: interação com ent_36 via view em ts=1701457520 (canal=web)
- Evento: interação com ent_36 via view em ts=1701443630 (canal=web)
- Evento: interação com ent_18 via search em ts=1701412700 (canal=web)
- Evento: interação com ent_28 via view em ts=1701347180 (canal=web)
- Evento: interação com ent_18 via purchase em ts=1701297350 (canal=app)
- Evento: interação com ent_30 via add_to_cart em ts=1701231950 (canal=app)
- Evento: interação com ent_38 via view em ts=1701218180 (canal=app)
- Evento: interação com ent_48 via search em ts=1701140540 (canal=web)
- Evento: interação com ent_18 via view em ts=1701120980 (canal=web)
- Evento: interação com ent_48 via view em ts=1701102110 (canal=web)
- Evento: interação com ent_38 via add_to_cart em ts=1701065810 (canal=app)
- Evento: interação com ent_2 via view em ts=1701062120 (canal=web)
- Evento: interação com ent_14 via purchase em ts=1700974670 (canal=web)
- Evento: interação com ent_36 via purchase em ts=1700918390 (canal=web)
- Evento: interação com ent_9 via search em ts=1700869700 (canal=web)
- Evento: interação com ent_56 via view em ts=1700856080 (canal=web)
- Evento: interação com ent_55 via view em ts=1700849300 (canal=app)
- Evento: interação com ent_56 via search em ts=1700843090 (canal=web)
- Evento: interação com ent_36 via add_to_cart em ts=1700784680 (canal=web)
- Evento: interação com ent_14 via view em ts=1700731190 (canal=web)
- Evento: interação com ent_37 via search em ts=1700708390 (canal=app)
- Evento: interação com ent_37 via view em ts=1700554880 (canal=web)
- Evento: interação com ent_28 via purchase em ts=1700528000 (canal=app)
- Evento: interação com ent_14 via view em ts=1700418980 (canal=web)
- Evento: interação com ent_48 via view em ts=1700395850 (canal=app)
- Evento: interação com ent_37 via support_ticket em ts=1700365160 (canal=app)
- Evento: interação com ent_38 via add_to_cart em ts=1700317430 (canal=web)
- Evento: interação com ent_2 via purchase em ts=1700132390 (canal=app)
- Evento: interação com ent_17 via view em ts=1700085500 (canal=app)
- Evento: interação com ent_36 via search em ts=1700053880 (canal=app)
- Evento: interação com ent_48 via view em ts=1700022140 (canal=web)
- Evento: interação com ent_11 via search em ts=1700001260 (canal=web)"
cust_2027,pesado,support_ticket_count,topk_estatico,4,4,True,correct,286,"## Contexto do cliente: cust_2027 (top-3 por frequência)
- ent_18 (8 interações) [view, purchase, search], último em ts=1702679450
- ent_36 (7 interações) [view, add_to_cart, purchase], último em ts=1702477040
- ent_55 (7 interações) [view, search, add_to_cart], último em ts=1702370210"
cust_2027,pesado,support_ticket_count,hibrido_sob_demanda,4,4,True,correct,529,"## Contexto do cliente: cust_2027
Canais com atividade encontrada: 2 (app, web)
Resumo de atividade (75 eventos totais): view: 31, search: 16, add_to_cart: 15, purchase: 9, support_ticket: 4

### Entidades mais relevantes (ranqueadas por PageRank personalizado)
- ent_14 (relevância=0.014): 4 eventos [purchase, view], último em ts=1702665860
- ent_28 (relevância=0.012): 4 eventos [search, support_ticket, view], último em ts=1703574200
- ent_56 (relevância=0.011): 4 eventos [view, add_to_cart, search], último em ts=1703319140"
cust_2027,pesado,support_ticket_count,sessao_memoria,4,4,True,correct,523,"## Contexto do cliente: cust_2027 (turno 0)
Resumo de atividade (75 eventos totais): view: 31, search: 16, add_to_cart: 15, purchase: 9, support_ticket: 4

- ent_18 (relevância=0.048): estado mais recente = view em ts=1702679450 (havia também interações anteriores registradas)
- ent_37 (relevância=0.041): estado mais recente = view em ts=1702633040 (havia também interações anteriores registradas)
- ent_55 (relevância=0.040): estado mais recente = search em ts=1702370210 (havia também interações anteriores registradas)"
cust_2027,pesado,support_ticket_count,sessao_memoria_sem_clash,4,4,True,correct,775,"## Contexto do cliente: cust_2027 (turno 0)
Resumo de atividade (75 eventos totais): view: 31, search: 16, add_to_cart: 15, purchase: 9, support_ticket: 4

- ent_18 (relevância=0.048): view em ts=1702679450; purchase em ts=1702652600; purchase em ts=1702602470; view em ts=1702528490; search em ts=1702476830; search em ts=1701412700; purchase em ts=1701297350; view em ts=1701120980
- ent_37 (relevância=0.041): view em ts=1702633040; add_to_cart em ts=1702271420; view em ts=1702079630; search em ts=1700708390; view em ts=1700554880; support_ticket em ts=1700365160
- ent_55 (relevância=0.040): search em ts=1702370210; add_to_cart em ts=1702337990; view em ts=1702032080; add_to_cart em ts=1701817610; search em ts=1701682310; view em ts=1701613970; view em ts=1700849300"
cust_4559,pesado,support_ticket_count,sem_retrieval,20,,False,malformed,64,Nenhuma informação adicional sobre este cliente está disponível.
cust_4559,pesado,support_ticket_count,contexto_completo,20,20,True,correct,9030,"Histórico completo de eventos do cliente cust_4559 (120 eventos):
- Evento: interação com ent_40 via search em ts=1703579630 (canal=app)
- Evento: interação com ent_14 via view em ts=1703576840 (canal=call_center)
- Evento: interação com ent_34 via view em ts=1703563970 (canal=web)
- Evento: interação com ent_41 via search em ts=1703544290 (canal=call_center)
- Evento: interação com ent_14 via search em ts=1703536280 (canal=call_center)
- Evento: interação com ent_33 via view em ts=1703530160 (canal=call_center)
- Evento: interação com ent_30 via view em ts=1703510570 (canal=web)
- Evento: interação com ent_1 via purchase em ts=1703508560 (canal=call_center)
- Evento: interação com ent_50 via view em ts=1703498060 (canal=app)
- Evento: interação com ent_15 via purchase em ts=1703495390 (canal=call_center)
- Evento: interação com ent_41 via view em ts=1703489780 (canal=app)
- Evento: interação com ent_34 via view em ts=1703484080 (canal=call_center)
- Evento: interação com ent_48 via view em ts=1703473940 (canal=app)
- Evento: interação com ent_50 via view em ts=1703462540 (canal=app)
- Evento: interação com ent_30 via view em ts=1703446940 (canal=call_center)
- Evento: interação com ent_53 via search em ts=1703427020 (canal=call_center)
- Evento: interação com ent_33 via search em ts=1703421800 (canal=app)
- Evento: interação com ent_41 via view em ts=1703418800 (canal=web)
- Evento: interação com ent_42 via view em ts=1703409350 (canal=app)
- Evento: interação com ent_42 via add_to_cart em ts=1703408510 (canal=call_center)
- Evento: interação com ent_15 via view em ts=1703380010 (canal=app)
- Evento: interação com ent_12 via view em ts=1703377940 (canal=web)
- Evento: interação com ent_25 via view em ts=1703376800 (canal=app)
- Evento: interação com ent_43 via view em ts=1703367890 (canal=call_center)
- Evento: interação com ent_15 via view em ts=1703363000 (canal=call_center)
- Evento: interação com ent_57 via add_to_cart em ts=1703340650 (canal=web)
- Evento: interação com ent_14 via view em ts=1703326280 (canal=web)
- Evento: interação com ent_18 via add_to_cart em ts=1703301860 (canal=app)
- Evento: interação com ent_45 via support_ticket em ts=1703273240 (canal=call_center)
- Evento: interação com ent_15 via view em ts=1703247800 (canal=app)
- Evento: interação com ent_34 via view em ts=1703216540 (canal=web)
- Evento: interação com ent_45 via view em ts=1703212880 (canal=web)
- Evento: interação com ent_34 via purchase em ts=1703203520 (canal=app)
- Evento: interação com ent_33 via view em ts=1703202380 (canal=app)
- Evento: interação com ent_48 via search em ts=1703201120 (canal=app)
- Evento: interação com ent_14 via search em ts=1703183810 (canal=call_center)
- Evento: interação com ent_40 via view em ts=1703170730 (canal=call_center)
- Evento: interação com ent_45 via purchase em ts=1703113280 (canal=web)
- Evento: interação com ent_56 via view em ts=1703113160 (canal=web)
- Evento: interação com ent_3 via search em ts=1703105150 (canal=web)
- Evento: interação com ent_34 via support_ticket em ts=1703085200 (canal=call_center)
- Evento: interação com ent_55 via view em ts=1703082770 (canal=web)
- Evento: interação com ent_12 via search em ts=1703081720 (canal=call_center)
- Evento: interação com ent_33 via search em ts=1703071940 (canal=call_center)
- Evento: interação com ent_56 via add_to_cart em ts=1703070230 (canal=web)
- Evento: interação com ent_50 via search em ts=1703057660 (canal=web)
- Evento: interação com ent_48 via add_to_cart em ts=1703053130 (canal=call_center)
- Evento: interação com ent_30 via add_to_cart em ts=1703026580 (canal=web)
- Evento: interação com ent_55 via view em ts=1702990520 (canal=web)
- Evento: interação com ent_15 via search em ts=1702990010 (canal=call_center)
- Evento: interação com ent_14 via search em ts=1702967870 (canal=call_center)
- Evento: interação com ent_34 via purchase em ts=1702962020 (canal=web)
- Evento: interação com ent_45 via search em ts=1702948400 (canal=web)
- Evento: interação com ent_40 via add_to_cart em ts=1702939070 (canal=call_center)
- Evento: interação com ent_14 via view em ts=1702932920 (canal=call_center)
- Evento: interação com ent_14 via view em ts=1702928810 (canal=call_center)
- Evento: interação com ent_42 via add_to_cart em ts=1702921520 (canal=web)
- Evento: interação com ent_40 via add_to_cart em ts=1702899920 (canal=web)
- Evento: interação com ent_41 via view em ts=1702888040 (canal=app)
- Evento: interação com ent_12 via view em ts=1702857650 (canal=call_center)
- Evento: interação com ent_41 via search em ts=1702857590 (canal=web)
- Evento: interação com ent_50 via view em ts=1702848020 (canal=call_center)
- Evento: interação com ent_33 via view em ts=1702842470 (canal=call_center)
- Evento: interação com ent_13 via search em ts=1702833320 (canal=web)
- Evento: interação com ent_50 via add_to_cart em ts=1702832780 (canal=call_center)
- Evento: interação com ent_12 via view em ts=1702807580 (canal=web)
- Evento: interação com ent_50 via add_to_cart em ts=1702789040 (canal=call_center)
- Evento: interação com ent_23 via add_to_cart em ts=1702776470 (canal=app)
- Evento: interação com ent_15 via view em ts=1702775900 (canal=call_center)
- Evento: interação com ent_15 via view em ts=1702769450 (canal=call_center)
- Evento: interação com ent_40 via search em ts=1702758680 (canal=app)
- Evento: interação com ent_14 via add_to_cart em ts=1702757030 (canal=web)
- Evento: interação com ent_24 via support_ticket em ts=1702748300 (canal=web)
- Evento: interação com ent_55 via view em ts=1702712780 (canal=call_center)
- Evento: interação com ent_41 via search em ts=1702697360 (canal=app)
- Evento: interação com ent_59 via search em ts=1702667750 (canal=app)
- Evento: interação com ent_41 via support_ticket em ts=1702657820 (canal=app)
- Evento: interação com ent_55 via view em ts=1702649090 (canal=app)
- Evento: interação com ent_50 via search em ts=1702642940 (canal=web)
- Evento: interação com ent_55 via add_to_cart em ts=1702637570 (canal=app)
- Evento: interação com ent_22 via view em ts=1702634300 (canal=call_center)
- Evento: interação com ent_14 via add_to_cart em ts=1702632140 (canal=web)
- Evento: interação com ent_2 via view em ts=1702626710 (canal=app)
- Evento: interação com ent_48 via view em ts=1702617560 (canal=app)
- Evento: interação com ent_55 via view em ts=1702613960 (canal=call_center)
- Evento: interação com ent_50 via support_ticket em ts=1702608530 (canal=call_center)
- Evento: interação com ent_42 via view em ts=1702606640 (canal=app)
- Evento: interação com ent_40 via search em ts=1702598150 (canal=call_center)
- Evento: interação com ent_33 via view em ts=1702585850 (canal=call_center)
- Evento: interação com ent_12 via search em ts=1702585430 (canal=call_center)
- Evento: interação com ent_54 via view em ts=1702571300 (canal=web)
- Evento: interação com ent_30 via add_to_cart em ts=1702549190 (canal=web)
- Evento: interação com ent_15 via add_to_cart em ts=1702536230 (canal=web)
- Evento: interação com ent_33 via view em ts=1702521410 (canal=call_center)
- Evento: interação com ent_0 via search em ts=1702507130 (canal=app)
- Evento: interação com ent_40 via search em ts=1702480760 (canal=web)
- Evento: interação com ent_24 via support_ticket em ts=1702459700 (canal=app)
- Evento: interação com ent_50 via add_to_cart em ts=1702445660 (canal=web)
- Evento: interação com ent_50 via view em ts=1702440080 (canal=call_center)
- Evento: interação com ent_48 via search em ts=1702424300 (canal=app)
- Evento: interação com ent_45 via view em ts=1702423970 (canal=call_center)
- Evento: interação com ent_33 via view em ts=1702420820 (canal=app)
- Evento: interação com ent_48 via view em ts=1702402850 (canal=call_center)
- Evento: interação com ent_48 via view em ts=1702402220 (canal=app)
- Evento: interação com ent_42 via view em ts=1702400750 (canal=call_center)
- Evento: interação com ent_29 via search em ts=1702386920 (canal=app)
- Evento: interação com ent_11 via add_to_cart em ts=1702378640 (canal=call_center)
- Evento: interação com ent_24 via search em ts=1702370690 (canal=app)
- Evento: interação com ent_55 via view em ts=1702365830 (canal=app)
- Evento: interação com ent_33 via search em ts=1702362050 (canal=call_center)
- Evento: interação com ent_12 via view em ts=1702349270 (canal=app)
- Evento: interação com ent_45 via search em ts=1702300550 (canal=call_center)
- Evento: interação com ent_30 via add_to_cart em ts=1702297070 (canal=call_center)
- Evento: interação com ent_40 via add_to_cart em ts=1702287140 (canal=web)
- Evento: interação com ent_43 via view em ts=1702283870 (canal=app)
- Evento: interação com ent_48 via purchase em ts=1702271000 (canal=call_center)
- Evento: interação com ent_15 via view em ts=1702259660 (canal=web)
- Evento: interação com ent_30 via search em ts=1702243430 (canal=app)
- Evento: interação com ent_45 via support_ticket em ts=1702233560 (canal=web)
- Evento: interação com ent_19 via purchase em ts=1702232150 (canal=web)"
cust_4559,pesado,support_ticket_count,topk_estatico,20,,False,malformed,293,"## Contexto do cliente: cust_4559 (top-3 por frequência)
- ent_55 (26 interações) [view, add_to_cart, search], último em ts=1703082770
- ent_45 (24 interações) [view, search, support_ticket], último em ts=1703273240
- ent_40 (23 interações) [view, search, add_to_cart], último em ts=1703579630"
cust_4559,pesado,support_ticket_count,hibrido_sob_demanda,20,20,True,correct,559,"## Contexto do cliente: cust_4559
Canais com atividade encontrada: 3 (app, call_center, web)
Resumo de atividade (337 eventos totais): view: 140, search: 76, add_to_cart: 67, purchase: 34, support_ticket: 20

### Entidades mais relevantes (ranqueadas por PageRank personalizado)
- ent_14 (relevância=0.014): 20 eventos [view, search, add_to_cart], último em ts=1703576840
- ent_30 (relevância=0.010): 19 eventos [view, add_to_cart, search], último em ts=1703510570
- ent_50 (relevância=0.010): 20 eventos [view, add_to_cart, purchase], último em ts=1703498060"
cust_4559,pesado,support_ticket_count,sessao_memoria,20,20,True,correct,529,"## Contexto do cliente: cust_4559 (turno 0)
Resumo de atividade (337 eventos totais): view: 140, search: 76, add_to_cart: 67, purchase: 34, support_ticket: 20

- ent_55 (relevância=0.043): estado mais recente = view em ts=1703082770 (havia também interações anteriores registradas)
- ent_34 (relevância=0.042): estado mais recente = view em ts=1703563970 (havia também interações anteriores registradas)
- ent_15 (relevância=0.042): estado mais recente = purchase em ts=1703495390 (havia também interações anteriores registradas)"
cust_4559,pesado,support_ticket_count,sessao_memoria_sem_clash,20,20,True,correct,2068,"## Contexto do cliente: cust_4559 (turno 0)
Resumo de atividade (337 eventos totais): view: 140, search: 76, add_to_cart: 67, purchase: 34, support_ticket: 20

- ent_55 (relevância=0.043): view em ts=1703082770; view em ts=1702990520; view em ts=1702712780; view em ts=1702649090; add_to_cart em ts=1702637570; view em ts=1702613960; view em ts=1702365830; view em ts=1702109960; view em ts=1702056800; view em ts=1701940640; view em ts=1701673820; add_to_cart em ts=1701593270; add_to_cart em ts=1701500540; view em ts=1701427160; add_to_cart em ts=1701347540; view em ts=1701158000; view em ts=1701033860; support_ticket em ts=1700903810; search em ts=1700769620; search em ts=1700725580; purchase em ts=1700474900; view em ts=1700456030; view em ts=1700382320; view em ts=1700335760; view em ts=1700235380; view em ts=1700027180
- ent_34 (relevância=0.042): view em ts=1703563970; view em ts=1703484080; view em ts=1703216540; purchase em ts=1703203520; support_ticket em ts=1703085200; purchase em ts=1702962020; add_to_cart em ts=1702161380; add_to_cart em ts=1702015940; add_to_cart em ts=1701992540; view em ts=1701911150; add_to_cart em ts=1701909440; support_ticket em ts=1701904190; search em ts=1701604190; view em ts=1701484340; search em ts=1701475610; view em ts=1701400730; purchase em ts=1701360650; purchase em ts=1701354620; support_ticket em ts=1701264650; view em ts=1701157610; add_to_cart em ts=1700864270; add_to_cart em ts=1700831840; search em ts=1700180180
- ent_15 (relevância=0.042): purchase em ts=1703495390; view em ts=1703380010; view em ts=1703363000; view em ts=1703247800; search em ts=1702990010; view em ts=1702775900; view em ts=1702769450; add_to_cart em ts=1702536230; view em ts=1702259660; view em ts=1702218740; view em ts=1702176950; view em ts=1701899870; search em ts=1701634820; view em ts=1701539210; view em ts=1701417470; add_to_cart em ts=1700828420; view em ts=1700748560; purchase em ts=1700659280; add_to_cart em ts=1700463200; support_ticket em ts=1700240060; add_to_cart em ts=1700133560; search em ts=1700104220"
cust_6758,pesado,support_ticket_count,sem_retrieval,76,,False,malformed,64,Nenhuma informação adicional sobre este cliente está disponível.
cust_6758,pesado,support_ticket_count,contexto_completo,76,76,True,correct,8706,"Histórico completo de eventos do cliente cust_6758 (120 eventos):
- Evento: interação com ent_52 via support_ticket em ts=1703599280 (canal=app)
- Evento: interação com ent_42 via add_to_cart em ts=1703597660 (canal=app)
- Evento: interação com ent_10 via add_to_cart em ts=1703594780 (canal=app)
- Evento: interação com ent_39 via add_to_cart em ts=1703593790 (canal=app)
- Evento: interação com ent_58 via add_to_cart em ts=1703593370 (canal=web)
- Evento: interação com ent_46 via add_to_cart em ts=1703592470 (canal=app)
- Evento: interação com ent_32 via view em ts=1703591780 (canal=app)
- Evento: interação com ent_10 via view em ts=1703585600 (canal=web)
- Evento: interação com ent_46 via view em ts=1703585000 (canal=web)
- Evento: interação com ent_13 via view em ts=1703584940 (canal=app)
- Evento: interação com ent_43 via view em ts=1703583620 (canal=web)
- Evento: interação com ent_37 via search em ts=1703580470 (canal=app)
- Evento: interação com ent_4 via add_to_cart em ts=1703580230 (canal=web)
- Evento: interação com ent_4 via view em ts=1703574800 (canal=app)
- Evento: interação com ent_37 via view em ts=1703573750 (canal=web)
- Evento: interação com ent_52 via add_to_cart em ts=1703571890 (canal=web)
- Evento: interação com ent_24 via add_to_cart em ts=1703569580 (canal=web)
- Evento: interação com ent_31 via view em ts=1703564480 (canal=web)
- Evento: interação com ent_56 via view em ts=1703564090 (canal=web)
- Evento: interação com ent_39 via search em ts=1703553980 (canal=app)
- Evento: interação com ent_42 via view em ts=1703552960 (canal=app)
- Evento: interação com ent_39 via search em ts=1703545730 (canal=web)
- Evento: interação com ent_52 via view em ts=1703543630 (canal=app)
- Evento: interação com ent_46 via view em ts=1703536190 (canal=app)
- Evento: interação com ent_13 via search em ts=1703533280 (canal=app)
- Evento: interação com ent_37 via search em ts=1703532140 (canal=app)
- Evento: interação com ent_29 via view em ts=1703523560 (canal=app)
- Evento: interação com ent_56 via add_to_cart em ts=1703516780 (canal=app)
- Evento: interação com ent_58 via search em ts=1703512400 (canal=web)
- Evento: interação com ent_30 via view em ts=1703511890 (canal=app)
- Evento: interação com ent_30 via add_to_cart em ts=1703503100 (canal=app)
- Evento: interação com ent_56 via view em ts=1703501570 (canal=app)
- Evento: interação com ent_58 via add_to_cart em ts=1703501330 (canal=web)
- Evento: interação com ent_24 via view em ts=1703500370 (canal=app)
- Evento: interação com ent_16 via search em ts=1703499200 (canal=app)
- Evento: interação com ent_24 via add_to_cart em ts=1703495000 (canal=web)
- Evento: interação com ent_35 via add_to_cart em ts=1703494490 (canal=app)
- Evento: interação com ent_32 via search em ts=1703484320 (canal=web)
- Evento: interação com ent_42 via view em ts=1703473820 (canal=app)
- Evento: interação com ent_30 via view em ts=1703472380 (canal=app)
- Evento: interação com ent_52 via view em ts=1703472320 (canal=app)
- Evento: interação com ent_35 via add_to_cart em ts=1703469710 (canal=web)
- Evento: interação com ent_32 via search em ts=1703469050 (canal=web)
- Evento: interação com ent_58 via search em ts=1703469020 (canal=web)
- Evento: interação com ent_10 via support_ticket em ts=1703466530 (canal=web)
- Evento: interação com ent_22 via support_ticket em ts=1703464220 (canal=web)
- Evento: interação com ent_4 via view em ts=1703462720 (canal=app)
- Evento: interação com ent_4 via add_to_cart em ts=1703458400 (canal=app)
- Evento: interação com ent_30 via view em ts=1703453600 (canal=app)
- Evento: interação com ent_24 via purchase em ts=1703453030 (canal=app)
- Evento: interação com ent_30 via support_ticket em ts=1703452850 (canal=web)
- Evento: interação com ent_39 via view em ts=1703451290 (canal=app)
- Evento: interação com ent_24 via search em ts=1703448680 (canal=web)
- Evento: interação com ent_32 via support_ticket em ts=1703447690 (canal=web)
- Evento: interação com ent_46 via purchase em ts=1703447510 (canal=app)
- Evento: interação com ent_24 via add_to_cart em ts=1703446100 (canal=app)
- Evento: interação com ent_52 via view em ts=1703439530 (canal=app)
- Evento: interação com ent_30 via search em ts=1703433860 (canal=app)
- Evento: interação com ent_37 via add_to_cart em ts=1703432300 (canal=web)
- Evento: interação com ent_46 via view em ts=1703430470 (canal=app)
- Evento: interação com ent_4 via view em ts=1703429270 (canal=app)
- Evento: interação com ent_42 via view em ts=1703428730 (canal=app)
- Evento: interação com ent_10 via support_ticket em ts=1703425850 (canal=web)
- Evento: interação com ent_39 via add_to_cart em ts=1703424110 (canal=app)
- Evento: interação com ent_25 via search em ts=1703422820 (canal=app)
- Evento: interação com ent_43 via add_to_cart em ts=1703410700 (canal=web)
- Evento: interação com ent_39 via add_to_cart em ts=1703407070 (canal=app)
- Evento: interação com ent_19 via view em ts=1703404970 (canal=app)
- Evento: interação com ent_35 via add_to_cart em ts=1703404490 (canal=app)
- Evento: interação com ent_35 via view em ts=1703404130 (canal=web)
- Evento: interação com ent_58 via view em ts=1703403950 (canal=app)
- Evento: interação com ent_13 via search em ts=1703400080 (canal=app)
- Evento: interação com ent_19 via add_to_cart em ts=1703399780 (canal=app)
- Evento: interação com ent_52 via search em ts=1703394860 (canal=app)
- Evento: interação com ent_37 via add_to_cart em ts=1703394170 (canal=web)
- Evento: interação com ent_52 via view em ts=1703391740 (canal=app)
- Evento: interação com ent_36 via search em ts=1703390390 (canal=app)
- Evento: interação com ent_24 via purchase em ts=1703381660 (canal=web)
- Evento: interação com ent_56 via view em ts=1703380730 (canal=app)
- Evento: interação com ent_3 via search em ts=1703379950 (canal=app)
- Evento: interação com ent_37 via view em ts=1703374700 (canal=web)
- Evento: interação com ent_13 via add_to_cart em ts=1703367950 (canal=app)
- Evento: interação com ent_59 via search em ts=1703362280 (canal=app)
- Evento: interação com ent_42 via view em ts=1703352740 (canal=app)
- Evento: interação com ent_31 via search em ts=1703352350 (canal=web)
- Evento: interação com ent_15 via view em ts=1703350340 (canal=web)
- Evento: interação com ent_56 via search em ts=1703346440 (canal=app)
- Evento: interação com ent_13 via search em ts=1703341520 (canal=app)
- Evento: interação com ent_52 via view em ts=1703334080 (canal=web)
- Evento: interação com ent_10 via add_to_cart em ts=1703329910 (canal=app)
- Evento: interação com ent_58 via view em ts=1703322440 (canal=web)
- Evento: interação com ent_10 via view em ts=1703316890 (canal=app)
- Evento: interação com ent_32 via support_ticket em ts=1703315180 (canal=web)
- Evento: interação com ent_10 via add_to_cart em ts=1703308940 (canal=web)
- Evento: interação com ent_46 via support_ticket em ts=1703307500 (canal=web)
- Evento: interação com ent_52 via view em ts=1703306480 (canal=app)
- Evento: interação com ent_10 via view em ts=1703304860 (canal=app)
- Evento: interação com ent_39 via view em ts=1703303420 (canal=app)
- Evento: interação com ent_42 via search em ts=1703298050 (canal=web)
- Evento: interação com ent_39 via view em ts=1703297420 (canal=app)
- Evento: interação com ent_35 via view em ts=1703296490 (canal=web)
- Evento: interação com ent_32 via add_to_cart em ts=1703295170 (canal=app)
- Evento: interação com ent_42 via view em ts=1703294210 (canal=app)
- Evento: interação com ent_32 via view em ts=1703292320 (canal=app)
- Evento: interação com ent_52 via add_to_cart em ts=1703290190 (canal=web)
- Evento: interação com ent_58 via view em ts=1703288900 (canal=app)
- Evento: interação com ent_37 via add_to_cart em ts=1703287460 (canal=web)
- Evento: interação com ent_30 via view em ts=1703283740 (canal=app)
- Evento: interação com ent_25 via view em ts=1703281010 (canal=web)
- Evento: interação com ent_39 via add_to_cart em ts=1703277770 (canal=web)
- Evento: interação com ent_35 via purchase em ts=1703272670 (canal=web)
- Evento: interação com ent_46 via view em ts=1703271620 (canal=app)
- Evento: interação com ent_4 via add_to_cart em ts=1703271350 (canal=web)
- Evento: interação com ent_13 via view em ts=1703269490 (canal=web)
- Evento: interação com ent_30 via search em ts=1703262980 (canal=app)
- Evento: interação com ent_30 via view em ts=1703255780 (canal=app)
- Evento: interação com ent_32 via search em ts=1703253170 (canal=app)
- Evento: interação com ent_13 via view em ts=1703250200 (canal=web)
- Evento: interação com ent_35 via add_to_cart em ts=1703249960 (canal=web)
- Evento: interação com ent_43 via view em ts=1703245520 (canal=web)"
cust_6758,pesado,support_ticket_count,topk_estatico,76,76,True,correct,289,"## Contexto do cliente: cust_6758 (top-3 por frequência)
- ent_35 (77 interações) [view, add_to_cart, search], último em ts=1703494490
- ent_52 (76 interações) [view, add_to_cart, search], último em ts=1703599280
- ent_4 (75 interações) [view, search, add_to_cart], último em ts=1703580230"
cust_6758,pesado,support_ticket_count,hibrido_sob_demanda,76,76,True,correct,546,"## Contexto do cliente: cust_6758
Canais com atividade encontrada: 2 (app, web)
Resumo de atividade (1077 eventos totais): view: 430, add_to_cart: 244, search: 240, purchase: 87, support_ticket: 76

### Entidades mais relevantes (ranqueadas por PageRank personalizado)
- ent_46 (relevância=0.013): 61 eventos [view, add_to_cart, search], último em ts=1703592470
- ent_4 (relevância=0.012): 75 eventos [view, search, add_to_cart], último em ts=1703580230
- ent_58 (relevância=0.012): 66 eventos [view, add_to_cart, search], último em ts=1703593370"
cust_6758,pesado,support_ticket_count,sessao_memoria,76,76,True,correct,545,"## Contexto do cliente: cust_6758 (turno 0)
Resumo de atividade (1077 eventos totais): view: 430, add_to_cart: 244, search: 240, purchase: 87, support_ticket: 76

- ent_52 (relevância=0.045): estado mais recente = support_ticket em ts=1703599280 (havia também interações anteriores registradas)
- ent_30 (relevância=0.044): estado mais recente = view em ts=1703511890 (havia também interações anteriores registradas)
- ent_24 (relevância=0.043): estado mais recente = add_to_cart em ts=1703569580 (havia também interações anteriores registradas)"
cust_6758,pesado,support_ticket_count,sessao_memoria_sem_clash,76,76,True,correct,5833,"## Contexto do cliente: cust_6758 (turno 0)
Resumo de atividade (1077 eventos totais): view: 430, add_to_cart: 244, search: 240, purchase: 87, support_ticket: 76

- ent_52 (relevância=0.045): support_ticket em ts=1703599280; add_to_cart em ts=1703571890; view em ts=1703543630; view em ts=1703472320; view em ts=1703439530; search em ts=1703394860; view em ts=1703391740; view em ts=1703334080; view em ts=1703306480; add_to_cart em ts=1703290190; view em ts=1703213240; search em ts=1703208050; support_ticket em ts=1703198030; view em ts=1703059220; add_to_cart em ts=1703024060; add_to_cart em ts=1702971980; add_to_cart em ts=1702970120; add_to_cart em ts=1702826600; add_to_cart em ts=1702749860; view em ts=1702675850; support_ticket em ts=1702593350; add_to_cart em ts=1702548890; view em ts=1702542290; view em ts=1702514750; view em ts=1702476710; view em ts=1702460810; view em ts=1702447610; view em ts=1702361840; view em ts=1702353080; view em ts=1702288670; search em ts=1702086200; view em ts=1702043660; view em ts=1702037060; purchase em ts=1701993290; search em ts=1701941600; support_ticket em ts=1701924380; search em ts=1701914120; search em ts=1701837920; view em ts=1701774620; add_to_cart em ts=1701772370; purchase em ts=1701769790; search em ts=1701737870; view em ts=1701612680; view em ts=1701540740; add_to_cart em ts=1701523310; search em ts=1701492830; search em ts=1701366470; view em ts=1701364370; search em ts=1701238970; add_to_cart em ts=1701224120; purchase em ts=1701203240; view em ts=1701172910; search em ts=1701165050; purchase em ts=1701128960; view em ts=1700996930; add_to_cart em ts=1700977190; view em ts=1700947490; search em ts=1700831210; add_to_cart em ts=1700803250; search em ts=1700798870; view em ts=1700791850; add_to_cart em ts=1700747990; purchase em ts=1700696240; add_to_cart em ts=1700615660; view em ts=1700520560; search em ts=1700507870; support_ticket em ts=1700500550; view em ts=1700498810; add_to_cart em ts=1700459750; add_to_cart em ts=1700437550; view em ts=1700383370; view em ts=1700295320; purchase em ts=1700257250; add_to_cart em ts=1700205620; view em ts=1700016950; support_ticket em ts=1700011430
- ent_30 (relevância=0.044): view em ts=1703511890; add_to_cart em ts=1703503100; view em ts=1703472380; view em ts=1703453600; support_ticket em ts=1703452850; search em ts=1703433860; view em ts=1703283740; search em ts=1703262980; view em ts=1703255780; view em ts=1703218970; add_to_cart em ts=1703208380; search em ts=1703143250; add_to_cart em ts=1703135780; support_ticket em ts=1703126780; view em ts=1703093330; purchase em ts=1703088680; view em ts=1703061260; view em ts=1703048510; support_ticket em ts=1703023370; view em ts=1702854890; search em ts=1702789970; view em ts=1702783940; add_to_cart em ts=1702746230; purchase em ts=1702740500; add_to_cart em ts=1702659290; view em ts=1702593530; view em ts=1702537400; search em ts=1702497170; purchase em ts=1702473950; support_ticket em ts=1702390190; purchase em ts=1702380740; view em ts=1702279160; search em ts=1702233470; view em ts=1702167380; view em ts=1702157660; add_to_cart em ts=1702124300; view em ts=1702106060; view em ts=1702053560; view em ts=1702014800; add_to_cart em ts=1701979100; view em ts=1701936950; search em ts=1701799670; view em ts=1701732080; search em ts=1701695480; view em ts=1701677330; view em ts=1701492170; view em ts=1701418640; search em ts=1701247190; search em ts=1701197150; add_to_cart em ts=1701187610; purchase em ts=1701097760; view em ts=1701047900; purchase em ts=1701047360; search em ts=1700967290; support_ticket em ts=1700936000; view em ts=1700903690; view em ts=1700877050; support_ticket em ts=1700765150; search em ts=1700721200; search em ts=1700709290; add_to_cart em ts=1700612840; view em ts=1700568830; support_ticket em ts=1700529830; add_to_cart em ts=1700509280; add_to_cart em ts=1700508050; add_to_cart em ts=1700486570; view em ts=1700351840; add_to_cart em ts=1700336360; add_to_cart em ts=1700336180; view em ts=1700032880
- ent_24 (relevância=0.043): add_to_cart em ts=1703569580; view em ts=1703500370; add_to_cart em ts=1703495000; purchase em ts=1703453030; search em ts=1703448680; add_to_cart em ts=1703446100; purchase em ts=1703381660; view em ts=1703244380; search em ts=1703216360; add_to_cart em ts=1703150240; support_ticket em ts=1703134280; view em ts=1703097950; view em ts=1703092070; view em ts=1703057840; view em ts=1703039870; search em ts=1702940360; search em ts=1702937870; add_to_cart em ts=1702920320; view em ts=1702909460; search em ts=1702874090; view em ts=1702870820; view em ts=1702866440; search em ts=1702813790; search em ts=1702802720; view em ts=1702798910; support_ticket em ts=1702691030; view em ts=1702680620; view em ts=1702661570; purchase em ts=1702494710; view em ts=1702441430; add_to_cart em ts=1702426100; view em ts=1702397270; add_to_cart em ts=1702387730; search em ts=1702379750; view em ts=1702346690; search em ts=1702139570; view em ts=1702111880; search em ts=1702041470; add_to_cart em ts=1702010540; add_to_cart em ts=1701923360; support_ticket em ts=1701914540; add_to_cart em ts=1701883940; view em ts=1701874820; search em ts=1701762680; search em ts=1701675410; search em ts=1701576020; view em ts=1701557570; view em ts=1701556130; search em ts=1701490130; view em ts=1701451700; view em ts=1701434390; purchase em ts=1701413090; view em ts=1701358310; purchase em ts=1701299960; view em ts=1701241850; view em ts=1701205550; search em ts=1701169250; purchase em ts=1701046160; view em ts=1701007280; add_to_cart em ts=1700988200; add_to_cart em ts=1700943800; search em ts=1700942030; view em ts=1700516060; view em ts=1700475140; view em ts=1700269190; add_to_cart em ts=1700163140; add_to_cart em ts=1700092490; view em ts=1700044220; search em ts=1700003360"
cust_2782,pesado,support_ticket_count,sem_retrieval,3,,False,malformed,64,Nenhuma informação adicional sobre este cliente está disponível.
cust_2782,pesado,support_ticket_count,contexto_completo,3,3,True,correct,2644,"Histórico completo de eventos do cliente cust_2782 (36 eventos):
- Evento: interação com ent_32 via view em ts=1703499500 (canal=web)
- Evento: interação com ent_14 via search em ts=1703321810 (canal=web)
- Evento: interação com ent_7 via purchase em ts=1703310620 (canal=web)
- Evento: interação com ent_46 via add_to_cart em ts=1703280410 (canal=web)
- Evento: interação com ent_2 via add_to_cart em ts=1703227040 (canal=web)
- Evento: interação com ent_42 via view em ts=1702863260 (canal=web)
- Evento: interação com ent_42 via view em ts=1702758050 (canal=web)
- Evento: interação com ent_15 via view em ts=1702689050 (canal=web)
- Evento: interação com ent_37 via add_to_cart em ts=1702587920 (canal=web)
- Evento: interação com ent_42 via search em ts=1702417100 (canal=web)
- Evento: interação com ent_15 via view em ts=1702220030 (canal=web)
- Evento: interação com ent_2 via view em ts=1702137770 (canal=web)
- Evento: interação com ent_42 via search em ts=1702116680 (canal=web)
- Evento: interação com ent_7 via add_to_cart em ts=1702032680 (canal=web)
- Evento: interação com ent_23 via view em ts=1702032500 (canal=web)
- Evento: interação com ent_46 via view em ts=1701966350 (canal=web)
- Evento: interação com ent_38 via view em ts=1701877160 (canal=web)
- Evento: interação com ent_48 via add_to_cart em ts=1701770870 (canal=web)
- Evento: interação com ent_15 via purchase em ts=1701732740 (canal=web)
- Evento: interação com ent_12 via search em ts=1701666350 (canal=web)
- Evento: interação com ent_20 via purchase em ts=1701649970 (canal=web)
- Evento: interação com ent_14 via search em ts=1701541910 (canal=web)
- Evento: interação com ent_7 via support_ticket em ts=1701490520 (canal=web)
- Evento: interação com ent_7 via purchase em ts=1701483380 (canal=web)
- Evento: interação com ent_15 via add_to_cart em ts=1701188720 (canal=web)
- Evento: interação com ent_2 via add_to_cart em ts=1701088610 (canal=web)
- Evento: interação com ent_7 via support_ticket em ts=1700925860 (canal=web)
- Evento: interação com ent_46 via view em ts=1700762270 (canal=web)
- Evento: interação com ent_32 via view em ts=1700694440 (canal=web)
- Evento: interação com ent_41 via view em ts=1700374730 (canal=web)
- Evento: interação com ent_50 via search em ts=1700340890 (canal=web)
- Evento: interação com ent_14 via view em ts=1700315600 (canal=web)
- Evento: interação com ent_42 via view em ts=1700247320 (canal=web)
- Evento: interação com ent_38 via view em ts=1700144180 (canal=web)
- Evento: interação com ent_41 via view em ts=1700123060 (canal=web)
- Evento: interação com ent_15 via add_to_cart em ts=1700054750 (canal=web)"
cust_2782,pesado,support_ticket_count,topk_estatico,3,3,True,correct,287,"## Contexto do cliente: cust_2782 (top-3 por frequência)
- ent_15 (5 interações) [view, add_to_cart, purchase], último em ts=1702689050
- ent_42 (5 interações) [view, search], último em ts=1702863260
- ent_7 (5 interações) [purchase, support_ticket, add_to_cart], último em ts=1703310620"
cust_2782,pesado,support_ticket_count,hibrido_sob_demanda,3,3,True,correct,496,"## Contexto do cliente: cust_2782
Canais com atividade encontrada: 1 (web)
Resumo de atividade (36 eventos totais): view: 16, add_to_cart: 8, search: 6, purchase: 4, support_ticket: 2

### Entidades mais relevantes (ranqueadas por PageRank personalizado)
- ent_42 (relevância=0.016): 5 eventos [view, search], último em ts=1702863260
- ent_14 (relevância=0.015): 3 eventos [search, view], último em ts=1703321810
- ent_46 (relevância=0.014): 3 eventos [view, add_to_cart], último em ts=1703280410"
cust_2782,pesado,support_ticket_count,sessao_memoria,3,3,True,correct,522,"## Contexto do cliente: cust_2782 (turno 0)
Resumo de atividade (36 eventos totais): view: 16, add_to_cart: 8, search: 6, purchase: 4, support_ticket: 2

- ent_42 (relevância=0.052): estado mais recente = view em ts=1702863260 (havia também interações anteriores registradas)
- ent_15 (relevância=0.044): estado mais recente = view em ts=1702689050 (havia também interações anteriores registradas)
- ent_7 (relevância=0.043): estado mais recente = purchase em ts=1703310620 (havia também interações anteriores registradas)"
cust_2782,pesado,support_ticket_count,sessao_memoria_sem_clash,3,3,True,correct,638,"## Contexto do cliente: cust_2782 (turno 0)
Resumo de atividade (36 eventos totais): view: 16, add_to_cart: 8, search: 6, purchase: 4, support_ticket: 2

- ent_42 (relevância=0.052): view em ts=1702863260; view em ts=1702758050; search em ts=1702417100; search em ts=1702116680; view em ts=1700247320
- ent_15 (relevância=0.044): view em ts=1702689050; view em ts=1702220030; purchase em ts=1701732740; add_to_cart em ts=1701188720; add_to_cart em ts=1700054750
- ent_7 (relevância=0.043): purchase em ts=1703310620; add_to_cart em ts=1702032680; support_ticket em ts=1701490520; purchase em ts=1701483380; support_ticket em ts=1700925860"
cust_390,pesado,support_ticket_count,sem_retrieval,16,,False,malformed,64,Nenhuma informação adicional sobre este cliente está disponível.
cust_390,pesado,support_ticket_count,contexto_completo,16,,False,malformed,6739,"Histórico completo de eventos do cliente cust_390 (92 eventos):
- Evento: interação com ent_27 via search em ts=1703587820 (canal=app)
- Evento: interação com ent_52 via view em ts=1703530250 (canal=app)
- Evento: interação com ent_14 via purchase em ts=1703514230 (canal=web)
- Evento: interação com ent_57 via search em ts=1703507810 (canal=web)
- Evento: interação com ent_52 via view em ts=1703495030 (canal=app)
- Evento: interação com ent_33 via search em ts=1703480900 (canal=web)
- Evento: interação com ent_57 via purchase em ts=1703472350 (canal=app)
- Evento: interação com ent_6 via add_to_cart em ts=1703410340 (canal=web)
- Evento: interação com ent_27 via search em ts=1703319320 (canal=web)
- Evento: interação com ent_33 via view em ts=1703306510 (canal=web)
- Evento: interação com ent_21 via view em ts=1703291270 (canal=web)
- Evento: interação com ent_47 via add_to_cart em ts=1703206550 (canal=web)
- Evento: interação com ent_30 via search em ts=1703185070 (canal=web)
- Evento: interação com ent_57 via purchase em ts=1703158430 (canal=app)
- Evento: interação com ent_19 via view em ts=1703157950 (canal=app)
- Evento: interação com ent_22 via support_ticket em ts=1703095850 (canal=web)
- Evento: interação com ent_31 via search em ts=1703042540 (canal=web)
- Evento: interação com ent_26 via view em ts=1702959710 (canal=web)
- Evento: interação com ent_43 via add_to_cart em ts=1702864550 (canal=web)
- Evento: interação com ent_37 via search em ts=1702820030 (canal=app)
- Evento: interação com ent_38 via support_ticket em ts=1702805510 (canal=web)
- Evento: interação com ent_22 via add_to_cart em ts=1702790960 (canal=web)
- Evento: interação com ent_37 via search em ts=1702758500 (canal=web)
- Evento: interação com ent_47 via add_to_cart em ts=1702734620 (canal=web)
- Evento: interação com ent_37 via add_to_cart em ts=1702730630 (canal=web)
- Evento: interação com ent_57 via view em ts=1702723730 (canal=web)
- Evento: interação com ent_54 via add_to_cart em ts=1702701500 (canal=app)
- Evento: interação com ent_47 via view em ts=1702693040 (canal=app)
- Evento: interação com ent_47 via add_to_cart em ts=1702615460 (canal=web)
- Evento: interação com ent_52 via search em ts=1702563800 (canal=app)
- Evento: interação com ent_49 via view em ts=1702563020 (canal=app)
- Evento: interação com ent_57 via view em ts=1702547780 (canal=app)
- Evento: interação com ent_33 via support_ticket em ts=1702507580 (canal=app)
- Evento: interação com ent_12 via search em ts=1702477850 (canal=app)
- Evento: interação com ent_57 via purchase em ts=1702397900 (canal=app)
- Evento: interação com ent_26 via purchase em ts=1702393820 (canal=web)
- Evento: interação com ent_31 via search em ts=1702350530 (canal=app)
- Evento: interação com ent_24 via support_ticket em ts=1702346510 (canal=app)
- Evento: interação com ent_31 via add_to_cart em ts=1702324070 (canal=web)
- Evento: interação com ent_57 via view em ts=1702286930 (canal=app)
- Evento: interação com ent_22 via support_ticket em ts=1702261520 (canal=app)
- Evento: interação com ent_51 via view em ts=1702250450 (canal=app)
- Evento: interação com ent_27 via view em ts=1702144790 (canal=web)
- Evento: interação com ent_51 via purchase em ts=1702143530 (canal=app)
- Evento: interação com ent_37 via view em ts=1702140500 (canal=app)
- Evento: interação com ent_33 via search em ts=1701960620 (canal=web)
- Evento: interação com ent_26 via search em ts=1701884690 (canal=web)
- Evento: interação com ent_52 via add_to_cart em ts=1701855650 (canal=web)
- Evento: interação com ent_1 via support_ticket em ts=1701827210 (canal=app)
- Evento: interação com ent_27 via purchase em ts=1701812210 (canal=web)
- Evento: interação com ent_26 via search em ts=1701757280 (canal=app)
- Evento: interação com ent_27 via view em ts=1701723080 (canal=web)
- Evento: interação com ent_47 via add_to_cart em ts=1701721340 (canal=app)
- Evento: interação com ent_57 via add_to_cart em ts=1701701510 (canal=app)
- Evento: interação com ent_27 via view em ts=1701555440 (canal=app)
- Evento: interação com ent_33 via search em ts=1701542180 (canal=app)
- Evento: interação com ent_19 via add_to_cart em ts=1701522410 (canal=web)
- Evento: interação com ent_22 via support_ticket em ts=1701508040 (canal=web)
- Evento: interação com ent_22 via add_to_cart em ts=1701503480 (canal=app)
- Evento: interação com ent_49 via add_to_cart em ts=1701483680 (canal=web)
- Evento: interação com ent_27 via add_to_cart em ts=1701431510 (canal=web)
- Evento: interação com ent_30 via purchase em ts=1701427460 (canal=web)
- Evento: interação com ent_26 via search em ts=1701253340 (canal=web)
- Evento: interação com ent_19 via add_to_cart em ts=1701243110 (canal=web)
- Evento: interação com ent_14 via support_ticket em ts=1701231110 (canal=web)
- Evento: interação com ent_51 via add_to_cart em ts=1701211280 (canal=web)
- Evento: interação com ent_52 via purchase em ts=1701127400 (canal=app)
- Evento: interação com ent_1 via view em ts=1701119300 (canal=app)
- Evento: interação com ent_52 via support_ticket em ts=1701054050 (canal=app)
- Evento: interação com ent_26 via add_to_cart em ts=1701037880 (canal=web)
- Evento: interação com ent_26 via search em ts=1701028340 (canal=web)
- Evento: interação com ent_22 via add_to_cart em ts=1700988080 (canal=web)
- Evento: interação com ent_51 via view em ts=1700914670 (canal=web)
- Evento: interação com ent_52 via view em ts=1700865710 (canal=web)
- Evento: interação com ent_22 via add_to_cart em ts=1700792540 (canal=web)
- Evento: interação com ent_29 via search em ts=1700759330 (canal=web)
- Evento: interação com ent_38 via view em ts=1700733200 (canal=app)
- Evento: interação com ent_57 via search em ts=1700679620 (canal=web)
- Evento: interação com ent_30 via purchase em ts=1700634530 (canal=app)
- Evento: interação com ent_1 via add_to_cart em ts=1700577950 (canal=web)
- Evento: interação com ent_47 via view em ts=1700571710 (canal=web)
- Evento: interação com ent_27 via view em ts=1700553710 (canal=web)
- Evento: interação com ent_52 via view em ts=1700543270 (canal=app)
- Evento: interação com ent_52 via search em ts=1700532710 (canal=app)
- Evento: interação com ent_14 via search em ts=1700531270 (canal=web)
- Evento: interação com ent_57 via search em ts=1700526320 (canal=web)
- Evento: interação com ent_57 via search em ts=1700469140 (canal=app)
- Evento: interação com ent_26 via view em ts=1700433650 (canal=app)
- Evento: interação com ent_30 via view em ts=1700409830 (canal=web)
- Evento: interação com ent_52 via search em ts=1700125130 (canal=app)
- Evento: interação com ent_14 via view em ts=1700054240 (canal=web)
- Evento: interação com ent_52 via view em ts=1700033360 (canal=web)"
cust_390,pesado,support_ticket_count,topk_estatico,16,,False,malformed,282,"## Contexto do cliente: cust_390 (top-3 por frequência)
- ent_52 (11 interações) [view, search, add_to_cart], último em ts=1703530250
- ent_57 (11 interações) [search, purchase, view], último em ts=1703507810
- ent_26 (8 interações) [search, view, purchase], último em ts=1702959710"
cust_390,pesado,support_ticket_count,hibrido_sob_demanda,16,,False,malformed,538,"## Contexto do cliente: cust_390
Canais com atividade encontrada: 2 (app, web)
Resumo de atividade (92 eventos totais): view: 27, search: 24, add_to_cart: 22, purchase: 10, support_ticket: 9

### Entidades mais relevantes (ranqueadas por PageRank personalizado)
- ent_14 (relevância=0.014): 4 eventos [purchase, support_ticket, search], último em ts=1703514230
- ent_27 (relevância=0.013): 8 eventos [view, search, purchase], último em ts=1703587820
- ent_26 (relevância=0.012): 8 eventos [search, view, purchase], último em ts=1702959710"
cust_390,pesado,support_ticket_count,sessao_memoria,16,,False,malformed,525,"## Contexto do cliente: cust_390 (turno 0)
Resumo de atividade (92 eventos totais): view: 27, search: 24, add_to_cart: 22, purchase: 10, support_ticket: 9

- ent_57 (relevância=0.051): estado mais recente = search em ts=1703507810 (havia também interações anteriores registradas)
- ent_52 (relevância=0.047): estado mais recente = view em ts=1703530250 (havia também interações anteriores registradas)
- ent_27 (relevância=0.043): estado mais recente = search em ts=1703587820 (havia também interações anteriores registradas)"
cust_390,pesado,support_ticket_count,sessao_memoria_sem_clash,16,,False,malformed,998,"## Contexto do cliente: cust_390 (turno 0)
Resumo de atividade (92 eventos totais): view: 27, search: 24, add_to_cart: 22, purchase: 10, support_ticket: 9

- ent_57 (relevância=0.051): search em ts=1703507810; purchase em ts=1703472350; purchase em ts=1703158430; view em ts=1702723730; view em ts=1702547780; purchase em ts=1702397900; view em ts=1702286930; add_to_cart em ts=1701701510; search em ts=1700679620; search em ts=1700526320; search em ts=1700469140
- ent_52 (relevância=0.047): view em ts=1703530250; view em ts=1703495030; search em ts=1702563800; add_to_cart em ts=1701855650; purchase em ts=1701127400; support_ticket em ts=1701054050; view em ts=1700865710; view em ts=1700543270; search em ts=1700532710; search em ts=1700125130; view em ts=1700033360
- ent_27 (relevância=0.043): search em ts=1703587820; search em ts=1703319320; view em ts=1702144790; purchase em ts=1701812210; view em ts=1701723080; view em ts=1701555440; add_to_cart em ts=1701431510; view em ts=1700553710"
cust_7176,pesado,support_ticket_count,sem_retrieval,14,,False,malformed,64,Nenhuma informação adicional sobre este cliente está disponível.
cust_7176,pesado,support_ticket_count,contexto_completo,14,14,True,correct,6484,"Histórico completo de eventos do cliente cust_7176 (89 eventos):
- Evento: interação com ent_20 via view em ts=1703543840 (canal=web)
- Evento: interação com ent_8 via support_ticket em ts=1703473880 (canal=web)
- Evento: interação com ent_7 via view em ts=1703467610 (canal=web)
- Evento: interação com ent_41 via add_to_cart em ts=1703423720 (canal=web)
- Evento: interação com ent_42 via view em ts=1703404220 (canal=web)
- Evento: interação com ent_50 via add_to_cart em ts=1703313350 (canal=web)
- Evento: interação com ent_37 via view em ts=1703273990 (canal=web)
- Evento: interação com ent_38 via search em ts=1703251370 (canal=web)
- Evento: interação com ent_20 via view em ts=1703221400 (canal=web)
- Evento: interação com ent_37 via view em ts=1703186930 (canal=web)
- Evento: interação com ent_7 via view em ts=1703182310 (canal=web)
- Evento: interação com ent_2 via view em ts=1703055890 (canal=web)
- Evento: interação com ent_37 via view em ts=1703007620 (canal=web)
- Evento: interação com ent_38 via view em ts=1702989590 (canal=web)
- Evento: interação com ent_42 via view em ts=1702943360 (canal=web)
- Evento: interação com ent_50 via support_ticket em ts=1702905830 (canal=web)
- Evento: interação com ent_15 via add_to_cart em ts=1702884200 (canal=web)
- Evento: interação com ent_38 via add_to_cart em ts=1702881320 (canal=web)
- Evento: interação com ent_37 via add_to_cart em ts=1702857620 (canal=web)
- Evento: interação com ent_7 via add_to_cart em ts=1702799750 (canal=web)
- Evento: interação com ent_15 via view em ts=1702755920 (canal=web)
- Evento: interação com ent_46 via search em ts=1702656380 (canal=web)
- Evento: interação com ent_12 via add_to_cart em ts=1702639970 (canal=web)
- Evento: interação com ent_15 via view em ts=1702637660 (canal=web)
- Evento: interação com ent_43 via add_to_cart em ts=1702606070 (canal=web)
- Evento: interação com ent_42 via add_to_cart em ts=1702602650 (canal=web)
- Evento: interação com ent_37 via view em ts=1702595840 (canal=web)
- Evento: interação com ent_50 via search em ts=1702593140 (canal=web)
- Evento: interação com ent_41 via add_to_cart em ts=1702557020 (canal=web)
- Evento: interação com ent_20 via add_to_cart em ts=1702521350 (canal=web)
- Evento: interação com ent_42 via view em ts=1702472390 (canal=web)
- Evento: interação com ent_15 via view em ts=1702461320 (canal=web)
- Evento: interação com ent_12 via view em ts=1702451000 (canal=web)
- Evento: interação com ent_50 via add_to_cart em ts=1702284500 (canal=web)
- Evento: interação com ent_38 via purchase em ts=1702255220 (canal=web)
- Evento: interação com ent_37 via view em ts=1702239890 (canal=web)
- Evento: interação com ent_21 via add_to_cart em ts=1702214900 (canal=web)
- Evento: interação com ent_12 via search em ts=1702184000 (canal=web)
- Evento: interação com ent_41 via view em ts=1702127510 (canal=web)
- Evento: interação com ent_2 via view em ts=1702020110 (canal=web)
- Evento: interação com ent_41 via support_ticket em ts=1701997430 (canal=web)
- Evento: interação com ent_8 via add_to_cart em ts=1701992600 (canal=web)
- Evento: interação com ent_8 via view em ts=1701958100 (canal=web)
- Evento: interação com ent_2 via view em ts=1701940490 (canal=web)
- Evento: interação com ent_14 via view em ts=1701926990 (canal=web)
- Evento: interação com ent_7 via search em ts=1701899330 (canal=web)
- Evento: interação com ent_38 via view em ts=1701871280 (canal=web)
- Evento: interação com ent_42 via view em ts=1701861380 (canal=web)
- Evento: interação com ent_38 via search em ts=1701793160 (canal=web)
- Evento: interação com ent_7 via view em ts=1701740840 (canal=web)
- Evento: interação com ent_38 via view em ts=1701702890 (canal=web)
- Evento: interação com ent_8 via add_to_cart em ts=1701702590 (canal=web)
- Evento: interação com ent_37 via support_ticket em ts=1701674570 (canal=web)
- Evento: interação com ent_12 via view em ts=1701672020 (canal=web)
- Evento: interação com ent_38 via support_ticket em ts=1701631520 (canal=web)
- Evento: interação com ent_32 via support_ticket em ts=1701623960 (canal=web)
- Evento: interação com ent_38 via search em ts=1701568220 (canal=web)
- Evento: interação com ent_14 via add_to_cart em ts=1701567020 (canal=web)
- Evento: interação com ent_8 via view em ts=1701553760 (canal=web)
- Evento: interação com ent_56 via purchase em ts=1701525470 (canal=web)
- Evento: interação com ent_7 via view em ts=1701495230 (canal=web)
- Evento: interação com ent_15 via view em ts=1701477260 (canal=web)
- Evento: interação com ent_48 via view em ts=1701450560 (canal=web)
- Evento: interação com ent_38 via add_to_cart em ts=1701424220 (canal=web)
- Evento: interação com ent_38 via search em ts=1701405590 (canal=web)
- Evento: interação com ent_5 via view em ts=1701292130 (canal=web)
- Evento: interação com ent_54 via view em ts=1701291380 (canal=web)
- Evento: interação com ent_15 via add_to_cart em ts=1701100460 (canal=web)
- Evento: interação com ent_58 via add_to_cart em ts=1701099860 (canal=web)
- Evento: interação com ent_20 via search em ts=1701072440 (canal=web)
- Evento: interação com ent_14 via view em ts=1701031640 (canal=web)
- Evento: interação com ent_46 via support_ticket em ts=1700999660 (canal=web)
- Evento: interação com ent_38 via view em ts=1700913800 (canal=web)
- Evento: interação com ent_57 via view em ts=1700903600 (canal=web)
- Evento: interação com ent_15 via view em ts=1700736410 (canal=web)
- Evento: interação com ent_41 via add_to_cart em ts=1700682020 (canal=web)
- Evento: interação com ent_8 via search em ts=1700529470 (canal=web)
- Evento: interação com ent_7 via support_ticket em ts=1700491790 (canal=web)
- Evento: interação com ent_7 via add_to_cart em ts=1700485460 (canal=web)
- Evento: interação com ent_20 via view em ts=1700483390 (canal=web)
- Evento: interação com ent_46 via add_to_cart em ts=1700447540 (canal=web)
- Evento: interação com ent_41 via add_to_cart em ts=1700370620 (canal=web)
- Evento: interação com ent_30 via add_to_cart em ts=1700350730 (canal=web)
- Evento: interação com ent_20 via view em ts=1700253020 (canal=web)
- Evento: interação com ent_38 via view em ts=1700208860 (canal=web)
- Evento: interação com ent_50 via support_ticket em ts=1700143580 (canal=web)
- Evento: interação com ent_15 via add_to_cart em ts=1700133740 (canal=web)
- Evento: interação com ent_46 via purchase em ts=1700045420 (canal=web)
- Evento: interação com ent_33 via view em ts=1700029220 (canal=web)"
cust_7176,pesado,support_ticket_count,topk_estatico,14,,False,malformed,279,"## Contexto do cliente: cust_7176 (top-3 por frequência)
- ent_38 (13 interações) [view, search, add_to_cart], último em ts=1703251370
- ent_15 (8 interações) [view, add_to_cart], último em ts=1702884200
- ent_7 (8 interações) [view, add_to_cart, search], último em ts=1703467610"
cust_7176,pesado,support_ticket_count,hibrido_sob_demanda,14,14,True,correct,533,"## Contexto do cliente: cust_7176
Canais com atividade encontrada: 1 (web)
Resumo de atividade (89 eventos totais): view: 42, add_to_cart: 25, search: 10, support_ticket: 9, purchase: 3

### Entidades mais relevantes (ranqueadas por PageRank personalizado)
- ent_37 (relevância=0.015): 7 eventos [view, add_to_cart, support_ticket], último em ts=1703273990
- ent_38 (relevância=0.013): 13 eventos [view, search, add_to_cart], último em ts=1703251370
- ent_14 (relevância=0.012): 3 eventos [view, add_to_cart], último em ts=1701926990"
cust_7176,pesado,support_ticket_count,sessao_memoria,14,,False,malformed,530,"## Contexto do cliente: cust_7176 (turno 0)
Resumo de atividade (89 eventos totais): view: 42, add_to_cart: 25, search: 10, support_ticket: 9, purchase: 3

- ent_38 (relevância=0.056): estado mais recente = search em ts=1703251370 (havia também interações anteriores registradas)
- ent_37 (relevância=0.050): estado mais recente = view em ts=1703273990 (havia também interações anteriores registradas)
- ent_15 (relevância=0.039): estado mais recente = add_to_cart em ts=1702884200 (havia também interações anteriores registradas)"
cust_7176,pesado,support_ticket_count,sessao_memoria_sem_clash,14,14,True,correct,957,"## Contexto do cliente: cust_7176 (turno 0)
Resumo de atividade (89 eventos totais): view: 42, add_to_cart: 25, search: 10, support_ticket: 9, purchase: 3

- ent_38 (relevância=0.056): search em ts=1703251370; view em ts=1702989590; add_to_cart em ts=1702881320; purchase em ts=1702255220; view em ts=1701871280; search em ts=1701793160; view em ts=1701702890; support_ticket em ts=1701631520; search em ts=1701568220; add_to_cart em ts=1701424220; search em ts=1701405590; view em ts=1700913800; view em ts=1700208860
- ent_37 (relevância=0.050): view em ts=1703273990; view em ts=1703186930; view em ts=1703007620; add_to_cart em ts=1702857620; view em ts=1702595840; view em ts=1702239890; support_ticket em ts=1701674570
- ent_15 (relevância=0.039): add_to_cart em ts=1702884200; view em ts=1702755920; view em ts=1702637660; view em ts=1702461320; view em ts=1701477260; add_to_cart em ts=1701100460; view em ts=1700736410; add_to_cart em ts=1700133740"
cust_1638,pesado,support_ticket_count,sem_retrieval,15,,False,malformed,64,Nenhuma informação adicional sobre este cliente está disponível.
cust_1638,pesado,support_ticket_count,contexto_completo,15,15,True,correct,8105,"Histórico completo de eventos do cliente cust_1638 (112 eventos):
- Evento: interação com ent_37 via view em ts=1703599940 (canal=app)
- Evento: interação com ent_15 via purchase em ts=1703535170 (canal=app)
- Evento: interação com ent_50 via view em ts=1703529980 (canal=web)
- Evento: interação com ent_8 via add_to_cart em ts=1703524940 (canal=app)
- Evento: interação com ent_8 via view em ts=1703499530 (canal=app)
- Evento: interação com ent_50 via view em ts=1703472470 (canal=app)
- Evento: interação com ent_46 via view em ts=1703467850 (canal=web)
- Evento: interação com ent_2 via support_ticket em ts=1703464790 (canal=web)
- Evento: interação com ent_15 via view em ts=1703448440 (canal=web)
- Evento: interação com ent_50 via add_to_cart em ts=1703444780 (canal=web)
- Evento: interação com ent_7 via add_to_cart em ts=1703406710 (canal=web)
- Evento: interação com ent_15 via purchase em ts=1703349680 (canal=web)
- Evento: interação com ent_46 via support_ticket em ts=1703322350 (canal=web)
- Evento: interação com ent_7 via search em ts=1703235530 (canal=web)
- Evento: interação com ent_38 via search em ts=1703230280 (canal=web)
- Evento: interação com ent_15 via view em ts=1703154320 (canal=app)
- Evento: interação com ent_18 via support_ticket em ts=1703116310 (canal=web)
- Evento: interação com ent_7 via view em ts=1703098910 (canal=web)
- Evento: interação com ent_14 via add_to_cart em ts=1703092310 (canal=web)
- Evento: interação com ent_50 via view em ts=1703058320 (canal=web)
- Evento: interação com ent_12 via view em ts=1702943630 (canal=app)
- Evento: interação com ent_15 via add_to_cart em ts=1702907840 (canal=app)
- Evento: interação com ent_2 via view em ts=1702853030 (canal=web)
- Evento: interação com ent_32 via view em ts=1702834670 (canal=app)
- Evento: interação com ent_50 via support_ticket em ts=1702822430 (canal=web)
- Evento: interação com ent_8 via add_to_cart em ts=1702807490 (canal=app)
- Evento: interação com ent_8 via search em ts=1702782980 (canal=web)
- Evento: interação com ent_2 via search em ts=1702768430 (canal=web)
- Evento: interação com ent_37 via search em ts=1702758530 (canal=app)
- Evento: interação com ent_37 via support_ticket em ts=1702741520 (canal=web)
- Evento: interação com ent_12 via add_to_cart em ts=1702703330 (canal=web)
- Evento: interação com ent_7 via view em ts=1702689620 (canal=app)
- Evento: interação com ent_46 via purchase em ts=1702670300 (canal=web)
- Evento: interação com ent_15 via view em ts=1702631450 (canal=web)
- Evento: interação com ent_4 via search em ts=1702620380 (canal=app)
- Evento: interação com ent_42 via view em ts=1702581230 (canal=app)
- Evento: interação com ent_7 via search em ts=1702539740 (canal=app)
- Evento: interação com ent_12 via view em ts=1702479920 (canal=app)
- Evento: interação com ent_8 via add_to_cart em ts=1702416350 (canal=app)
- Evento: interação com ent_8 via view em ts=1702400630 (canal=app)
- Evento: interação com ent_2 via add_to_cart em ts=1702382510 (canal=web)
- Evento: interação com ent_38 via view em ts=1702361510 (canal=app)
- Evento: interação com ent_38 via add_to_cart em ts=1702360130 (canal=app)
- Evento: interação com ent_14 via view em ts=1702348370 (canal=app)
- Evento: interação com ent_37 via search em ts=1702314950 (canal=app)
- Evento: interação com ent_2 via add_to_cart em ts=1702256840 (canal=web)
- Evento: interação com ent_2 via add_to_cart em ts=1702227020 (canal=web)
- Evento: interação com ent_46 via view em ts=1702145300 (canal=app)
- Evento: interação com ent_14 via add_to_cart em ts=1702133810 (canal=web)
- Evento: interação com ent_7 via add_to_cart em ts=1702087550 (canal=web)
- Evento: interação com ent_8 via view em ts=1702083740 (canal=web)
- Evento: interação com ent_46 via search em ts=1702059980 (canal=app)
- Evento: interação com ent_50 via view em ts=1702019510 (canal=app)
- Evento: interação com ent_20 via support_ticket em ts=1702015610 (canal=web)
- Evento: interação com ent_41 via view em ts=1701978680 (canal=web)
- Evento: interação com ent_50 via view em ts=1701964010 (canal=web)
- Evento: interação com ent_50 via view em ts=1701945110 (canal=web)
- Evento: interação com ent_9 via view em ts=1701932240 (canal=app)
- Evento: interação com ent_2 via view em ts=1701917030 (canal=app)
- Evento: interação com ent_2 via search em ts=1701854480 (canal=app)
- Evento: interação com ent_33 via view em ts=1701841550 (canal=web)
- Evento: interação com ent_50 via view em ts=1701837770 (canal=app)
- Evento: interação com ent_32 via search em ts=1701831290 (canal=web)
- Evento: interação com ent_38 via view em ts=1701823250 (canal=app)
- Evento: interação com ent_7 via view em ts=1701667400 (canal=web)
- Evento: interação com ent_32 via search em ts=1701636080 (canal=web)
- Evento: interação com ent_2 via view em ts=1701611840 (canal=app)
- Evento: interação com ent_8 via view em ts=1701543950 (canal=app)
- Evento: interação com ent_41 via search em ts=1701540500 (canal=app)
- Evento: interação com ent_32 via view em ts=1701520160 (canal=web)
- Evento: interação com ent_55 via search em ts=1701476930 (canal=app)
- Evento: interação com ent_14 via view em ts=1701438530 (canal=app)
- Evento: interação com ent_42 via view em ts=1701396800 (canal=app)
- Evento: interação com ent_8 via view em ts=1701389840 (canal=app)
- Evento: interação com ent_7 via support_ticket em ts=1701378440 (canal=web)
- Evento: interação com ent_41 via search em ts=1701339440 (canal=app)
- Evento: interação com ent_2 via add_to_cart em ts=1701335420 (canal=app)
- Evento: interação com ent_49 via add_to_cart em ts=1701329000 (canal=web)
- Evento: interação com ent_7 via view em ts=1701270680 (canal=app)
- Evento: interação com ent_38 via support_ticket em ts=1701202220 (canal=app)
- Evento: interação com ent_7 via search em ts=1701186650 (canal=web)
- Evento: interação com ent_21 via view em ts=1701097130 (canal=web)
- Evento: interação com ent_38 via add_to_cart em ts=1701054860 (canal=app)
- Evento: interação com ent_40 via support_ticket em ts=1701041960 (canal=web)
- Evento: interação com ent_14 via view em ts=1701020390 (canal=app)
- Evento: interação com ent_14 via support_ticket em ts=1701016520 (canal=app)
- Evento: interação com ent_42 via view em ts=1700982920 (canal=app)
- Evento: interação com ent_7 via view em ts=1700959160 (canal=web)
- Evento: interação com ent_20 via add_to_cart em ts=1700800700 (canal=app)
- Evento: interação com ent_42 via add_to_cart em ts=1700793860 (canal=app)
- Evento: interação com ent_48 via add_to_cart em ts=1700784170 (canal=web)
- Evento: interação com ent_50 via add_to_cart em ts=1700720780 (canal=app)
- Evento: interação com ent_41 via purchase em ts=1700687420 (canal=web)
- Evento: interação com ent_20 via search em ts=1700662880 (canal=web)
- Evento: interação com ent_32 via view em ts=1700603870 (canal=web)
- Evento: interação com ent_15 via view em ts=1700582840 (canal=web)
- Evento: interação com ent_12 via view em ts=1700571650 (canal=app)
- Evento: interação com ent_42 via view em ts=1700538950 (canal=web)
- Evento: interação com ent_15 via view em ts=1700527730 (canal=web)
- Evento: interação com ent_20 via view em ts=1700507810 (canal=web)
- Evento: interação com ent_2 via search em ts=1700442980 (canal=app)
- Evento: interação com ent_51 via view em ts=1700394080 (canal=app)
- Evento: interação com ent_41 via support_ticket em ts=1700375240 (canal=web)
- Evento: interação com ent_41 via search em ts=1700366960 (canal=web)
- Evento: interação com ent_15 via view em ts=1700356070 (canal=app)
- Evento: interação com ent_38 via purchase em ts=1700227880 (canal=app)
- Evento: interação com ent_14 via add_to_cart em ts=1700198480 (canal=web)
- Evento: interação com ent_20 via add_to_cart em ts=1700197130 (canal=web)
- Evento: interação com ent_2 via add_to_cart em ts=1700157980 (canal=app)
- Evento: interação com ent_8 via search em ts=1700053790 (canal=app)
- Evento: interação com ent_14 via search em ts=1700044250 (canal=app)
- Evento: interação com ent_41 via add_to_cart em ts=1700022680 (canal=web)"
cust_1638,pesado,support_ticket_count,topk_estatico,15,,False,malformed,287,"## Contexto do cliente: cust_1638 (top-3 por frequência)
- ent_2 (12 interações) [add_to_cart, view, search], último em ts=1703464790
- ent_7 (11 interações) [view, search, add_to_cart], último em ts=1703406710
- ent_8 (10 interações) [view, add_to_cart, search], último em ts=1703524940"
cust_1638,pesado,support_ticket_count,hibrido_sob_demanda,15,,False,malformed,561,"## Contexto do cliente: cust_1638
Canais com atividade encontrada: 2 (app, web)
Resumo de atividade (112 eventos totais): view: 50, add_to_cart: 25, search: 21, support_ticket: 11, purchase: 5

### Entidades mais relevantes (ranqueadas por PageRank personalizado)
- ent_50 (relevância=0.014): 10 eventos [view, add_to_cart, support_ticket], último em ts=1703529980
- ent_14 (relevância=0.013): 8 eventos [add_to_cart, view, support_ticket], último em ts=1703092310
- ent_46 (relevância=0.013): 5 eventos [view, support_ticket, purchase], último em ts=1703467850"
cust_1638,pesado,support_ticket_count,sessao_memoria,15,,False,malformed,538,"## Contexto do cliente: cust_1638 (turno 0)
Resumo de atividade (112 eventos totais): view: 50, add_to_cart: 25, search: 21, support_ticket: 11, purchase: 5

- ent_50 (relevância=0.047): estado mais recente = view em ts=1703529980 (havia também interações anteriores registradas)
- ent_8 (relevância=0.044): estado mais recente = add_to_cart em ts=1703524940 (havia também interações anteriores registradas)
- ent_2 (relevância=0.044): estado mais recente = support_ticket em ts=1703464790 (havia também interações anteriores registradas)"
cust_1638,pesado,support_ticket_count,sessao_memoria_sem_clash,15,15,True,correct,1075,"## Contexto do cliente: cust_1638 (turno 0)
Resumo de atividade (112 eventos totais): view: 50, add_to_cart: 25, search: 21, support_ticket: 11, purchase: 5

- ent_50 (relevância=0.047): view em ts=1703529980; view em ts=1703472470; add_to_cart em ts=1703444780; view em ts=1703058320; support_ticket em ts=1702822430; view em ts=1702019510; view em ts=1701964010; view em ts=1701945110; view em ts=1701837770; add_to_cart em ts=1700720780
- ent_8 (relevância=0.044): add_to_cart em ts=1703524940; view em ts=1703499530; add_to_cart em ts=1702807490; search em ts=1702782980; add_to_cart em ts=1702416350; view em ts=1702400630; view em ts=1702083740; view em ts=1701543950; view em ts=1701389840; search em ts=1700053790
- ent_2 (relevância=0.044): support_ticket em ts=1703464790; view em ts=1702853030; search em ts=1702768430; add_to_cart em ts=1702382510; add_to_cart em ts=1702256840; add_to_cart em ts=1702227020; view em ts=1701917030; search em ts=1701854480; view em ts=1701611840; add_to_cart em ts=1701335420; search em ts=1700442980; add_to_cart em ts=1700157980"
cust_5883,pesado,support_ticket_count,sem_retrieval,30,,False,malformed,64,Nenhuma informação adicional sobre este cliente está disponível.
cust_5883,pesado,support_ticket_count,contexto_completo,30,30,True,correct,8715,"Histórico completo de eventos do cliente cust_5883 (120 eventos):
- Evento: interação com ent_41 via view em ts=1703547980 (canal=web)
- Evento: interação com ent_8 via view em ts=1703481830 (canal=web)
- Evento: interação com ent_41 via search em ts=1703470370 (canal=web)
- Evento: interação com ent_59 via search em ts=1703461910 (canal=web)
- Evento: interação com ent_9 via view em ts=1703436890 (canal=web)
- Evento: interação com ent_9 via support_ticket em ts=1703436470 (canal=web)
- Evento: interação com ent_29 via view em ts=1703420000 (canal=web)
- Evento: interação com ent_37 via view em ts=1703415890 (canal=web)
- Evento: interação com ent_50 via search em ts=1703409680 (canal=web)
- Evento: interação com ent_29 via search em ts=1703406020 (canal=web)
- Evento: interação com ent_8 via add_to_cart em ts=1703332130 (canal=web)
- Evento: interação com ent_41 via view em ts=1703328980 (canal=web)
- Evento: interação com ent_14 via view em ts=1703307620 (canal=web)
- Evento: interação com ent_9 via search em ts=1703281670 (canal=web)
- Evento: interação com ent_58 via search em ts=1703276120 (canal=web)
- Evento: interação com ent_41 via support_ticket em ts=1703272940 (canal=web)
- Evento: interação com ent_6 via view em ts=1703257190 (canal=web)
- Evento: interação com ent_37 via view em ts=1703224520 (canal=web)
- Evento: interação com ent_33 via search em ts=1703203100 (canal=web)
- Evento: interação com ent_14 via add_to_cart em ts=1703201690 (canal=web)
- Evento: interação com ent_41 via support_ticket em ts=1703199560 (canal=web)
- Evento: interação com ent_4 via view em ts=1703150420 (canal=web)
- Evento: interação com ent_3 via view em ts=1703115320 (canal=web)
- Evento: interação com ent_22 via support_ticket em ts=1703112350 (canal=web)
- Evento: interação com ent_6 via view em ts=1703034260 (canal=web)
- Evento: interação com ent_22 via view em ts=1703013200 (canal=web)
- Evento: interação com ent_29 via search em ts=1702993430 (canal=web)
- Evento: interação com ent_6 via support_ticket em ts=1702922330 (canal=web)
- Evento: interação com ent_14 via support_ticket em ts=1702900910 (canal=web)
- Evento: interação com ent_41 via view em ts=1702894760 (canal=web)
- Evento: interação com ent_21 via view em ts=1702778750 (canal=web)
- Evento: interação com ent_58 via view em ts=1702778480 (canal=web)
- Evento: interação com ent_50 via view em ts=1702771790 (canal=web)
- Evento: interação com ent_58 via support_ticket em ts=1702763540 (canal=web)
- Evento: interação com ent_29 via purchase em ts=1702687070 (canal=web)
- Evento: interação com ent_9 via add_to_cart em ts=1702684910 (canal=web)
- Evento: interação com ent_50 via view em ts=1702673510 (canal=web)
- Evento: interação com ent_41 via purchase em ts=1702669700 (canal=web)
- Evento: interação com ent_19 via purchase em ts=1702652240 (canal=web)
- Evento: interação com ent_6 via view em ts=1702650260 (canal=web)
- Evento: interação com ent_41 via search em ts=1702598270 (canal=web)
- Evento: interação com ent_47 via view em ts=1702578920 (canal=web)
- Evento: interação com ent_8 via purchase em ts=1702565120 (canal=web)
- Evento: interação com ent_6 via support_ticket em ts=1702529540 (canal=web)
- Evento: interação com ent_59 via view em ts=1702514390 (canal=web)
- Evento: interação com ent_37 via add_to_cart em ts=1702464620 (canal=web)
- Evento: interação com ent_22 via add_to_cart em ts=1702445240 (canal=web)
- Evento: interação com ent_37 via search em ts=1702401530 (canal=web)
- Evento: interação com ent_47 via purchase em ts=1702375820 (canal=web)
- Evento: interação com ent_8 via support_ticket em ts=1702359470 (canal=web)
- Evento: interação com ent_14 via search em ts=1702332440 (canal=web)
- Evento: interação com ent_14 via search em ts=1702304270 (canal=web)
- Evento: interação com ent_37 via view em ts=1702269350 (canal=web)
- Evento: interação com ent_29 via support_ticket em ts=1702262480 (canal=web)
- Evento: interação com ent_38 via add_to_cart em ts=1702191110 (canal=web)
- Evento: interação com ent_33 via search em ts=1702147580 (canal=web)
- Evento: interação com ent_9 via search em ts=1702139240 (canal=web)
- Evento: interação com ent_9 via add_to_cart em ts=1702128350 (canal=web)
- Evento: interação com ent_41 via view em ts=1702078640 (canal=web)
- Evento: interação com ent_11 via purchase em ts=1702059770 (canal=web)
- Evento: interação com ent_44 via add_to_cart em ts=1702042130 (canal=web)
- Evento: interação com ent_14 via add_to_cart em ts=1702023050 (canal=web)
- Evento: interação com ent_21 via view em ts=1702022660 (canal=web)
- Evento: interação com ent_9 via view em ts=1701987290 (canal=web)
- Evento: interação com ent_29 via search em ts=1701876680 (canal=web)
- Evento: interação com ent_59 via view em ts=1701818570 (canal=web)
- Evento: interação com ent_58 via view em ts=1701781490 (canal=web)
- Evento: interação com ent_50 via purchase em ts=1701752090 (canal=web)
- Evento: interação com ent_54 via add_to_cart em ts=1701723620 (canal=web)
- Evento: interação com ent_37 via purchase em ts=1701643400 (canal=web)
- Evento: interação com ent_22 via add_to_cart em ts=1701642950 (canal=web)
- Evento: interação com ent_22 via search em ts=1701636350 (canal=web)
- Evento: interação com ent_29 via add_to_cart em ts=1701625400 (canal=web)
- Evento: interação com ent_30 via support_ticket em ts=1701609200 (canal=web)
- Evento: interação com ent_37 via view em ts=1701553310 (canal=web)
- Evento: interação com ent_10 via view em ts=1701552140 (canal=web)
- Evento: interação com ent_22 via view em ts=1701527600 (canal=web)
- Evento: interação com ent_8 via view em ts=1701462770 (canal=web)
- Evento: interação com ent_2 via add_to_cart em ts=1701446150 (canal=web)
- Evento: interação com ent_10 via search em ts=1701439400 (canal=web)
- Evento: interação com ent_50 via purchase em ts=1701377930 (canal=web)
- Evento: interação com ent_58 via add_to_cart em ts=1701347690 (canal=web)
- Evento: interação com ent_8 via view em ts=1701345140 (canal=web)
- Evento: interação com ent_41 via view em ts=1701335210 (canal=web)
- Evento: interação com ent_50 via search em ts=1701331880 (canal=web)
- Evento: interação com ent_58 via search em ts=1701315620 (canal=web)
- Evento: interação com ent_37 via view em ts=1701305390 (canal=web)
- Evento: interação com ent_33 via search em ts=1701258470 (canal=web)
- Evento: interação com ent_21 via view em ts=1701252830 (canal=web)
- Evento: interação com ent_41 via purchase em ts=1701225800 (canal=web)
- Evento: interação com ent_22 via add_to_cart em ts=1701218630 (canal=web)
- Evento: interação com ent_58 via search em ts=1701216530 (canal=web)
- Evento: interação com ent_19 via search em ts=1701213500 (canal=web)
- Evento: interação com ent_6 via search em ts=1701208790 (canal=web)
- Evento: interação com ent_29 via purchase em ts=1701201620 (canal=web)
- Evento: interação com ent_50 via view em ts=1701097910 (canal=web)
- Evento: interação com ent_21 via add_to_cart em ts=1701085700 (canal=web)
- Evento: interação com ent_33 via search em ts=1701060860 (canal=web)
- Evento: interação com ent_14 via view em ts=1701032510 (canal=web)
- Evento: interação com ent_21 via support_ticket em ts=1700993390 (canal=web)
- Evento: interação com ent_8 via add_to_cart em ts=1700981540 (canal=web)
- Evento: interação com ent_50 via add_to_cart em ts=1700960690 (canal=web)
- Evento: interação com ent_14 via add_to_cart em ts=1700931590 (canal=web)
- Evento: interação com ent_14 via view em ts=1700894030 (canal=web)
- Evento: interação com ent_40 via add_to_cart em ts=1700882360 (canal=web)
- Evento: interação com ent_9 via search em ts=1700846570 (canal=web)
- Evento: interação com ent_21 via add_to_cart em ts=1700828480 (canal=web)
- Evento: interação com ent_33 via purchase em ts=1700825750 (canal=web)
- Evento: interação com ent_58 via support_ticket em ts=1700776910 (canal=web)
- Evento: interação com ent_10 via add_to_cart em ts=1700752040 (canal=web)
- Evento: interação com ent_50 via purchase em ts=1700690420 (canal=web)
- Evento: interação com ent_8 via view em ts=1700688230 (canal=web)
- Evento: interação com ent_9 via search em ts=1700682830 (canal=web)
- Evento: interação com ent_21 via view em ts=1700639240 (canal=web)
- Evento: interação com ent_50 via add_to_cart em ts=1700627360 (canal=web)
- Evento: interação com ent_14 via search em ts=1700619290 (canal=web)
- Evento: interação com ent_33 via view em ts=1700578550 (canal=web)
- Evento: interação com ent_10 via view em ts=1700559560 (canal=web)
- Evento: interação com ent_29 via view em ts=1700550230 (canal=web)
- Evento: interação com ent_9 via view em ts=1700487230 (canal=web)"
cust_5883,pesado,support_ticket_count,topk_estatico,30,30,True,correct,293,"## Contexto do cliente: cust_5883 (top-3 por frequência)
- ent_41 (14 interações) [view, support_ticket, search], último em ts=1703547980
- ent_9 (12 interações) [search, view, add_to_cart], último em ts=1703436890
- ent_8 (11 interações) [view, add_to_cart, purchase], último em ts=1703481830"
cust_5883,pesado,support_ticket_count,hibrido_sob_demanda,30,30,True,correct,540,"## Contexto do cliente: cust_5883
Canais com atividade encontrada: 1 (web)
Resumo de atividade (146 eventos totais): view: 55, search: 33, add_to_cart: 28, support_ticket: 16, purchase: 14

### Entidades mais relevantes (ranqueadas por PageRank personalizado)
- ent_14 (relevância=0.015): 10 eventos [view, add_to_cart, search], último em ts=1703307620
- ent_41 (relevância=0.013): 14 eventos [view, support_ticket, search], último em ts=1703547980
- ent_37 (relevância=0.012): 8 eventos [view, add_to_cart, search], último em ts=1703415890"
cust_5883,pesado,support_ticket_count,sessao_memoria,30,30,True,correct,523,"## Contexto do cliente: cust_5883 (turno 0)
Resumo de atividade (146 eventos totais): view: 55, search: 33, add_to_cart: 28, support_ticket: 16, purchase: 14

- ent_41 (relevância=0.054): estado mais recente = view em ts=1703547980 (havia também interações anteriores registradas)
- ent_14 (relevância=0.049): estado mais recente = view em ts=1703307620 (havia também interações anteriores registradas)
- ent_9 (relevância=0.041): estado mais recente = view em ts=1703436890 (havia também interações anteriores registradas)"
cust_5883,pesado,support_ticket_count,sessao_memoria_sem_clash,30,30,True,correct,1182,"## Contexto do cliente: cust_5883 (turno 0)
Resumo de atividade (146 eventos totais): view: 55, search: 33, add_to_cart: 28, support_ticket: 16, purchase: 14

- ent_41 (relevância=0.054): view em ts=1703547980; search em ts=1703470370; view em ts=1703328980; support_ticket em ts=1703272940; support_ticket em ts=1703199560; view em ts=1702894760; purchase em ts=1702669700; search em ts=1702598270; view em ts=1702078640; view em ts=1701335210; purchase em ts=1701225800; support_ticket em ts=1700485910; view em ts=1700225120; view em ts=1700184860
- ent_14 (relevância=0.049): view em ts=1703307620; add_to_cart em ts=1703201690; support_ticket em ts=1702900910; search em ts=1702332440; search em ts=1702304270; add_to_cart em ts=1702023050; view em ts=1701032510; add_to_cart em ts=1700931590; view em ts=1700894030; search em ts=1700619290
- ent_9 (relevância=0.041): view em ts=1703436890; support_ticket em ts=1703436470; search em ts=1703281670; add_to_cart em ts=1702684910; search em ts=1702139240; add_to_cart em ts=1702128350; view em ts=1701987290; search em ts=1700846570; search em ts=1700682830; view em ts=1700487230; view em ts=1700413160; search em ts=1700377970"
cust_1324,pesado,support_ticket_count,sem_retrieval,6,,False,malformed,64,Nenhuma informação adicional sobre este cliente está disponível.
cust_1324,pesado,support_ticket_count,contexto_completo,6,6,True,correct,7308,"Histórico completo de eventos do cliente cust_1324 (101 eventos):
- Evento: interação com ent_22 via search em ts=1703594090 (canal=app)
- Evento: interação com ent_33 via search em ts=1703588750 (canal=web)
- Evento: interação com ent_50 via search em ts=1703533850 (canal=app)
- Evento: interação com ent_27 via search em ts=1703509190 (canal=app)
- Evento: interação com ent_57 via view em ts=1703440070 (canal=web)
- Evento: interação com ent_52 via view em ts=1703417180 (canal=app)
- Evento: interação com ent_57 via view em ts=1703412620 (canal=app)
- Evento: interação com ent_27 via search em ts=1703316530 (canal=web)
- Evento: interação com ent_30 via search em ts=1703294240 (canal=app)
- Evento: interação com ent_30 via add_to_cart em ts=1703276570 (canal=app)
- Evento: interação com ent_57 via view em ts=1703272970 (canal=web)
- Evento: interação com ent_33 via add_to_cart em ts=1703233130 (canal=app)
- Evento: interação com ent_37 via search em ts=1703232230 (canal=app)
- Evento: interação com ent_1 via view em ts=1703218490 (canal=app)
- Evento: interação com ent_52 via purchase em ts=1703212580 (canal=app)
- Evento: interação com ent_27 via view em ts=1703195270 (canal=app)
- Evento: interação com ent_42 via view em ts=1703194520 (canal=web)
- Evento: interação com ent_31 via add_to_cart em ts=1703188730 (canal=web)
- Evento: interação com ent_14 via add_to_cart em ts=1703177840 (canal=app)
- Evento: interação com ent_51 via purchase em ts=1703149790 (canal=app)
- Evento: interação com ent_19 via view em ts=1703110040 (canal=web)
- Evento: interação com ent_1 via add_to_cart em ts=1703094020 (canal=app)
- Evento: interação com ent_51 via add_to_cart em ts=1703025830 (canal=app)
- Evento: interação com ent_27 via search em ts=1702963190 (canal=app)
- Evento: interação com ent_52 via view em ts=1702950890 (canal=web)
- Evento: interação com ent_52 via view em ts=1702892540 (canal=web)
- Evento: interação com ent_1 via search em ts=1702847840 (canal=app)
- Evento: interação com ent_27 via search em ts=1702765580 (canal=app)
- Evento: interação com ent_47 via add_to_cart em ts=1702737320 (canal=app)
- Evento: interação com ent_51 via search em ts=1702708160 (canal=app)
- Evento: interação com ent_19 via add_to_cart em ts=1702691270 (canal=app)
- Evento: interação com ent_33 via view em ts=1702628270 (canal=web)
- Evento: interação com ent_22 via view em ts=1702586210 (canal=app)
- Evento: interação com ent_26 via add_to_cart em ts=1702562360 (canal=app)
- Evento: interação com ent_31 via add_to_cart em ts=1702510910 (canal=app)
- Evento: interação com ent_47 via search em ts=1702462130 (canal=app)
- Evento: interação com ent_31 via search em ts=1702440620 (canal=app)
- Evento: interação com ent_51 via search em ts=1702436180 (canal=app)
- Evento: interação com ent_57 via add_to_cart em ts=1702431080 (canal=web)
- Evento: interação com ent_52 via view em ts=1702408130 (canal=app)
- Evento: interação com ent_47 via view em ts=1702379660 (canal=web)
- Evento: interação com ent_26 via view em ts=1702361720 (canal=app)
- Evento: interação com ent_47 via purchase em ts=1702327160 (canal=app)
- Evento: interação com ent_31 via add_to_cart em ts=1702323080 (canal=web)
- Evento: interação com ent_37 via support_ticket em ts=1702305770 (canal=app)
- Evento: interação com ent_57 via add_to_cart em ts=1702247930 (canal=app)
- Evento: interação com ent_1 via view em ts=1702228430 (canal=web)
- Evento: interação com ent_1 via support_ticket em ts=1702182200 (canal=web)
- Evento: interação com ent_51 via view em ts=1702163030 (canal=app)
- Evento: interação com ent_31 via add_to_cart em ts=1702107650 (canal=app)
- Evento: interação com ent_51 via search em ts=1702072910 (canal=app)
- Evento: interação com ent_1 via purchase em ts=1702030130 (canal=app)
- Evento: interação com ent_51 via search em ts=1701977240 (canal=web)
- Evento: interação com ent_37 via search em ts=1701952520 (canal=web)
- Evento: interação com ent_1 via view em ts=1701905300 (canal=app)
- Evento: interação com ent_27 via view em ts=1701886940 (canal=app)
- Evento: interação com ent_14 via add_to_cart em ts=1701877640 (canal=web)
- Evento: interação com ent_31 via search em ts=1701790790 (canal=app)
- Evento: interação com ent_1 via view em ts=1701789680 (canal=app)
- Evento: interação com ent_45 via view em ts=1701784640 (canal=app)
- Evento: interação com ent_52 via support_ticket em ts=1701710930 (canal=app)
- Evento: interação com ent_53 via search em ts=1701685340 (canal=app)
- Evento: interação com ent_46 via view em ts=1701683060 (canal=app)
- Evento: interação com ent_30 via view em ts=1701677360 (canal=app)
- Evento: interação com ent_27 via search em ts=1701670340 (canal=app)
- Evento: interação com ent_26 via support_ticket em ts=1701543650 (canal=web)
- Evento: interação com ent_47 via view em ts=1701482030 (canal=app)
- Evento: interação com ent_19 via view em ts=1701416000 (canal=web)
- Evento: interação com ent_52 via search em ts=1701333290 (canal=app)
- Evento: interação com ent_19 via view em ts=1701286430 (canal=app)
- Evento: interação com ent_22 via view em ts=1701280730 (canal=app)
- Evento: interação com ent_26 via view em ts=1701164510 (canal=app)
- Evento: interação com ent_22 via view em ts=1701154730 (canal=app)
- Evento: interação com ent_30 via support_ticket em ts=1701080690 (canal=app)
- Evento: interação com ent_37 via view em ts=1701052040 (canal=web)
- Evento: interação com ent_51 via add_to_cart em ts=1700984000 (canal=app)
- Evento: interação com ent_26 via search em ts=1700892650 (canal=app)
- Evento: interação com ent_19 via view em ts=1700880380 (canal=web)
- Evento: interação com ent_33 via view em ts=1700862860 (canal=app)
- Evento: interação com ent_37 via search em ts=1700823260 (canal=app)
- Evento: interação com ent_33 via search em ts=1700796290 (canal=app)
- Evento: interação com ent_57 via view em ts=1700774030 (canal=web)
- Evento: interação com ent_51 via view em ts=1700760380 (canal=app)
- Evento: interação com ent_57 via view em ts=1700752940 (canal=web)
- Evento: interação com ent_31 via add_to_cart em ts=1700740700 (canal=app)
- Evento: interação com ent_52 via view em ts=1700732240 (canal=web)
- Evento: interação com ent_27 via support_ticket em ts=1700707910 (canal=web)
- Evento: interação com ent_1 via search em ts=1700670410 (canal=web)
- Evento: interação com ent_52 via add_to_cart em ts=1700649110 (canal=app)
- Evento: interação com ent_26 via support_ticket em ts=1700636750 (canal=web)
- Evento: interação com ent_22 via add_to_cart em ts=1700596520 (canal=web)
- Evento: interação com ent_22 via purchase em ts=1700558030 (canal=web)
- Evento: interação com ent_48 via view em ts=1700495420 (canal=app)
- Evento: interação com ent_1 via view em ts=1700458340 (canal=app)
- Evento: interação com ent_52 via add_to_cart em ts=1700409200 (canal=web)
- Evento: interação com ent_27 via view em ts=1700260610 (canal=app)
- Evento: interação com ent_13 via purchase em ts=1700259440 (canal=app)
- Evento: interação com ent_47 via view em ts=1700116010 (canal=app)
- Evento: interação com ent_51 via view em ts=1700105540 (canal=app)
- Evento: interação com ent_33 via view em ts=1700059400 (canal=app)
- Evento: interação com ent_30 via view em ts=1700036300 (canal=web)"
cust_1324,pesado,support_ticket_count,topk_estatico,6,,False,malformed,291,"## Contexto do cliente: cust_1324 (top-3 por frequência)
- ent_51 (10 interações) [search, view, add_to_cart], último em ts=1703149790
- ent_52 (10 interações) [view, add_to_cart, purchase], último em ts=1703417180
- ent_1 (10 interações) [view, search, add_to_cart], último em ts=1703218490"
cust_1324,pesado,support_ticket_count,hibrido_sob_demanda,6,6,True,correct,519,"## Contexto do cliente: cust_1324
Canais com atividade encontrada: 2 (app, web)
Resumo de atividade (101 eventos totais): view: 43, search: 25, add_to_cart: 20, support_ticket: 7, purchase: 6

### Entidades mais relevantes (ranqueadas por PageRank personalizado)
- ent_57 (relevância=0.015): 7 eventos [view, add_to_cart], último em ts=1703440070
- ent_52 (relevância=0.013): 10 eventos [view, add_to_cart, purchase], último em ts=1703417180
- ent_14 (relevância=0.012): 2 eventos [add_to_cart], último em ts=1703177840"
cust_1324,pesado,support_ticket_count,sessao_memoria,6,6,True,correct,528,"## Contexto do cliente: cust_1324 (turno 0)
Resumo de atividade (101 eventos totais): view: 43, search: 25, add_to_cart: 20, support_ticket: 7, purchase: 6

- ent_52 (relevância=0.047): estado mais recente = view em ts=1703417180 (havia também interações anteriores registradas)
- ent_27 (relevância=0.046): estado mais recente = search em ts=1703509190 (havia também interações anteriores registradas)
- ent_51 (relevância=0.041): estado mais recente = purchase em ts=1703149790 (havia também interações anteriores registradas)"
cust_1324,pesado,support_ticket_count,sessao_memoria_sem_clash,6,6,True,correct,983,"## Contexto do cliente: cust_1324 (turno 0)
Resumo de atividade (101 eventos totais): view: 43, search: 25, add_to_cart: 20, support_ticket: 7, purchase: 6

- ent_52 (relevância=0.047): view em ts=1703417180; purchase em ts=1703212580; view em ts=1702950890; view em ts=1702892540; view em ts=1702408130; support_ticket em ts=1701710930; search em ts=1701333290; view em ts=1700732240; add_to_cart em ts=1700649110; add_to_cart em ts=1700409200
- ent_27 (relevância=0.046): search em ts=1703509190; search em ts=1703316530; view em ts=1703195270; search em ts=1702963190; search em ts=1702765580; view em ts=1701886940; search em ts=1701670340; support_ticket em ts=1700707910; view em ts=1700260610
- ent_51 (relevância=0.041): purchase em ts=1703149790; add_to_cart em ts=1703025830; search em ts=1702708160; search em ts=1702436180; view em ts=1702163030; search em ts=1702072910; search em ts=1701977240; add_to_cart em ts=1700984000; view em ts=1700760380; view em ts=1700105540"
cust_6451,pesado,support_ticket_count,sem_retrieval,23,,False,malformed,64,Nenhuma informação adicional sobre este cliente está disponível.
cust_6451,pesado,support_ticket_count,contexto_completo,23,23,True,correct,8696,"Histórico completo de eventos do cliente cust_6451 (120 eventos):
- Evento: interação com ent_7 via view em ts=1703567570 (canal=web)
- Evento: interação com ent_50 via support_ticket em ts=1703543660 (canal=app)
- Evento: interação com ent_41 via search em ts=1703537030 (canal=app)
- Evento: interação com ent_12 via view em ts=1703516000 (canal=web)
- Evento: interação com ent_2 via search em ts=1703510450 (canal=app)
- Evento: interação com ent_50 via search em ts=1703495480 (canal=app)
- Evento: interação com ent_32 via view em ts=1703478560 (canal=app)
- Evento: interação com ent_41 via view em ts=1703463980 (canal=web)
- Evento: interação com ent_39 via view em ts=1703457470 (canal=app)
- Evento: interação com ent_46 via add_to_cart em ts=1703441660 (canal=web)
- Evento: interação com ent_37 via add_to_cart em ts=1703435600 (canal=web)
- Evento: interação com ent_50 via support_ticket em ts=1703430260 (canal=web)
- Evento: interação com ent_32 via view em ts=1703421770 (canal=web)
- Evento: interação com ent_37 via view em ts=1703325320 (canal=app)
- Evento: interação com ent_38 via view em ts=1703277500 (canal=web)
- Evento: interação com ent_46 via purchase em ts=1703266790 (canal=app)
- Evento: interação com ent_46 via search em ts=1703257670 (canal=app)
- Evento: interação com ent_35 via view em ts=1703249210 (canal=app)
- Evento: interação com ent_14 via view em ts=1703242520 (canal=app)
- Evento: interação com ent_2 via view em ts=1703223320 (canal=app)
- Evento: interação com ent_15 via support_ticket em ts=1703221640 (canal=app)
- Evento: interação com ent_34 via add_to_cart em ts=1703212640 (canal=app)
- Evento: interação com ent_32 via support_ticket em ts=1703200370 (canal=app)
- Evento: interação com ent_38 via search em ts=1703143940 (canal=web)
- Evento: interação com ent_15 via view em ts=1703142410 (canal=web)
- Evento: interação com ent_41 via support_ticket em ts=1703126060 (canal=app)
- Evento: interação com ent_42 via view em ts=1703097020 (canal=app)
- Evento: interação com ent_14 via view em ts=1703094620 (canal=app)
- Evento: interação com ent_46 via search em ts=1703093960 (canal=app)
- Evento: interação com ent_15 via view em ts=1703072810 (canal=app)
- Evento: interação com ent_37 via view em ts=1703045570 (canal=app)
- Evento: interação com ent_0 via purchase em ts=1703012060 (canal=app)
- Evento: interação com ent_26 via search em ts=1703010020 (canal=web)
- Evento: interação com ent_12 via search em ts=1702980830 (canal=app)
- Evento: interação com ent_37 via view em ts=1702962380 (canal=app)
- Evento: interação com ent_15 via add_to_cart em ts=1702955240 (canal=web)
- Evento: interação com ent_2 via view em ts=1702945070 (canal=web)
- Evento: interação com ent_37 via add_to_cart em ts=1702912010 (canal=web)
- Evento: interação com ent_38 via add_to_cart em ts=1702890680 (canal=app)
- Evento: interação com ent_2 via view em ts=1702884230 (canal=app)
- Evento: interação com ent_20 via view em ts=1702877990 (canal=web)
- Evento: interação com ent_41 via add_to_cart em ts=1702874750 (canal=web)
- Evento: interação com ent_32 via view em ts=1702818290 (canal=app)
- Evento: interação com ent_20 via view em ts=1702805840 (canal=web)
- Evento: interação com ent_12 via view em ts=1702793810 (canal=app)
- Evento: interação com ent_46 via search em ts=1702791740 (canal=web)
- Evento: interação com ent_37 via add_to_cart em ts=1702765010 (canal=web)
- Evento: interação com ent_36 via search em ts=1702745450 (canal=web)
- Evento: interação com ent_50 via search em ts=1702720910 (canal=app)
- Evento: interação com ent_4 via view em ts=1702716710 (canal=app)
- Evento: interação com ent_34 via search em ts=1702686980 (canal=app)
- Evento: interação com ent_41 via view em ts=1702677020 (canal=app)
- Evento: interação com ent_20 via add_to_cart em ts=1702631510 (canal=web)
- Evento: interação com ent_7 via view em ts=1702614020 (canal=app)
- Evento: interação com ent_37 via add_to_cart em ts=1702577600 (canal=web)
- Evento: interação com ent_20 via view em ts=1702555190 (canal=web)
- Evento: interação com ent_7 via search em ts=1702550150 (canal=web)
- Evento: interação com ent_8 via search em ts=1702535810 (canal=web)
- Evento: interação com ent_42 via view em ts=1702513580 (canal=web)
- Evento: interação com ent_46 via add_to_cart em ts=1702509680 (canal=app)
- Evento: interação com ent_15 via search em ts=1702491830 (canal=web)
- Evento: interação com ent_15 via search em ts=1702490480 (canal=app)
- Evento: interação com ent_8 via view em ts=1702461800 (canal=app)
- Evento: interação com ent_14 via search em ts=1702421030 (canal=web)
- Evento: interação com ent_32 via view em ts=1702420640 (canal=web)
- Evento: interação com ent_2 via add_to_cart em ts=1702417940 (canal=web)
- Evento: interação com ent_37 via add_to_cart em ts=1702408880 (canal=app)
- Evento: interação com ent_32 via add_to_cart em ts=1702400600 (canal=web)
- Evento: interação com ent_2 via view em ts=1702359770 (canal=app)
- Evento: interação com ent_19 via add_to_cart em ts=1702327340 (canal=web)
- Evento: interação com ent_34 via add_to_cart em ts=1702317350 (canal=web)
- Evento: interação com ent_12 via purchase em ts=1702307210 (canal=web)
- Evento: interação com ent_2 via add_to_cart em ts=1702286420 (canal=web)
- Evento: interação com ent_20 via view em ts=1702271840 (canal=web)
- Evento: interação com ent_46 via view em ts=1702250150 (canal=app)
- Evento: interação com ent_8 via view em ts=1702241390 (canal=app)
- Evento: interação com ent_37 via view em ts=1702238480 (canal=app)
- Evento: interação com ent_40 via search em ts=1702184180 (canal=web)
- Evento: interação com ent_41 via add_to_cart em ts=1702174580 (canal=app)
- Evento: interação com ent_32 via add_to_cart em ts=1702173980 (canal=web)
- Evento: interação com ent_8 via add_to_cart em ts=1702142990 (canal=web)
- Evento: interação com ent_20 via add_to_cart em ts=1702123250 (canal=web)
- Evento: interação com ent_12 via add_to_cart em ts=1702117220 (canal=app)
- Evento: interação com ent_12 via view em ts=1702073570 (canal=app)
- Evento: interação com ent_14 via support_ticket em ts=1702059440 (canal=web)
- Evento: interação com ent_2 via search em ts=1702045310 (canal=app)
- Evento: interação com ent_32 via support_ticket em ts=1702040150 (canal=app)
- Evento: interação com ent_38 via view em ts=1702017620 (canal=web)
- Evento: interação com ent_7 via support_ticket em ts=1702017020 (canal=app)
- Evento: interação com ent_15 via add_to_cart em ts=1702011260 (canal=app)
- Evento: interação com ent_14 via add_to_cart em ts=1701991760 (canal=app)
- Evento: interação com ent_45 via search em ts=1701983600 (canal=app)
- Evento: interação com ent_14 via view em ts=1701983180 (canal=web)
- Evento: interação com ent_12 via support_ticket em ts=1701962000 (canal=app)
- Evento: interação com ent_12 via view em ts=1701949790 (canal=app)
- Evento: interação com ent_38 via view em ts=1701913670 (canal=app)
- Evento: interação com ent_2 via purchase em ts=1701907010 (canal=app)
- Evento: interação com ent_55 via view em ts=1701868280 (canal=web)
- Evento: interação com ent_17 via view em ts=1701861290 (canal=web)
- Evento: interação com ent_12 via view em ts=1701858530 (canal=app)
- Evento: interação com ent_41 via add_to_cart em ts=1701837590 (canal=web)
- Evento: interação com ent_15 via view em ts=1701801440 (canal=web)
- Evento: interação com ent_7 via search em ts=1701785270 (canal=app)
- Evento: interação com ent_8 via view em ts=1701779750 (canal=web)
- Evento: interação com ent_37 via view em ts=1701765440 (canal=web)
- Evento: interação com ent_37 via search em ts=1701739670 (canal=web)
- Evento: interação com ent_46 via purchase em ts=1701738680 (canal=app)
- Evento: interação com ent_29 via add_to_cart em ts=1701729920 (canal=app)
- Evento: interação com ent_41 via view em ts=1701725270 (canal=app)
- Evento: interação com ent_33 via view em ts=1701715850 (canal=web)
- Evento: interação com ent_46 via search em ts=1701697070 (canal=app)
- Evento: interação com ent_42 via add_to_cart em ts=1701690740 (canal=app)
- Evento: interação com ent_42 via search em ts=1701684290 (canal=web)
- Evento: interação com ent_15 via search em ts=1701683510 (canal=app)
- Evento: interação com ent_12 via search em ts=1701675770 (canal=web)
- Evento: interação com ent_8 via support_ticket em ts=1701652370 (canal=app)
- Evento: interação com ent_18 via support_ticket em ts=1701626780 (canal=web)
- Evento: interação com ent_7 via view em ts=1701614570 (canal=web)
- Evento: interação com ent_7 via view em ts=1701581630 (canal=app)
- Evento: interação com ent_23 via purchase em ts=1701570440 (canal=web)"
cust_6451,pesado,support_ticket_count,topk_estatico,23,,False,malformed,293,"## Contexto do cliente: cust_6451 (top-3 por frequência)
- ent_15 (22 interações) [view, search, add_to_cart], último em ts=1703221640
- ent_46 (18 interações) [purchase, add_to_cart, search], último em ts=1703441660
- ent_2 (18 interações) [view, search, add_to_cart], último em ts=1703510450"
cust_6451,pesado,support_ticket_count,hibrido_sob_demanda,23,23,True,correct,547,"## Contexto do cliente: cust_6451
Canais com atividade encontrada: 2 (app, web)
Resumo de atividade (230 eventos totais): view: 94, add_to_cart: 50, search: 48, purchase: 19, support_ticket: 19

### Entidades mais relevantes (ranqueadas por PageRank personalizado)
- ent_14 (relevância=0.014): 15 eventos [view, add_to_cart, search], último em ts=1703242520
- ent_37 (relevância=0.013): 13 eventos [view, add_to_cart, search], último em ts=1703435600
- ent_46 (relevância=0.013): 18 eventos [purchase, add_to_cart, search], último em ts=1703441660"
cust_6451,pesado,support_ticket_count,sessao_memoria,23,23,True,correct,543,"## Contexto do cliente: cust_6451 (turno 0)
Resumo de atividade (230 eventos totais): view: 94, add_to_cart: 50, search: 48, purchase: 19, support_ticket: 19

- ent_46 (relevância=0.047): estado mais recente = add_to_cart em ts=1703441660 (havia também interações anteriores registradas)
- ent_15 (relevância=0.046): estado mais recente = support_ticket em ts=1703221640 (havia também interações anteriores registradas)
- ent_41 (relevância=0.042): estado mais recente = search em ts=1703537030 (havia também interações anteriores registradas)"
cust_6451,pesado,support_ticket_count,sessao_memoria_sem_clash,23,23,True,correct,1748,"## Contexto do cliente: cust_6451 (turno 0)
Resumo de atividade (230 eventos totais): view: 94, add_to_cart: 50, search: 48, purchase: 19, support_ticket: 19

- ent_46 (relevância=0.047): add_to_cart em ts=1703441660; purchase em ts=1703266790; search em ts=1703257670; search em ts=1703093960; search em ts=1702791740; add_to_cart em ts=1702509680; view em ts=1702250150; purchase em ts=1701738680; search em ts=1701697070; view em ts=1701380330; purchase em ts=1701302570; support_ticket em ts=1701253460; purchase em ts=1701044450; purchase em ts=1701036650; add_to_cart em ts=1700982140; add_to_cart em ts=1700641760; view em ts=1700344700; view em ts=1700055290
- ent_15 (relevância=0.046): support_ticket em ts=1703221640; view em ts=1703142410; view em ts=1703072810; add_to_cart em ts=1702955240; search em ts=1702491830; search em ts=1702490480; add_to_cart em ts=1702011260; view em ts=1701801440; search em ts=1701683510; support_ticket em ts=1701289070; search em ts=1701240770; search em ts=1701159260; view em ts=1701147500; view em ts=1701125060; view em ts=1701095990; view em ts=1701022490; view em ts=1700788520; purchase em ts=1700685170; view em ts=1700665520; view em ts=1700512190; search em ts=1700495390; add_to_cart em ts=1700353700
- ent_41 (relevância=0.042): search em ts=1703537030; view em ts=1703463980; support_ticket em ts=1703126060; add_to_cart em ts=1702874750; view em ts=1702677020; add_to_cart em ts=1702174580; add_to_cart em ts=1701837590; view em ts=1701725270; add_to_cart em ts=1701505970; add_to_cart em ts=1701233630; view em ts=1701077120; purchase em ts=1700513390; purchase em ts=1700488940; view em ts=1700430320; view em ts=1700329640; support_ticket em ts=1700257610; add_to_cart em ts=1700245730"
cust_7295,pesado,support_ticket_count,sem_retrieval,10,,False,malformed,64,Nenhuma informação adicional sobre este cliente está disponível.
cust_7295,pesado,support_ticket_count,contexto_completo,10,10,True,correct,2516,"Histórico completo de eventos do cliente cust_7295 (34 eventos):
- Evento: interação com ent_34 via search em ts=1703507360 (canal=web)
- Evento: interação com ent_39 via view em ts=1703463470 (canal=web)
- Evento: interação com ent_52 via add_to_cart em ts=1703419610 (canal=web)
- Evento: interação com ent_46 via search em ts=1703172230 (canal=web)
- Evento: interação com ent_39 via view em ts=1702974440 (canal=web)
- Evento: interação com ent_35 via search em ts=1702920590 (canal=web)
- Evento: interação com ent_49 via add_to_cart em ts=1702724600 (canal=web)
- Evento: interação com ent_41 via purchase em ts=1702703060 (canal=web)
- Evento: interação com ent_32 via view em ts=1702495040 (canal=web)
- Evento: interação com ent_57 via search em ts=1702158260 (canal=web)
- Evento: interação com ent_27 via support_ticket em ts=1702155740 (canal=web)
- Evento: interação com ent_35 via view em ts=1702117490 (canal=web)
- Evento: interação com ent_41 via view em ts=1702034990 (canal=web)
- Evento: interação com ent_19 via support_ticket em ts=1701993350 (canal=web)
- Evento: interação com ent_49 via purchase em ts=1701985190 (canal=web)
- Evento: interação com ent_35 via add_to_cart em ts=1701896390 (canal=web)
- Evento: interação com ent_34 via view em ts=1701793190 (canal=web)
- Evento: interação com ent_27 via view em ts=1701761480 (canal=web)
- Evento: interação com ent_2 via purchase em ts=1701689990 (canal=web)
- Evento: interação com ent_49 via purchase em ts=1701652790 (canal=web)
- Evento: interação com ent_41 via purchase em ts=1701424430 (canal=web)
- Evento: interação com ent_49 via view em ts=1701100310 (canal=web)
- Evento: interação com ent_49 via search em ts=1701069680 (canal=web)
- Evento: interação com ent_51 via search em ts=1701022910 (canal=web)
- Evento: interação com ent_19 via view em ts=1701018830 (canal=web)
- Evento: interação com ent_19 via add_to_cart em ts=1701003620 (canal=web)
- Evento: interação com ent_10 via view em ts=1700953850 (canal=web)
- Evento: interação com ent_39 via support_ticket em ts=1700603660 (canal=web)
- Evento: interação com ent_32 via add_to_cart em ts=1700576810 (canal=web)
- Evento: interação com ent_31 via search em ts=1700566730 (canal=web)
- Evento: interação com ent_55 via search em ts=1700375720 (canal=web)
- Evento: interação com ent_57 via search em ts=1700293880 (canal=web)
- Evento: interação com ent_19 via view em ts=1700155160 (canal=web)
- Evento: interação com ent_49 via purchase em ts=1700145560 (canal=web)"
cust_7295,pesado,support_ticket_count,topk_estatico,10,,False,malformed,292,"## Contexto do cliente: cust_7295 (top-3 por frequência)
- ent_49 (6 interações) [purchase, add_to_cart, view], último em ts=1702724600
- ent_19 (4 interações) [view, support_ticket, add_to_cart], último em ts=1701993350
- ent_39 (3 interações) [view, support_ticket], último em ts=1703463470"
cust_7295,pesado,support_ticket_count,hibrido_sob_demanda,10,,False,malformed,535,"## Contexto do cliente: cust_7295
Canais com atividade encontrada: 1 (web)
Resumo de atividade (34 eventos totais): view: 11, search: 9, purchase: 6, add_to_cart: 5, support_ticket: 3

### Entidades mais relevantes (ranqueadas por PageRank personalizado)
- ent_39 (relevância=0.014): 3 eventos [view, support_ticket], último em ts=1703463470
- ent_49 (relevância=0.012): 6 eventos [purchase, add_to_cart, view], último em ts=1702724600
- ent_19 (relevância=0.012): 4 eventos [view, support_ticket, add_to_cart], último em ts=1701993350"
cust_7295,pesado,support_ticket_count,sessao_memoria,10,,False,malformed,536,"## Contexto do cliente: cust_7295 (turno 0)
Resumo de atividade (34 eventos totais): view: 11, search: 9, purchase: 6, add_to_cart: 5, support_ticket: 3

- ent_49 (relevância=0.048): estado mais recente = add_to_cart em ts=1702724600 (havia também interações anteriores registradas)
- ent_39 (relevância=0.043): estado mais recente = view em ts=1703463470 (havia também interações anteriores registradas)
- ent_19 (relevância=0.038): estado mais recente = support_ticket em ts=1701993350 (havia também interações anteriores registradas)"
cust_7295,pesado,support_ticket_count,sessao_memoria_sem_clash,10,10,True,correct,584,"## Contexto do cliente: cust_7295 (turno 0)
Resumo de atividade (34 eventos totais): view: 11, search: 9, purchase: 6, add_to_cart: 5, support_ticket: 3

- ent_49 (relevância=0.048): add_to_cart em ts=1702724600; purchase em ts=1701985190; purchase em ts=1701652790; view em ts=1701100310; search em ts=1701069680; purchase em ts=1700145560
- ent_39 (relevância=0.043): view em ts=1703463470; view em ts=1702974440; support_ticket em ts=1700603660
- ent_19 (relevância=0.038): support_ticket em ts=1701993350; view em ts=1701018830; add_to_cart em ts=1701003620; view em ts=1700155160"
cust_8495,pesado,support_ticket_count,sem_retrieval,6,,False,malformed,64,Nenhuma informação adicional sobre este cliente está disponível.
cust_8495,pesado,support_ticket_count,contexto_completo,6,6,True,correct,1835,"Histórico completo de eventos do cliente cust_8495 (25 eventos):
- Evento: interação com ent_37 via search em ts=1703560220 (canal=web)
- Evento: interação com ent_10 via support_ticket em ts=1703524850 (canal=web)
- Evento: interação com ent_10 via purchase em ts=1703502560 (canal=web)
- Evento: interação com ent_22 via view em ts=1703448320 (canal=web)
- Evento: interação com ent_41 via search em ts=1703400200 (canal=web)
- Evento: interação com ent_4 via add_to_cart em ts=1703249900 (canal=web)
- Evento: interação com ent_14 via view em ts=1703187560 (canal=web)
- Evento: interação com ent_41 via view em ts=1703115080 (canal=web)
- Evento: interação com ent_22 via search em ts=1703003900 (canal=web)
- Evento: interação com ent_59 via support_ticket em ts=1702926410 (canal=web)
- Evento: interação com ent_6 via view em ts=1702855400 (canal=web)
- Evento: interação com ent_22 via purchase em ts=1702685900 (canal=web)
- Evento: interação com ent_22 via view em ts=1702485560 (canal=web)
- Evento: interação com ent_50 via view em ts=1701471170 (canal=web)
- Evento: interação com ent_33 via view em ts=1701282890 (canal=web)
- Evento: interação com ent_59 via search em ts=1701207050 (canal=web)
- Evento: interação com ent_8 via view em ts=1701025670 (canal=web)
- Evento: interação com ent_8 via view em ts=1700896340 (canal=web)
- Evento: interação com ent_33 via view em ts=1700722820 (canal=web)
- Evento: interação com ent_6 via search em ts=1700487050 (canal=web)
- Evento: interação com ent_58 via add_to_cart em ts=1700383220 (canal=web)
- Evento: interação com ent_29 via view em ts=1700218130 (canal=web)
- Evento: interação com ent_9 via view em ts=1700185400 (canal=web)
- Evento: interação com ent_33 via view em ts=1700117240 (canal=web)
- Evento: interação com ent_50 via view em ts=1700051300 (canal=web)"
cust_8495,pesado,support_ticket_count,topk_estatico,6,,False,malformed,242,"## Contexto do cliente: cust_8495 (top-3 por frequência)
- ent_22 (4 interações) [view, search, purchase], último em ts=1703448320
- ent_33 (3 interações) [view], último em ts=1701282890
- ent_50 (2 interações) [view], último em ts=1701471170"
cust_8495,pesado,support_ticket_count,hibrido_sob_demanda,6,6,True,correct,487,"## Contexto do cliente: cust_8495
Canais com atividade encontrada: 1 (web)
Resumo de atividade (25 eventos totais): view: 14, search: 5, add_to_cart: 2, purchase: 2, support_ticket: 2

### Entidades mais relevantes (ranqueadas por PageRank personalizado)
- ent_22 (relevância=0.016): 4 eventos [view, search, purchase], último em ts=1703448320
- ent_14 (relevância=0.013): 1 eventos [view], último em ts=1703187560
- ent_37 (relevância=0.012): 1 eventos [search], último em ts=1703560220"
cust_8495,pesado,support_ticket_count,sessao_memoria,6,6,True,correct,531,"## Contexto do cliente: cust_8495 (turno 0)
Resumo de atividade (25 eventos totais): view: 14, search: 5, add_to_cart: 2, purchase: 2, support_ticket: 2

- ent_22 (relevância=0.061): estado mais recente = view em ts=1703448320 (havia também interações anteriores registradas)
- ent_41 (relevância=0.040): estado mais recente = search em ts=1703400200 (havia também interações anteriores registradas)
- ent_10 (relevância=0.039): estado mais recente = support_ticket em ts=1703524850 (havia também interações anteriores registradas)"
cust_8495,pesado,support_ticket_count,sessao_memoria_sem_clash,6,6,True,correct,443,"## Contexto do cliente: cust_8495 (turno 0)
Resumo de atividade (25 eventos totais): view: 14, search: 5, add_to_cart: 2, purchase: 2, support_ticket: 2

- ent_22 (relevância=0.061): view em ts=1703448320; search em ts=1703003900; purchase em ts=1702685900; view em ts=1702485560
- ent_41 (relevância=0.040): search em ts=1703400200; view em ts=1703115080
- ent_10 (relevância=0.039): support_ticket em ts=1703524850; purchase em ts=1703502560"
cust_7633,pesado,support_ticket_count,sem_retrieval,8,,False,malformed,64,Nenhuma informação adicional sobre este cliente está disponível.
cust_7633,pesado,support_ticket_count,contexto_completo,8,8,True,correct,3029,"Histórico completo de eventos do cliente cust_7633 (41 eventos):
- Evento: interação com ent_34 via view em ts=1703513510 (canal=web)
- Evento: interação com ent_32 via search em ts=1703238650 (canal=web)
- Evento: interação com ent_31 via view em ts=1703233640 (canal=web)
- Evento: interação com ent_31 via support_ticket em ts=1703182970 (canal=web)
- Evento: interação com ent_27 via search em ts=1702700210 (canal=web)
- Evento: interação com ent_19 via search em ts=1702628930 (canal=web)
- Evento: interação com ent_52 via search em ts=1702542320 (canal=web)
- Evento: interação com ent_32 via view em ts=1702476050 (canal=web)
- Evento: interação com ent_58 via search em ts=1702454600 (canal=web)
- Evento: interação com ent_46 via view em ts=1702340240 (canal=web)
- Evento: interação com ent_3 via view em ts=1702324100 (canal=web)
- Evento: interação com ent_39 via add_to_cart em ts=1702301720 (canal=web)
- Evento: interação com ent_51 via view em ts=1702204070 (canal=web)
- Evento: interação com ent_39 via search em ts=1702162370 (canal=web)
- Evento: interação com ent_19 via add_to_cart em ts=1702145240 (canal=web)
- Evento: interação com ent_27 via support_ticket em ts=1702053860 (canal=web)
- Evento: interação com ent_34 via add_to_cart em ts=1702037210 (canal=web)
- Evento: interação com ent_28 via search em ts=1702009970 (canal=web)
- Evento: interação com ent_56 via purchase em ts=1701980810 (canal=web)
- Evento: interação com ent_51 via add_to_cart em ts=1701927080 (canal=web)
- Evento: interação com ent_39 via search em ts=1701926450 (canal=web)
- Evento: interação com ent_19 via add_to_cart em ts=1701613850 (canal=web)
- Evento: interação com ent_49 via view em ts=1701535610 (canal=web)
- Evento: interação com ent_41 via view em ts=1701535460 (canal=web)
- Evento: interação com ent_39 via add_to_cart em ts=1701477470 (canal=web)
- Evento: interação com ent_32 via search em ts=1701358070 (canal=web)
- Evento: interação com ent_39 via support_ticket em ts=1701341690 (canal=web)
- Evento: interação com ent_46 via search em ts=1701288890 (canal=web)
- Evento: interação com ent_57 via search em ts=1701159110 (canal=web)
- Evento: interação com ent_32 via view em ts=1701055790 (canal=web)
- Evento: interação com ent_27 via search em ts=1700986730 (canal=web)
- Evento: interação com ent_51 via view em ts=1700968040 (canal=web)
- Evento: interação com ent_14 via search em ts=1700943380 (canal=web)
- Evento: interação com ent_47 via view em ts=1700432690 (canal=web)
- Evento: interação com ent_28 via support_ticket em ts=1700308220 (canal=web)
- Evento: interação com ent_29 via search em ts=1700302340 (canal=web)
- Evento: interação com ent_34 via add_to_cart em ts=1700214620 (canal=web)
- Evento: interação com ent_39 via search em ts=1700145350 (canal=web)
- Evento: interação com ent_40 via view em ts=1700087240 (canal=web)
- Evento: interação com ent_41 via add_to_cart em ts=1700044790 (canal=web)
- Evento: interação com ent_35 via add_to_cart em ts=1700010050 (canal=web)"
cust_7633,pesado,support_ticket_count,topk_estatico,8,8,True,correct,276,"## Contexto do cliente: cust_7633 (top-3 por frequência)
- ent_39 (6 interações) [search, add_to_cart, support_ticket], último em ts=1702301720
- ent_32 (4 interações) [search, view], último em ts=1703238650
- ent_34 (3 interações) [add_to_cart, view], último em ts=1703513510"
cust_7633,pesado,support_ticket_count,hibrido_sob_demanda,8,8,True,correct,522,"## Contexto do cliente: cust_7633
Canais com atividade encontrada: 1 (web)
Resumo de atividade (41 eventos totais): search: 15, view: 12, add_to_cart: 9, support_ticket: 4, purchase: 1

### Entidades mais relevantes (ranqueadas por PageRank personalizado)
- ent_39 (relevância=0.016): 6 eventos [search, add_to_cart, support_ticket], último em ts=1702301720
- ent_32 (relevância=0.012): 4 eventos [search, view], último em ts=1703238650
- ent_19 (relevância=0.011): 3 eventos [add_to_cart, search], último em ts=1702628930"
cust_7633,pesado,support_ticket_count,sessao_memoria,8,8,True,correct,531,"## Contexto do cliente: cust_7633 (turno 0)
Resumo de atividade (41 eventos totais): search: 15, view: 12, add_to_cart: 9, support_ticket: 4, purchase: 1

- ent_39 (relevância=0.059): estado mais recente = add_to_cart em ts=1702301720 (havia também interações anteriores registradas)
- ent_32 (relevância=0.045): estado mais recente = search em ts=1703238650 (havia também interações anteriores registradas)
- ent_19 (relevância=0.038): estado mais recente = search em ts=1702628930 (havia também interações anteriores registradas)"
cust_7633,pesado,support_ticket_count,sessao_memoria_sem_clash,8,8,True,correct,587,"## Contexto do cliente: cust_7633 (turno 0)
Resumo de atividade (41 eventos totais): search: 15, view: 12, add_to_cart: 9, support_ticket: 4, purchase: 1

- ent_39 (relevância=0.059): add_to_cart em ts=1702301720; search em ts=1702162370; search em ts=1701926450; add_to_cart em ts=1701477470; support_ticket em ts=1701341690; search em ts=1700145350
- ent_32 (relevância=0.045): search em ts=1703238650; view em ts=1702476050; search em ts=1701358070; view em ts=1701055790
- ent_19 (relevância=0.038): search em ts=1702628930; add_to_cart em ts=1702145240; add_to_cart em ts=1701613850"
cust_847,pesado,support_ticket_count,sem_retrieval,18,,False,malformed,64,Nenhuma informação adicional sobre este cliente está disponível.
cust_847,pesado,support_ticket_count,contexto_completo,18,18,True,correct,8664,"Histórico completo de eventos do cliente cust_847 (120 eventos):
- Evento: interação com ent_39 via search em ts=1703599520 (canal=web)
- Evento: interação com ent_24 via view em ts=1703548220 (canal=web)
- Evento: interação com ent_11 via support_ticket em ts=1703538890 (canal=web)
- Evento: interação com ent_53 via search em ts=1703538620 (canal=web)
- Evento: interação com ent_26 via add_to_cart em ts=1703525540 (canal=app)
- Evento: interação com ent_5 via add_to_cart em ts=1703506820 (canal=app)
- Evento: interação com ent_24 via purchase em ts=1703450510 (canal=web)
- Evento: interação com ent_14 via search em ts=1703443190 (canal=app)
- Evento: interação com ent_14 via purchase em ts=1703418770 (canal=web)
- Evento: interação com ent_39 via add_to_cart em ts=1703413220 (canal=web)
- Evento: interação com ent_27 via view em ts=1703399990 (canal=app)
- Evento: interação com ent_5 via add_to_cart em ts=1703388020 (canal=web)
- Evento: interação com ent_25 via view em ts=1703386130 (canal=app)
- Evento: interação com ent_39 via view em ts=1703378060 (canal=app)
- Evento: interação com ent_28 via add_to_cart em ts=1703371010 (canal=web)
- Evento: interação com ent_14 via purchase em ts=1703368250 (canal=app)
- Evento: interação com ent_46 via add_to_cart em ts=1703360360 (canal=web)
- Evento: interação com ent_26 via support_ticket em ts=1703350850 (canal=web)
- Evento: interação com ent_31 via view em ts=1703333510 (canal=web)
- Evento: interação com ent_39 via view em ts=1703314700 (canal=app)
- Evento: interação com ent_4 via view em ts=1703304050 (canal=app)
- Evento: interação com ent_46 via view em ts=1703282960 (canal=app)
- Evento: interação com ent_39 via add_to_cart em ts=1703265980 (canal=web)
- Evento: interação com ent_14 via view em ts=1703246150 (canal=web)
- Evento: interação com ent_18 via view em ts=1703244020 (canal=app)
- Evento: interação com ent_28 via add_to_cart em ts=1703218850 (canal=app)
- Evento: interação com ent_44 via add_to_cart em ts=1703206910 (canal=app)
- Evento: interação com ent_18 via support_ticket em ts=1703194100 (canal=web)
- Evento: interação com ent_46 via add_to_cart em ts=1703176220 (canal=web)
- Evento: interação com ent_17 via view em ts=1703174450 (canal=app)
- Evento: interação com ent_54 via view em ts=1703166830 (canal=web)
- Evento: interação com ent_18 via view em ts=1703120000 (canal=app)
- Evento: interação com ent_4 via view em ts=1703108090 (canal=web)
- Evento: interação com ent_24 via search em ts=1703100110 (canal=app)
- Evento: interação com ent_20 via add_to_cart em ts=1703074640 (canal=app)
- Evento: interação com ent_46 via search em ts=1703015630 (canal=app)
- Evento: interação com ent_54 via view em ts=1703006870 (canal=web)
- Evento: interação com ent_4 via view em ts=1702957310 (canal=web)
- Evento: interação com ent_39 via search em ts=1702923290 (canal=app)
- Evento: interação com ent_19 via add_to_cart em ts=1702922120 (canal=app)
- Evento: interação com ent_25 via add_to_cart em ts=1702915520 (canal=web)
- Evento: interação com ent_46 via search em ts=1702914740 (canal=app)
- Evento: interação com ent_45 via view em ts=1702901630 (canal=web)
- Evento: interação com ent_36 via view em ts=1702886210 (canal=app)
- Evento: interação com ent_24 via view em ts=1702868030 (canal=app)
- Evento: interação com ent_5 via purchase em ts=1702867880 (canal=web)
- Evento: interação com ent_54 via support_ticket em ts=1702849790 (canal=app)
- Evento: interação com ent_27 via search em ts=1702840880 (canal=web)
- Evento: interação com ent_4 via search em ts=1702838660 (canal=web)
- Evento: interação com ent_26 via support_ticket em ts=1702795760 (canal=web)
- Evento: interação com ent_5 via add_to_cart em ts=1702780010 (canal=app)
- Evento: interação com ent_5 via search em ts=1702743020 (canal=app)
- Evento: interação com ent_46 via search em ts=1702720580 (canal=app)
- Evento: interação com ent_39 via purchase em ts=1702642100 (canal=web)
- Evento: interação com ent_39 via add_to_cart em ts=1702633790 (canal=web)
- Evento: interação com ent_46 via view em ts=1702629890 (canal=web)
- Evento: interação com ent_4 via add_to_cart em ts=1702611890 (canal=app)
- Evento: interação com ent_24 via search em ts=1702611680 (canal=app)
- Evento: interação com ent_39 via add_to_cart em ts=1702567670 (canal=app)
- Evento: interação com ent_26 via view em ts=1702560170 (canal=app)
- Evento: interação com ent_58 via view em ts=1702531160 (canal=web)
- Evento: interação com ent_19 via add_to_cart em ts=1702509620 (canal=app)
- Evento: interação com ent_14 via add_to_cart em ts=1702495940 (canal=app)
- Evento: interação com ent_54 via view em ts=1702446830 (canal=app)
- Evento: interação com ent_25 via view em ts=1702437950 (canal=web)
- Evento: interação com ent_19 via view em ts=1702430600 (canal=app)
- Evento: interação com ent_24 via view em ts=1702380530 (canal=app)
- Evento: interação com ent_28 via view em ts=1702371320 (canal=app)
- Evento: interação com ent_9 via purchase em ts=1702369640 (canal=web)
- Evento: interação com ent_54 via add_to_cart em ts=1702359800 (canal=app)
- Evento: interação com ent_5 via view em ts=1702347830 (canal=web)
- Evento: interação com ent_14 via add_to_cart em ts=1702346060 (canal=app)
- Evento: interação com ent_5 via view em ts=1702316300 (canal=web)
- Evento: interação com ent_59 via search em ts=1702310540 (canal=app)
- Evento: interação com ent_39 via add_to_cart em ts=1702304450 (canal=web)
- Evento: interação com ent_24 via purchase em ts=1702295630 (canal=app)
- Evento: interação com ent_42 via view em ts=1702286690 (canal=app)
- Evento: interação com ent_58 via search em ts=1702275830 (canal=app)
- Evento: interação com ent_4 via view em ts=1702271240 (canal=web)
- Evento: interação com ent_14 via view em ts=1702268390 (canal=web)
- Evento: interação com ent_28 via purchase em ts=1702266980 (canal=app)
- Evento: interação com ent_46 via search em ts=1702265900 (canal=web)
- Evento: interação com ent_5 via view em ts=1702243190 (canal=app)
- Evento: interação com ent_27 via view em ts=1702240160 (canal=web)
- Evento: interação com ent_46 via view em ts=1702240130 (canal=web)
- Evento: interação com ent_39 via view em ts=1702208840 (canal=app)
- Evento: interação com ent_2 via add_to_cart em ts=1702158800 (canal=web)
- Evento: interação com ent_19 via add_to_cart em ts=1702131650 (canal=web)
- Evento: interação com ent_4 via add_to_cart em ts=1702099550 (canal=web)
- Evento: interação com ent_3 via add_to_cart em ts=1702075310 (canal=web)
- Evento: interação com ent_25 via view em ts=1702074950 (canal=app)
- Evento: interação com ent_25 via view em ts=1702049450 (canal=web)
- Evento: interação com ent_58 via view em ts=1702026470 (canal=web)
- Evento: interação com ent_46 via view em ts=1701998030 (canal=app)
- Evento: interação com ent_28 via view em ts=1701988700 (canal=web)
- Evento: interação com ent_2 via view em ts=1701988100 (canal=app)
- Evento: interação com ent_28 via view em ts=1701955130 (canal=web)
- Evento: interação com ent_14 via search em ts=1701947180 (canal=web)
- Evento: interação com ent_18 via search em ts=1701945650 (canal=app)
- Evento: interação com ent_19 via view em ts=1701932480 (canal=app)
- Evento: interação com ent_58 via view em ts=1701913730 (canal=web)
- Evento: interação com ent_54 via purchase em ts=1701909530 (canal=app)
- Evento: interação com ent_5 via add_to_cart em ts=1701902990 (canal=web)
- Evento: interação com ent_46 via view em ts=1701898040 (canal=web)
- Evento: interação com ent_4 via search em ts=1701831530 (canal=app)
- Evento: interação com ent_14 via search em ts=1701813500 (canal=app)
- Evento: interação com ent_54 via view em ts=1701804770 (canal=app)
- Evento: interação com ent_24 via add_to_cart em ts=1701802040 (canal=web)
- Evento: interação com ent_39 via view em ts=1701763520 (canal=web)
- Evento: interação com ent_5 via search em ts=1701738800 (canal=app)
- Evento: interação com ent_39 via view em ts=1701710210 (canal=app)
- Evento: interação com ent_14 via view em ts=1701693080 (canal=app)
- Evento: interação com ent_58 via support_ticket em ts=1701641960 (canal=web)
- Evento: interação com ent_4 via view em ts=1701641360 (canal=web)
- Evento: interação com ent_4 via view em ts=1701627680 (canal=web)
- Evento: interação com ent_51 via search em ts=1701627140 (canal=app)
- Evento: interação com ent_9 via view em ts=1701612950 (canal=web)
- Evento: interação com ent_18 via search em ts=1701609800 (canal=web)
- Evento: interação com ent_3 via view em ts=1701599720 (canal=app)
- Evento: interação com ent_58 via support_ticket em ts=1701567530 (canal=app)"
cust_847,pesado,support_ticket_count,topk_estatico,18,18,True,correct,286,"## Contexto do cliente: cust_847 (top-3 por frequência)
- ent_24 (18 interações) [view, search, purchase], último em ts=1703548220
- ent_39 (18 interações) [add_to_cart, view, search], último em ts=1703599520
- ent_46 (17 interações) [view, search, add_to_cart], último em ts=1703360360"
cust_847,pesado,support_ticket_count,hibrido_sob_demanda,18,,False,malformed,539,"## Contexto do cliente: cust_847
Canais com atividade encontrada: 2 (app, web)
Resumo de atividade (234 eventos totais): view: 103, add_to_cart: 56, search: 47, purchase: 17, support_ticket: 11

### Entidades mais relevantes (ranqueadas por PageRank personalizado)
- ent_4 (relevância=0.015): 17 eventos [view, add_to_cart, search], último em ts=1703304050
- ent_14 (relevância=0.015): 17 eventos [view, search, purchase], último em ts=1703443190
- ent_46 (relevância=0.014): 17 eventos [view, search, add_to_cart], último em ts=1703360360"
cust_847,pesado,support_ticket_count,sessao_memoria,18,,False,malformed,535,"## Contexto do cliente: cust_847 (turno 0)
Resumo de atividade (234 eventos totais): view: 103, add_to_cart: 56, search: 47, purchase: 17, support_ticket: 11

- ent_14 (relevância=0.054): estado mais recente = search em ts=1703443190 (havia também interações anteriores registradas)
- ent_39 (relevância=0.054): estado mais recente = search em ts=1703599520 (havia também interações anteriores registradas)
- ent_46 (relevância=0.053): estado mais recente = add_to_cart em ts=1703360360 (havia também interações anteriores registradas)"
cust_847,pesado,support_ticket_count,sessao_memoria_sem_clash,18,18,True,correct,1579,"## Contexto do cliente: cust_847 (turno 0)
Resumo de atividade (234 eventos totais): view: 103, add_to_cart: 56, search: 47, purchase: 17, support_ticket: 11

- ent_14 (relevância=0.054): search em ts=1703443190; purchase em ts=1703418770; purchase em ts=1703368250; view em ts=1703246150; add_to_cart em ts=1702495940; add_to_cart em ts=1702346060; view em ts=1702268390; search em ts=1701947180; search em ts=1701813500; view em ts=1701693080; purchase em ts=1701282320; add_to_cart em ts=1701211640; view em ts=1701117560; view em ts=1700850800; support_ticket em ts=1700753870; view em ts=1700665730; view em ts=1700548250
- ent_39 (relevância=0.054): search em ts=1703599520; add_to_cart em ts=1703413220; view em ts=1703378060; view em ts=1703314700; add_to_cart em ts=1703265980; search em ts=1702923290; purchase em ts=1702642100; add_to_cart em ts=1702633790; add_to_cart em ts=1702567670; add_to_cart em ts=1702304450; view em ts=1702208840; view em ts=1701763520; view em ts=1701710210; add_to_cart em ts=1701422570; search em ts=1701084470; add_to_cart em ts=1701014210; view em ts=1700828390; view em ts=1700629490
- ent_46 (relevância=0.053): add_to_cart em ts=1703360360; view em ts=1703282960; add_to_cart em ts=1703176220; search em ts=1703015630; search em ts=1702914740; search em ts=1702720580; view em ts=1702629890; search em ts=1702265900; view em ts=1702240130; view em ts=1701998030; view em ts=1701898040; view em ts=1701329780; view em ts=1701124370; search em ts=1701113210; search em ts=1700165990; view em ts=1700104910; add_to_cart em ts=1700003420"
cust_7719,pesado,support_ticket_count,sem_retrieval,7,,False,malformed,64,Nenhuma informação adicional sobre este cliente está disponível.
cust_7719,pesado,support_ticket_count,contexto_completo,7,7,True,correct,2469,"Histórico completo de eventos do cliente cust_7719 (33 eventos):
- Evento: interação com ent_31 via support_ticket em ts=1703089820 (canal=web)
- Evento: interação com ent_31 via support_ticket em ts=1703072000 (canal=web)
- Evento: interação com ent_32 via add_to_cart em ts=1702939730 (canal=web)
- Evento: interação com ent_35 via search em ts=1702742600 (canal=web)
- Evento: interação com ent_46 via add_to_cart em ts=1702726940 (canal=web)
- Evento: interação com ent_52 via view em ts=1702709810 (canal=web)
- Evento: interação com ent_46 via view em ts=1702686590 (canal=web)
- Evento: interação com ent_10 via add_to_cart em ts=1702635710 (canal=web)
- Evento: interação com ent_39 via view em ts=1702461980 (canal=web)
- Evento: interação com ent_31 via search em ts=1702418000 (canal=web)
- Evento: interação com ent_32 via view em ts=1702309100 (canal=web)
- Evento: interação com ent_57 via search em ts=1702151960 (canal=web)
- Evento: interação com ent_19 via add_to_cart em ts=1702143710 (canal=web)
- Evento: interação com ent_26 via view em ts=1702138700 (canal=web)
- Evento: interação com ent_32 via add_to_cart em ts=1702123940 (canal=web)
- Evento: interação com ent_35 via purchase em ts=1702068500 (canal=web)
- Evento: interação com ent_57 via view em ts=1701983390 (canal=web)
- Evento: interação com ent_5 via view em ts=1701937460 (canal=web)
- Evento: interação com ent_31 via support_ticket em ts=1701928250 (canal=web)
- Evento: interação com ent_41 via view em ts=1701388910 (canal=web)
- Evento: interação com ent_49 via purchase em ts=1701278840 (canal=web)
- Evento: interação com ent_27 via add_to_cart em ts=1701089990 (canal=web)
- Evento: interação com ent_26 via search em ts=1701014420 (canal=web)
- Evento: interação com ent_51 via support_ticket em ts=1700968010 (canal=web)
- Evento: interação com ent_49 via add_to_cart em ts=1700924180 (canal=web)
- Evento: interação com ent_41 via view em ts=1700890520 (canal=web)
- Evento: interação com ent_41 via search em ts=1700612810 (canal=web)
- Evento: interação com ent_32 via purchase em ts=1700412110 (canal=web)
- Evento: interação com ent_46 via view em ts=1700354630 (canal=web)
- Evento: interação com ent_35 via add_to_cart em ts=1700328560 (canal=web)
- Evento: interação com ent_49 via add_to_cart em ts=1700207870 (canal=web)
- Evento: interação com ent_46 via search em ts=1700156180 (canal=web)
- Evento: interação com ent_46 via search em ts=1700049890 (canal=web)"
cust_7719,pesado,support_ticket_count,topk_estatico,7,7,True,correct,286,"## Contexto do cliente: cust_7719 (top-3 por frequência)
- ent_46 (5 interações) [view, search, add_to_cart], último em ts=1702726940
- ent_32 (4 interações) [add_to_cart, view, purchase], último em ts=1702939730
- ent_31 (4 interações) [support_ticket, search], último em ts=1703089820"
cust_7719,pesado,support_ticket_count,hibrido_sob_demanda,7,7,True,correct,529,"## Contexto do cliente: cust_7719
Canais com atividade encontrada: 1 (web)
Resumo de atividade (33 eventos totais): view: 10, add_to_cart: 9, search: 7, support_ticket: 4, purchase: 3

### Entidades mais relevantes (ranqueadas por PageRank personalizado)
- ent_46 (relevância=0.016): 5 eventos [view, search, add_to_cart], último em ts=1702726940
- ent_32 (relevância=0.013): 4 eventos [add_to_cart, view, purchase], último em ts=1702939730
- ent_31 (relevância=0.013): 4 eventos [support_ticket, search], último em ts=1703089820"
cust_7719,pesado,support_ticket_count,sessao_memoria,7,7,True,correct,543,"## Contexto do cliente: cust_7719 (turno 0)
Resumo de atividade (33 eventos totais): view: 10, add_to_cart: 9, search: 7, support_ticket: 4, purchase: 3

- ent_46 (relevância=0.052): estado mais recente = add_to_cart em ts=1702726940 (havia também interações anteriores registradas)
- ent_32 (relevância=0.046): estado mais recente = add_to_cart em ts=1702939730 (havia também interações anteriores registradas)
- ent_31 (relevância=0.046): estado mais recente = support_ticket em ts=1703089820 (havia também interações anteriores registradas)"
cust_7719,pesado,support_ticket_count,sessao_memoria_sem_clash,7,7,True,correct,597,"## Contexto do cliente: cust_7719 (turno 0)
Resumo de atividade (33 eventos totais): view: 10, add_to_cart: 9, search: 7, support_ticket: 4, purchase: 3

- ent_46 (relevância=0.052): add_to_cart em ts=1702726940; view em ts=1702686590; view em ts=1700354630; search em ts=1700156180; search em ts=1700049890
- ent_32 (relevância=0.046): add_to_cart em ts=1702939730; view em ts=1702309100; add_to_cart em ts=1702123940; purchase em ts=1700412110
- ent_31 (relevância=0.046): support_ticket em ts=1703089820; support_ticket em ts=1703072000; search em ts=1702418000; support_ticket em ts=1701928250"
cust_518,pesado,support_ticket_count,sem_retrieval,8,,False,malformed,64,Nenhuma informação adicional sobre este cliente está disponível.
cust_518,pesado,support_ticket_count,contexto_completo,8,8,True,correct,7495,"Histórico completo de eventos do cliente cust_518 (103 eventos):
- Evento: interação com ent_28 via search em ts=1703579960 (canal=web)
- Evento: interação com ent_46 via add_to_cart em ts=1703577470 (canal=web)
- Evento: interação com ent_34 via add_to_cart em ts=1703495690 (canal=web)
- Evento: interação com ent_27 via search em ts=1703485250 (canal=app)
- Evento: interação com ent_35 via search em ts=1703476670 (canal=app)
- Evento: interação com ent_31 via search em ts=1703343320 (canal=app)
- Evento: interação com ent_30 via add_to_cart em ts=1703318270 (canal=app)
- Evento: interação com ent_39 via add_to_cart em ts=1703293550 (canal=web)
- Evento: interação com ent_41 via view em ts=1703286800 (canal=web)
- Evento: interação com ent_35 via view em ts=1703269580 (canal=web)
- Evento: interação com ent_28 via view em ts=1703244140 (canal=web)
- Evento: interação com ent_52 via search em ts=1703226050 (canal=web)
- Evento: interação com ent_32 via view em ts=1703215640 (canal=app)
- Evento: interação com ent_19 via search em ts=1703182490 (canal=web)
- Evento: interação com ent_28 via search em ts=1703128130 (canal=app)
- Evento: interação com ent_57 via purchase em ts=1703102240 (canal=app)
- Evento: interação com ent_49 via view em ts=1703029280 (canal=web)
- Evento: interação com ent_19 via view em ts=1703026730 (canal=app)
- Evento: interação com ent_19 via add_to_cart em ts=1703019200 (canal=web)
- Evento: interação com ent_32 via view em ts=1703007350 (canal=web)
- Evento: interação com ent_27 via add_to_cart em ts=1702972580 (canal=web)
- Evento: interação com ent_51 via add_to_cart em ts=1702967480 (canal=app)
- Evento: interação com ent_46 via view em ts=1702956950 (canal=app)
- Evento: interação com ent_46 via support_ticket em ts=1702938410 (canal=web)
- Evento: interação com ent_52 via add_to_cart em ts=1702883300 (canal=web)
- Evento: interação com ent_41 via add_to_cart em ts=1702878530 (canal=app)
- Evento: interação com ent_28 via view em ts=1702865540 (canal=app)
- Evento: interação com ent_51 via search em ts=1702782800 (canal=app)
- Evento: interação com ent_49 via search em ts=1702760330 (canal=web)
- Evento: interação com ent_41 via view em ts=1702723940 (canal=app)
- Evento: interação com ent_39 via view em ts=1702565060 (canal=app)
- Evento: interação com ent_51 via search em ts=1702442510 (canal=web)
- Evento: interação com ent_52 via purchase em ts=1702395890 (canal=app)
- Evento: interação com ent_35 via purchase em ts=1702197500 (canal=app)
- Evento: interação com ent_52 via view em ts=1702126910 (canal=web)
- Evento: interação com ent_52 via search em ts=1702120460 (canal=app)
- Evento: interação com ent_39 via view em ts=1702104320 (canal=web)
- Evento: interação com ent_46 via view em ts=1702103030 (canal=app)
- Evento: interação com ent_51 via add_to_cart em ts=1702086890 (canal=web)
- Evento: interação com ent_52 via support_ticket em ts=1702064090 (canal=app)
- Evento: interação com ent_51 via view em ts=1702011560 (canal=app)
- Evento: interação com ent_28 via search em ts=1702008080 (canal=web)
- Evento: interação com ent_31 via add_to_cart em ts=1701994400 (canal=web)
- Evento: interação com ent_32 via search em ts=1701969440 (canal=app)
- Evento: interação com ent_57 via search em ts=1701904460 (canal=app)
- Evento: interação com ent_57 via view em ts=1701884270 (canal=app)
- Evento: interação com ent_54 via view em ts=1701879470 (canal=web)
- Evento: interação com ent_34 via purchase em ts=1701793730 (canal=web)
- Evento: interação com ent_41 via support_ticket em ts=1701775730 (canal=app)
- Evento: interação com ent_34 via view em ts=1701754040 (canal=web)
- Evento: interação com ent_35 via add_to_cart em ts=1701727070 (canal=web)
- Evento: interação com ent_47 via purchase em ts=1701635420 (canal=web)
- Evento: interação com ent_44 via view em ts=1701527630 (canal=web)
- Evento: interação com ent_41 via add_to_cart em ts=1701456110 (canal=app)
- Evento: interação com ent_52 via view em ts=1701399860 (canal=web)
- Evento: interação com ent_35 via view em ts=1701386150 (canal=web)
- Evento: interação com ent_49 via search em ts=1701363350 (canal=app)
- Evento: interação com ent_32 via support_ticket em ts=1701317420 (canal=web)
- Evento: interação com ent_41 via view em ts=1701314900 (canal=web)
- Evento: interação com ent_41 via support_ticket em ts=1701307730 (canal=web)
- Evento: interação com ent_41 via add_to_cart em ts=1701275180 (canal=web)
- Evento: interação com ent_32 via add_to_cart em ts=1701246140 (canal=app)
- Evento: interação com ent_30 via add_to_cart em ts=1701229100 (canal=app)
- Evento: interação com ent_32 via search em ts=1701138860 (canal=web)
- Evento: interação com ent_28 via view em ts=1701121820 (canal=web)
- Evento: interação com ent_46 via view em ts=1701101990 (canal=web)
- Evento: interação com ent_19 via view em ts=1701027350 (canal=app)
- Evento: interação com ent_31 via search em ts=1701017960 (canal=app)
- Evento: interação com ent_19 via search em ts=1700995520 (canal=web)
- Evento: interação com ent_31 via search em ts=1700956160 (canal=app)
- Evento: interação com ent_57 via purchase em ts=1700921990 (canal=app)
- Evento: interação com ent_27 via view em ts=1700918690 (canal=web)
- Evento: interação com ent_27 via purchase em ts=1700884490 (canal=app)
- Evento: interação com ent_46 via view em ts=1700883860 (canal=app)
- Evento: interação com ent_49 via view em ts=1700876180 (canal=app)
- Evento: interação com ent_53 via support_ticket em ts=1700847080 (canal=app)
- Evento: interação com ent_41 via view em ts=1700838680 (canal=app)
- Evento: interação com ent_28 via purchase em ts=1700837330 (canal=app)
- Evento: interação com ent_10 via view em ts=1700833550 (canal=web)
- Evento: interação com ent_46 via search em ts=1700726330 (canal=web)
- Evento: interação com ent_35 via view em ts=1700711870 (canal=app)
- Evento: interação com ent_41 via support_ticket em ts=1700693240 (canal=app)
- Evento: interação com ent_49 via search em ts=1700637050 (canal=web)
- Evento: interação com ent_28 via purchase em ts=1700630600 (canal=web)
- Evento: interação com ent_41 via add_to_cart em ts=1700603930 (canal=app)
- Evento: interação com ent_34 via view em ts=1700565050 (canal=web)
- Evento: interação com ent_31 via view em ts=1700563940 (canal=app)
- Evento: interação com ent_27 via view em ts=1700508440 (canal=app)
- Evento: interação com ent_28 via add_to_cart em ts=1700443220 (canal=web)
- Evento: interação com ent_34 via add_to_cart em ts=1700437610 (canal=web)
- Evento: interação com ent_31 via add_to_cart em ts=1700431160 (canal=app)
- Evento: interação com ent_34 via view em ts=1700355500 (canal=web)
- Evento: interação com ent_57 via view em ts=1700316560 (canal=web)
- Evento: interação com ent_51 via view em ts=1700301170 (canal=web)
- Evento: interação com ent_27 via search em ts=1700284310 (canal=web)
- Evento: interação com ent_51 via add_to_cart em ts=1700278340 (canal=app)
- Evento: interação com ent_27 via search em ts=1700261120 (canal=app)
- Evento: interação com ent_2 via support_ticket em ts=1700236100 (canal=app)
- Evento: interação com ent_34 via view em ts=1700183030 (canal=app)
- Evento: interação com ent_41 via add_to_cart em ts=1700180300 (canal=app)
- Evento: interação com ent_19 via search em ts=1700130350 (canal=app)
- Evento: interação com ent_46 via add_to_cart em ts=1700094530 (canal=web)
- Evento: interação com ent_52 via view em ts=1700047610 (canal=app)"
cust_518,pesado,support_ticket_count,topk_estatico,8,8,True,correct,292,"## Contexto do cliente: cust_518 (top-3 por frequência)
- ent_41 (12 interações) [add_to_cart, view, support_ticket], último em ts=1703286800
- ent_28 (9 interações) [search, view, purchase], último em ts=1703579960
- ent_52 (8 interações) [view, search, add_to_cart], último em ts=1703226050"
cust_518,pesado,support_ticket_count,hibrido_sob_demanda,8,8,True,correct,542,"## Contexto do cliente: cust_518
Canais com atividade encontrada: 2 (app, web)
Resumo de atividade (103 eventos totais): view: 39, search: 24, add_to_cart: 23, purchase: 9, support_ticket: 8

### Entidades mais relevantes (ranqueadas por PageRank personalizado)
- ent_46 (relevância=0.014): 8 eventos [view, add_to_cart, support_ticket], último em ts=1703577470
- ent_28 (relevância=0.013): 9 eventos [search, view, purchase], último em ts=1703579960
- ent_52 (relevância=0.011): 8 eventos [view, search, add_to_cart], último em ts=1703226050"
cust_518,pesado,support_ticket_count,sessao_memoria,8,8,True,correct,530,"## Contexto do cliente: cust_518 (turno 0)
Resumo de atividade (103 eventos totais): view: 39, search: 24, add_to_cart: 23, purchase: 9, support_ticket: 8

- ent_41 (relevância=0.048): estado mais recente = view em ts=1703286800 (havia também interações anteriores registradas)
- ent_46 (relevância=0.044): estado mais recente = add_to_cart em ts=1703577470 (havia também interações anteriores registradas)
- ent_28 (relevância=0.043): estado mais recente = search em ts=1703579960 (havia também interações anteriores registradas)"
cust_518,pesado,support_ticket_count,sessao_memoria_sem_clash,8,8,True,correct,1018,"## Contexto do cliente: cust_518 (turno 0)
Resumo de atividade (103 eventos totais): view: 39, search: 24, add_to_cart: 23, purchase: 9, support_ticket: 8

- ent_41 (relevância=0.048): view em ts=1703286800; add_to_cart em ts=1702878530; view em ts=1702723940; support_ticket em ts=1701775730; add_to_cart em ts=1701456110; view em ts=1701314900; support_ticket em ts=1701307730; add_to_cart em ts=1701275180; view em ts=1700838680; support_ticket em ts=1700693240; add_to_cart em ts=1700603930; add_to_cart em ts=1700180300
- ent_46 (relevância=0.044): add_to_cart em ts=1703577470; view em ts=1702956950; support_ticket em ts=1702938410; view em ts=1702103030; view em ts=1701101990; view em ts=1700883860; search em ts=1700726330; add_to_cart em ts=1700094530
- ent_28 (relevância=0.043): search em ts=1703579960; view em ts=1703244140; search em ts=1703128130; view em ts=1702865540; search em ts=1702008080; view em ts=1701121820; purchase em ts=1700837330; purchase em ts=1700630600; add_to_cart em ts=1700443220"
cust_7455,pesado,support_ticket_count,sem_retrieval,61,,False,malformed,64,Nenhuma informação adicional sobre este cliente está disponível.
cust_7455,pesado,support_ticket_count,contexto_completo,61,61,True,correct,8695,"Histórico completo de eventos do cliente cust_7455 (120 eventos):
- Evento: interação com ent_14 via view em ts=1703593820 (canal=web)
- Evento: interação com ent_7 via purchase em ts=1703557040 (canal=web)
- Evento: interação com ent_15 via search em ts=1703538830 (canal=web)
- Evento: interação com ent_14 via search em ts=1703530940 (canal=web)
- Evento: interação com ent_14 via view em ts=1703519870 (canal=web)
- Evento: interação com ent_7 via support_ticket em ts=1703510360 (canal=web)
- Evento: interação com ent_2 via search em ts=1703504480 (canal=web)
- Evento: interação com ent_2 via add_to_cart em ts=1703499080 (canal=web)
- Evento: interação com ent_8 via purchase em ts=1703467910 (canal=web)
- Evento: interação com ent_7 via view em ts=1703467040 (canal=web)
- Evento: interação com ent_37 via add_to_cart em ts=1703422970 (canal=web)
- Evento: interação com ent_7 via add_to_cart em ts=1703406410 (canal=web)
- Evento: interação com ent_32 via add_to_cart em ts=1703395790 (canal=web)
- Evento: interação com ent_32 via view em ts=1703387330 (canal=web)
- Evento: interação com ent_41 via view em ts=1703380250 (canal=web)
- Evento: interação com ent_37 via support_ticket em ts=1703361920 (canal=web)
- Evento: interação com ent_42 via purchase em ts=1703309510 (canal=web)
- Evento: interação com ent_41 via purchase em ts=1703307530 (canal=web)
- Evento: interação com ent_32 via add_to_cart em ts=1703288210 (canal=web)
- Evento: interação com ent_8 via add_to_cart em ts=1703285030 (canal=web)
- Evento: interação com ent_15 via add_to_cart em ts=1703279750 (canal=web)
- Evento: interação com ent_15 via view em ts=1703272610 (canal=web)
- Evento: interação com ent_12 via support_ticket em ts=1703260370 (canal=web)
- Evento: interação com ent_46 via add_to_cart em ts=1703258870 (canal=web)
- Evento: interação com ent_41 via view em ts=1703247920 (canal=web)
- Evento: interação com ent_42 via purchase em ts=1703245190 (canal=web)
- Evento: interação com ent_2 via add_to_cart em ts=1703241290 (canal=web)
- Evento: interação com ent_8 via view em ts=1703231990 (canal=web)
- Evento: interação com ent_38 via support_ticket em ts=1703208650 (canal=web)
- Evento: interação com ent_15 via search em ts=1703193470 (canal=web)
- Evento: interação com ent_46 via add_to_cart em ts=1703185460 (canal=web)
- Evento: interação com ent_42 via view em ts=1703184890 (canal=web)
- Evento: interação com ent_42 via view em ts=1703174420 (canal=web)
- Evento: interação com ent_14 via add_to_cart em ts=1703174060 (canal=web)
- Evento: interação com ent_7 via view em ts=1703145530 (canal=web)
- Evento: interação com ent_38 via view em ts=1703119490 (canal=web)
- Evento: interação com ent_46 via view em ts=1703084720 (canal=web)
- Evento: interação com ent_20 via view em ts=1703061470 (canal=web)
- Evento: interação com ent_15 via add_to_cart em ts=1703041430 (canal=web)
- Evento: interação com ent_37 via view em ts=1703024330 (canal=web)
- Evento: interação com ent_7 via view em ts=1703021330 (canal=web)
- Evento: interação com ent_32 via view em ts=1703019320 (canal=web)
- Evento: interação com ent_46 via purchase em ts=1703001200 (canal=web)
- Evento: interação com ent_2 via purchase em ts=1702986800 (canal=web)
- Evento: interação com ent_15 via view em ts=1702976660 (canal=web)
- Evento: interação com ent_7 via view em ts=1702962110 (canal=web)
- Evento: interação com ent_46 via search em ts=1702909370 (canal=web)
- Evento: interação com ent_8 via search em ts=1702899470 (canal=web)
- Evento: interação com ent_41 via search em ts=1702896860 (canal=web)
- Evento: interação com ent_14 via add_to_cart em ts=1702873190 (canal=web)
- Evento: interação com ent_46 via view em ts=1702867250 (canal=web)
- Evento: interação com ent_37 via view em ts=1702862030 (canal=web)
- Evento: interação com ent_50 via add_to_cart em ts=1702855640 (canal=web)
- Evento: interação com ent_27 via view em ts=1702853930 (canal=web)
- Evento: interação com ent_50 via add_to_cart em ts=1702837760 (canal=web)
- Evento: interação com ent_12 via add_to_cart em ts=1702830260 (canal=web)
- Evento: interação com ent_42 via search em ts=1702822190 (canal=web)
- Evento: interação com ent_2 via view em ts=1702791080 (canal=web)
- Evento: interação com ent_32 via search em ts=1702780490 (canal=web)
- Evento: interação com ent_15 via search em ts=1702776050 (canal=web)
- Evento: interação com ent_37 via view em ts=1702769510 (canal=web)
- Evento: interação com ent_28 via purchase em ts=1702747040 (canal=web)
- Evento: interação com ent_8 via view em ts=1702697570 (canal=web)
- Evento: interação com ent_50 via purchase em ts=1702695410 (canal=web)
- Evento: interação com ent_41 via view em ts=1702682870 (canal=web)
- Evento: interação com ent_12 via view em ts=1702671260 (canal=web)
- Evento: interação com ent_12 via search em ts=1702621550 (canal=web)
- Evento: interação com ent_32 via add_to_cart em ts=1702621520 (canal=web)
- Evento: interação com ent_8 via view em ts=1702609310 (canal=web)
- Evento: interação com ent_15 via search em ts=1702588010 (canal=web)
- Evento: interação com ent_37 via add_to_cart em ts=1702586900 (canal=web)
- Evento: interação com ent_38 via view em ts=1702567490 (canal=web)
- Evento: interação com ent_46 via search em ts=1702564850 (canal=web)
- Evento: interação com ent_12 via view em ts=1702531130 (canal=web)
- Evento: interação com ent_10 via add_to_cart em ts=1702517210 (canal=web)
- Evento: interação com ent_15 via search em ts=1702498790 (canal=web)
- Evento: interação com ent_7 via add_to_cart em ts=1702496510 (canal=web)
- Evento: interação com ent_41 via support_ticket em ts=1702481030 (canal=web)
- Evento: interação com ent_12 via add_to_cart em ts=1702472210 (canal=web)
- Evento: interação com ent_42 via view em ts=1702417220 (canal=web)
- Evento: interação com ent_56 via view em ts=1702407260 (canal=web)
- Evento: interação com ent_41 via add_to_cart em ts=1702399730 (canal=web)
- Evento: interação com ent_7 via search em ts=1702388630 (canal=web)
- Evento: interação com ent_37 via view em ts=1702366820 (canal=web)
- Evento: interação com ent_2 via add_to_cart em ts=1702356650 (canal=web)
- Evento: interação com ent_12 via view em ts=1702339640 (canal=web)
- Evento: interação com ent_56 via search em ts=1702303580 (canal=web)
- Evento: interação com ent_32 via search em ts=1702297640 (canal=web)
- Evento: interação com ent_12 via support_ticket em ts=1702294760 (canal=web)
- Evento: interação com ent_14 via search em ts=1702292630 (canal=web)
- Evento: interação com ent_50 via add_to_cart em ts=1702292480 (canal=web)
- Evento: interação com ent_41 via add_to_cart em ts=1702292060 (canal=web)
- Evento: interação com ent_33 via add_to_cart em ts=1702288100 (canal=web)
- Evento: interação com ent_37 via view em ts=1702274600 (canal=web)
- Evento: interação com ent_38 via view em ts=1702264940 (canal=web)
- Evento: interação com ent_38 via add_to_cart em ts=1702256600 (canal=web)
- Evento: interação com ent_14 via add_to_cart em ts=1702221470 (canal=web)
- Evento: interação com ent_14 via support_ticket em ts=1702202570 (canal=web)
- Evento: interação com ent_37 via search em ts=1702193840 (canal=web)
- Evento: interação com ent_20 via view em ts=1702173110 (canal=web)
- Evento: interação com ent_41 via view em ts=1702154480 (canal=web)
- Evento: interação com ent_50 via add_to_cart em ts=1702146230 (canal=web)
- Evento: interação com ent_8 via add_to_cart em ts=1702134230 (canal=web)
- Evento: interação com ent_42 via search em ts=1702128590 (canal=web)
- Evento: interação com ent_2 via search em ts=1702123340 (canal=web)
- Evento: interação com ent_46 via view em ts=1702123100 (canal=web)
- Evento: interação com ent_42 via view em ts=1702113740 (canal=web)
- Evento: interação com ent_17 via view em ts=1702110980 (canal=web)
- Evento: interação com ent_8 via search em ts=1702110920 (canal=web)
- Evento: interação com ent_46 via view em ts=1702098980 (canal=web)
- Evento: interação com ent_15 via search em ts=1702087400 (canal=web)
- Evento: interação com ent_32 via search em ts=1702070960 (canal=web)
- Evento: interação com ent_38 via view em ts=1702067150 (canal=web)
- Evento: interação com ent_38 via add_to_cart em ts=1702066640 (canal=web)
- Evento: interação com ent_37 via search em ts=1702041620 (canal=web)
- Evento: interação com ent_32 via view em ts=1702024610 (canal=web)
- Evento: interação com ent_15 via view em ts=1702011830 (canal=web)
- Evento: interação com ent_15 via view em ts=1702006370 (canal=web)
- Evento: interação com ent_8 via view em ts=1701959480 (canal=web)
- Evento: interação com ent_15 via search em ts=1701944930 (canal=web)"
cust_7455,pesado,support_ticket_count,topk_estatico,61,,False,malformed,286,"## Contexto do cliente: cust_7455 (top-3 por frequência)
- ent_15 (21 interações) [search, view, add_to_cart], último em ts=1703538830
- ent_41 (18 interações) [view, search, purchase], último em ts=1703380250
- ent_8 (17 interações) [view, add_to_cart, search], último em ts=1703467910"
cust_7455,pesado,support_ticket_count,hibrido_sob_demanda,61,,False,malformed,538,"## Contexto do cliente: cust_7455
Canais com atividade encontrada: 1 (web)
Resumo de atividade (234 eventos totais): view: 88, add_to_cart: 55, search: 53, purchase: 21, support_ticket: 17

### Entidades mais relevantes (ranqueadas por PageRank personalizado)
- ent_14 (relevância=0.015): 17 eventos [view, search, add_to_cart], último em ts=1703593820
- ent_37 (relevância=0.013): 16 eventos [view, add_to_cart, search], último em ts=1703422970
- ent_46 (relevância=0.012): 15 eventos [view, search, add_to_cart], último em ts=1703258870"
cust_7455,pesado,support_ticket_count,sessao_memoria,61,,False,malformed,533,"## Contexto do cliente: cust_7455 (turno 0)
Resumo de atividade (234 eventos totais): view: 88, add_to_cart: 55, search: 53, purchase: 21, support_ticket: 17

- ent_14 (relevância=0.050): estado mais recente = view em ts=1703593820 (havia também interações anteriores registradas)
- ent_15 (relevância=0.046): estado mais recente = search em ts=1703538830 (havia também interações anteriores registradas)
- ent_37 (relevância=0.045): estado mais recente = add_to_cart em ts=1703422970 (havia também interações anteriores registradas)"
cust_7455,pesado,support_ticket_count,sessao_memoria_sem_clash,61,61,True,correct,1646,"## Contexto do cliente: cust_7455 (turno 0)
Resumo de atividade (234 eventos totais): view: 88, add_to_cart: 55, search: 53, purchase: 21, support_ticket: 17

- ent_14 (relevância=0.050): view em ts=1703593820; search em ts=1703530940; view em ts=1703519870; add_to_cart em ts=1703174060; add_to_cart em ts=1702873190; search em ts=1702292630; add_to_cart em ts=1702221470; support_ticket em ts=1702202570; search em ts=1701935600; search em ts=1701865970; search em ts=1701827330; search em ts=1701408470; view em ts=1701183560; view em ts=1701154820; view em ts=1700905790; view em ts=1700113790; add_to_cart em ts=1700064080
- ent_15 (relevância=0.046): search em ts=1703538830; add_to_cart em ts=1703279750; view em ts=1703272610; search em ts=1703193470; add_to_cart em ts=1703041430; view em ts=1702976660; search em ts=1702776050; search em ts=1702588010; search em ts=1702498790; search em ts=1702087400; view em ts=1702011830; view em ts=1702006370; search em ts=1701944930; view em ts=1701767060; add_to_cart em ts=1701610880; search em ts=1701561830; support_ticket em ts=1701149810; view em ts=1701078800; add_to_cart em ts=1701020060; view em ts=1700128700; view em ts=1700073830
- ent_37 (relevância=0.045): add_to_cart em ts=1703422970; support_ticket em ts=1703361920; view em ts=1703024330; view em ts=1702862030; view em ts=1702769510; add_to_cart em ts=1702586900; view em ts=1702366820; view em ts=1702274600; search em ts=1702193840; search em ts=1702041620; add_to_cart em ts=1701762350; add_to_cart em ts=1701581270; support_ticket em ts=1701241670; search em ts=1701176120; view em ts=1701032420; purchase em ts=1700965040"
cust_3402,pesado,support_ticket_count,sem_retrieval,63,,False,malformed,64,Nenhuma informação adicional sobre este cliente está disponível.
cust_3402,pesado,support_ticket_count,contexto_completo,63,63,True,correct,8697,"Histórico completo de eventos do cliente cust_3402 (120 eventos):
- Evento: interação com ent_13 via view em ts=1703592590 (canal=web)
- Evento: interação com ent_56 via view em ts=1703590130 (canal=web)
- Evento: interação com ent_32 via view em ts=1703582060 (canal=app)
- Evento: interação com ent_24 via view em ts=1703578280 (canal=app)
- Evento: interação com ent_10 via view em ts=1703571260 (canal=app)
- Evento: interação com ent_13 via view em ts=1703567690 (canal=app)
- Evento: interação com ent_56 via add_to_cart em ts=1703566910 (canal=web)
- Evento: interação com ent_37 via view em ts=1703555720 (canal=web)
- Evento: interação com ent_42 via search em ts=1703546600 (canal=web)
- Evento: interação com ent_4 via purchase em ts=1703546240 (canal=web)
- Evento: interação com ent_7 via add_to_cart em ts=1703539220 (canal=web)
- Evento: interação com ent_32 via add_to_cart em ts=1703536820 (canal=web)
- Evento: interação com ent_35 via purchase em ts=1703534150 (canal=web)
- Evento: interação com ent_35 via view em ts=1703527850 (canal=web)
- Evento: interação com ent_30 via search em ts=1703527550 (canal=web)
- Evento: interação com ent_24 via view em ts=1703525720 (canal=app)
- Evento: interação com ent_13 via view em ts=1703523710 (canal=web)
- Evento: interação com ent_24 via add_to_cart em ts=1703520440 (canal=app)
- Evento: interação com ent_13 via search em ts=1703520410 (canal=web)
- Evento: interação com ent_4 via search em ts=1703519960 (canal=web)
- Evento: interação com ent_13 via view em ts=1703507990 (canal=app)
- Evento: interação com ent_33 via view em ts=1703507780 (canal=web)
- Evento: interação com ent_52 via add_to_cart em ts=1703504450 (canal=app)
- Evento: interação com ent_33 via search em ts=1703501480 (canal=web)
- Evento: interação com ent_32 via view em ts=1703500910 (canal=app)
- Evento: interação com ent_52 via view em ts=1703498660 (canal=web)
- Evento: interação com ent_35 via add_to_cart em ts=1703493470 (canal=app)
- Evento: interação com ent_58 via add_to_cart em ts=1703491820 (canal=web)
- Evento: interação com ent_35 via add_to_cart em ts=1703488760 (canal=web)
- Evento: interação com ent_30 via view em ts=1703486180 (canal=app)
- Evento: interação com ent_24 via search em ts=1703483720 (canal=app)
- Evento: interação com ent_58 via view em ts=1703479220 (canal=web)
- Evento: interação com ent_30 via view em ts=1703466860 (canal=app)
- Evento: interação com ent_56 via search em ts=1703460140 (canal=web)
- Evento: interação com ent_4 via support_ticket em ts=1703456300 (canal=app)
- Evento: interação com ent_4 via view em ts=1703455490 (canal=web)
- Evento: interação com ent_37 via add_to_cart em ts=1703451680 (canal=app)
- Evento: interação com ent_35 via view em ts=1703451320 (canal=app)
- Evento: interação com ent_12 via view em ts=1703451020 (canal=web)
- Evento: interação com ent_4 via search em ts=1703450750 (canal=app)
- Evento: interação com ent_46 via search em ts=1703449100 (canal=app)
- Evento: interação com ent_10 via search em ts=1703447120 (canal=app)
- Evento: interação com ent_24 via add_to_cart em ts=1703445200 (canal=app)
- Evento: interação com ent_42 via search em ts=1703444390 (canal=app)
- Evento: interação com ent_30 via search em ts=1703443760 (canal=app)
- Evento: interação com ent_32 via purchase em ts=1703441390 (canal=web)
- Evento: interação com ent_56 via view em ts=1703432570 (canal=web)
- Evento: interação com ent_30 via view em ts=1703427680 (canal=web)
- Evento: interação com ent_58 via support_ticket em ts=1703425520 (canal=web)
- Evento: interação com ent_4 via add_to_cart em ts=1703421950 (canal=web)
- Evento: interação com ent_10 via search em ts=1703416190 (canal=app)
- Evento: interação com ent_32 via search em ts=1703412770 (canal=web)
- Evento: interação com ent_46 via add_to_cart em ts=1703411420 (canal=web)
- Evento: interação com ent_58 via search em ts=1703408300 (canal=app)
- Evento: interação com ent_24 via add_to_cart em ts=1703406080 (canal=web)
- Evento: interação com ent_35 via add_to_cart em ts=1703399600 (canal=web)
- Evento: interação com ent_52 via add_to_cart em ts=1703389610 (canal=app)
- Evento: interação com ent_10 via view em ts=1703389520 (canal=app)
- Evento: interação com ent_56 via view em ts=1703385950 (canal=app)
- Evento: interação com ent_35 via view em ts=1703383340 (canal=app)
- Evento: interação com ent_32 via add_to_cart em ts=1703378090 (canal=app)
- Evento: interação com ent_11 via purchase em ts=1703370710 (canal=web)
- Evento: interação com ent_4 via view em ts=1703365040 (canal=app)
- Evento: interação com ent_32 via support_ticket em ts=1703352140 (canal=web)
- Evento: interação com ent_24 via add_to_cart em ts=1703348210 (canal=app)
- Evento: interação com ent_24 via purchase em ts=1703336840 (canal=web)
- Evento: interação com ent_24 via view em ts=1703334710 (canal=app)
- Evento: interação com ent_46 via view em ts=1703333690 (canal=app)
- Evento: interação com ent_35 via add_to_cart em ts=1703330150 (canal=web)
- Evento: interação com ent_32 via add_to_cart em ts=1703329430 (canal=app)
- Evento: interação com ent_10 via view em ts=1703321360 (canal=app)
- Evento: interação com ent_58 via view em ts=1703319710 (canal=app)
- Evento: interação com ent_35 via add_to_cart em ts=1703316500 (canal=web)
- Evento: interação com ent_30 via add_to_cart em ts=1703313740 (canal=app)
- Evento: interação com ent_46 via support_ticket em ts=1703313320 (canal=web)
- Evento: interação com ent_37 via view em ts=1703311910 (canal=app)
- Evento: interação com ent_42 via purchase em ts=1703300420 (canal=web)
- Evento: interação com ent_37 via view em ts=1703300270 (canal=app)
- Evento: interação com ent_13 via search em ts=1703280770 (canal=app)
- Evento: interação com ent_24 via add_to_cart em ts=1703278730 (canal=app)
- Evento: interação com ent_58 via add_to_cart em ts=1703274920 (canal=app)
- Evento: interação com ent_30 via view em ts=1703270300 (canal=app)
- Evento: interação com ent_24 via view em ts=1703269670 (canal=app)
- Evento: interação com ent_32 via view em ts=1703267780 (canal=web)
- Evento: interação com ent_48 via search em ts=1703261330 (canal=app)
- Evento: interação com ent_4 via search em ts=1703254970 (canal=app)
- Evento: interação com ent_42 via view em ts=1703253680 (canal=app)
- Evento: interação com ent_58 via add_to_cart em ts=1703244770 (canal=web)
- Evento: interação com ent_10 via add_to_cart em ts=1703243270 (canal=web)
- Evento: interação com ent_32 via add_to_cart em ts=1703239280 (canal=web)
- Evento: interação com ent_39 via purchase em ts=1703227190 (canal=app)
- Evento: interação com ent_4 via support_ticket em ts=1703224820 (canal=app)
- Evento: interação com ent_42 via view em ts=1703222300 (canal=web)
- Evento: interação com ent_29 via search em ts=1703221190 (canal=app)
- Evento: interação com ent_13 via view em ts=1703216030 (canal=web)
- Evento: interação com ent_10 via view em ts=1703213720 (canal=app)
- Evento: interação com ent_58 via search em ts=1703207840 (canal=web)
- Evento: interação com ent_31 via view em ts=1703173100 (canal=app)
- Evento: interação com ent_32 via view em ts=1703155430 (canal=web)
- Evento: interação com ent_48 via view em ts=1703149550 (canal=app)
- Evento: interação com ent_32 via add_to_cart em ts=1703137970 (canal=app)
- Evento: interação com ent_10 via view em ts=1703135420 (canal=web)
- Evento: interação com ent_13 via add_to_cart em ts=1703132000 (canal=web)
- Evento: interação com ent_18 via view em ts=1703130860 (canal=web)
- Evento: interação com ent_37 via view em ts=1703124350 (canal=web)
- Evento: interação com ent_52 via support_ticket em ts=1703119610 (canal=app)
- Evento: interação com ent_17 via view em ts=1703115770 (canal=web)
- Evento: interação com ent_58 via add_to_cart em ts=1703112590 (canal=app)
- Evento: interação com ent_37 via view em ts=1703093300 (canal=app)
- Evento: interação com ent_39 via search em ts=1703090870 (canal=app)
- Evento: interação com ent_13 via view em ts=1703087900 (canal=app)
- Evento: interação com ent_13 via add_to_cart em ts=1703086070 (canal=web)
- Evento: interação com ent_30 via search em ts=1703074700 (canal=app)
- Evento: interação com ent_40 via purchase em ts=1703071520 (canal=app)
- Evento: interação com ent_52 via search em ts=1703070980 (canal=web)
- Evento: interação com ent_52 via view em ts=1703062820 (canal=web)
- Evento: interação com ent_35 via view em ts=1703055860 (canal=app)
- Evento: interação com ent_35 via support_ticket em ts=1703043710 (canal=app)
- Evento: interação com ent_14 via search em ts=1703041310 (canal=web)
- Evento: interação com ent_42 via search em ts=1703025890 (canal=app)"
cust_3402,pesado,support_ticket_count,topk_estatico,63,63,True,correct,290,"## Contexto do cliente: cust_3402 (top-3 por frequência)
- ent_35 (63 interações) [view, add_to_cart, search], último em ts=1703534150
- ent_58 (62 interações) [view, search, add_to_cart], último em ts=1703491820
- ent_37 (59 interações) [view, add_to_cart, search], último em ts=1703555720"
cust_3402,pesado,support_ticket_count,hibrido_sob_demanda,63,63,True,correct,546,"## Contexto do cliente: cust_3402
Canais com atividade encontrada: 2 (app, web)
Resumo de atividade (830 eventos totais): view: 308, search: 201, add_to_cart: 194, purchase: 64, support_ticket: 63

### Entidades mais relevantes (ranqueadas por PageRank personalizado)
- ent_37 (relevância=0.013): 59 eventos [view, add_to_cart, search], último em ts=1703555720
- ent_58 (relevância=0.013): 62 eventos [view, search, add_to_cart], último em ts=1703491820
- ent_46 (relevância=0.012): 44 eventos [search, view, add_to_cart], último em ts=1703449100"
cust_3402,pesado,support_ticket_count,sessao_memoria,63,63,True,correct,534,"## Contexto do cliente: cust_3402 (turno 0)
Resumo de atividade (830 eventos totais): view: 308, search: 201, add_to_cart: 194, purchase: 64, support_ticket: 63

- ent_58 (relevância=0.048): estado mais recente = add_to_cart em ts=1703491820 (havia também interações anteriores registradas)
- ent_37 (relevância=0.048): estado mais recente = view em ts=1703555720 (havia também interações anteriores registradas)
- ent_32 (relevância=0.044): estado mais recente = view em ts=1703582060 (havia também interações anteriores registradas)"
cust_3402,pesado,support_ticket_count,sessao_memoria_sem_clash,63,63,True,correct,5013,"## Contexto do cliente: cust_3402 (turno 0)
Resumo de atividade (830 eventos totais): view: 308, search: 201, add_to_cart: 194, purchase: 64, support_ticket: 63

- ent_58 (relevância=0.048): add_to_cart em ts=1703491820; view em ts=1703479220; support_ticket em ts=1703425520; search em ts=1703408300; view em ts=1703319710; add_to_cart em ts=1703274920; add_to_cart em ts=1703244770; search em ts=1703207840; add_to_cart em ts=1703112590; add_to_cart em ts=1702990100; add_to_cart em ts=1702933250; view em ts=1702837250; view em ts=1702704860; add_to_cart em ts=1702673870; support_ticket em ts=1702531520; support_ticket em ts=1702507880; view em ts=1702486190; add_to_cart em ts=1702472810; view em ts=1702420700; add_to_cart em ts=1702272800; search em ts=1702239470; add_to_cart em ts=1702153640; purchase em ts=1702075910; search em ts=1702072670; view em ts=1702054280; search em ts=1702020770; view em ts=1702016630; search em ts=1701952610; search em ts=1701897440; search em ts=1701882470; add_to_cart em ts=1701855080; support_ticket em ts=1701825710; support_ticket em ts=1701803420; search em ts=1701659420; search em ts=1701579320; add_to_cart em ts=1701539510; search em ts=1701528140; view em ts=1701251210; support_ticket em ts=1701227030; view em ts=1701162260; support_ticket em ts=1701128150; purchase em ts=1701009170; view em ts=1701008510; search em ts=1700997470; view em ts=1700839130; add_to_cart em ts=1700826230; search em ts=1700637200; search em ts=1700633000; view em ts=1700587850; add_to_cart em ts=1700524910; search em ts=1700509340; view em ts=1700477030; support_ticket em ts=1700462840; view em ts=1700419640; search em ts=1700418260; view em ts=1700408720; view em ts=1700359790; search em ts=1700314370; add_to_cart em ts=1700138630; support_ticket em ts=1700102780; view em ts=1700079320; support_ticket em ts=1700031650
- ent_37 (relevância=0.048): view em ts=1703555720; add_to_cart em ts=1703451680; view em ts=1703311910; view em ts=1703300270; view em ts=1703124350; view em ts=1703093300; view em ts=1702968950; view em ts=1702875350; add_to_cart em ts=1702857980; add_to_cart em ts=1702818590; add_to_cart em ts=1702743230; purchase em ts=1702718750; search em ts=1702688540; add_to_cart em ts=1702600580; support_ticket em ts=1702439630; add_to_cart em ts=1702283330; view em ts=1702272500; view em ts=1702196360; search em ts=1702121510; add_to_cart em ts=1702081580; add_to_cart em ts=1702069370; add_to_cart em ts=1702048160; view em ts=1702032650; search em ts=1702017560; search em ts=1701954830; support_ticket em ts=1701945560; view em ts=1701925340; search em ts=1701894710; add_to_cart em ts=1701727100; view em ts=1701709790; support_ticket em ts=1701671600; view em ts=1701579440; add_to_cart em ts=1701537770; purchase em ts=1701412760; view em ts=1701399740; view em ts=1701370250; view em ts=1701332090; purchase em ts=1701313790; search em ts=1701248090; view em ts=1701129740; view em ts=1701086870; add_to_cart em ts=1701075830; view em ts=1701041630; view em ts=1701037640; view em ts=1700882180; purchase em ts=1700855360; add_to_cart em ts=1700798090; add_to_cart em ts=1700662040; support_ticket em ts=1700645900; view em ts=1700547950; search em ts=1700442830; view em ts=1700317580; search em ts=1700281940; view em ts=1700266580; search em ts=1700260100; add_to_cart em ts=1700252240; view em ts=1700124200; add_to_cart em ts=1700063600; support_ticket em ts=1700005010
- ent_32 (relevância=0.044): view em ts=1703582060; add_to_cart em ts=1703536820; view em ts=1703500910; purchase em ts=1703441390; search em ts=1703412770; add_to_cart em ts=1703378090; support_ticket em ts=1703352140; add_to_cart em ts=1703329430; view em ts=1703267780; add_to_cart em ts=1703239280; view em ts=1703155430; add_to_cart em ts=1703137970; view em ts=1702961480; view em ts=1702937810; view em ts=1702684190; add_to_cart em ts=1702609130; view em ts=1702536710; view em ts=1702431920; purchase em ts=1702321730; view em ts=1702295750; purchase em ts=1702233020; search em ts=1702211450; view em ts=1702144190; view em ts=1702129430; view em ts=1702107920; view em ts=1702065920; purchase em ts=1702048940; support_ticket em ts=1701806360; view em ts=1701637400; add_to_cart em ts=1701627830; search em ts=1701527270; view em ts=1701512450; search em ts=1701431810; add_to_cart em ts=1701342860; add_to_cart em ts=1701318230; search em ts=1701312050; view em ts=1701296960; add_to_cart em ts=1701275600; search em ts=1701261560; support_ticket em ts=1701143750; view em ts=1701007460; view em ts=1700987330; support_ticket em ts=1700931980; purchase em ts=1700915060; search em ts=1700817320; search em ts=1700712980; search em ts=1700690630; purchase em ts=1700607230; view em ts=1700517770; view em ts=1700428640; add_to_cart em ts=1700425400; purchase em ts=1700407970; view em ts=1700312030; add_to_cart em ts=1700208470; search em ts=1700200070; search em ts=1700158700; add_to_cart em ts=1700149430; view em ts=1700140580; purchase em ts=1700041040"
cust_9028,pesado,support_ticket_count,sem_retrieval,38,,False,malformed,64,Nenhuma informação adicional sobre este cliente está disponível.
cust_9028,pesado,support_ticket_count,contexto_completo,38,38,True,correct,8709,"Histórico completo de eventos do cliente cust_9028 (120 eventos):
- Evento: interação com ent_12 via view em ts=1703590910 (canal=app)
- Evento: interação com ent_7 via view em ts=1703584460 (canal=app)
- Evento: interação com ent_2 via view em ts=1703578850 (canal=app)
- Evento: interação com ent_37 via view em ts=1703566760 (canal=app)
- Evento: interação com ent_37 via view em ts=1703560850 (canal=app)
- Evento: interação com ent_22 via view em ts=1703508740 (canal=app)
- Evento: interação com ent_7 via add_to_cart em ts=1703505230 (canal=app)
- Evento: interação com ent_37 via search em ts=1703492510 (canal=app)
- Evento: interação com ent_37 via search em ts=1703461160 (canal=web)
- Evento: interação com ent_37 via add_to_cart em ts=1703455700 (canal=app)
- Evento: interação com ent_20 via view em ts=1703445470 (canal=web)
- Evento: interação com ent_37 via search em ts=1703421890 (canal=web)
- Evento: interação com ent_2 via view em ts=1703416550 (canal=web)
- Evento: interação com ent_53 via add_to_cart em ts=1703413820 (canal=app)
- Evento: interação com ent_42 via add_to_cart em ts=1703409560 (canal=app)
- Evento: interação com ent_37 via view em ts=1703407610 (canal=web)
- Evento: interação com ent_38 via view em ts=1703406200 (canal=web)
- Evento: interação com ent_38 via view em ts=1703391110 (canal=app)
- Evento: interação com ent_12 via view em ts=1703372120 (canal=app)
- Evento: interação com ent_50 via view em ts=1703366150 (canal=web)
- Evento: interação com ent_46 via search em ts=1703341430 (canal=web)
- Evento: interação com ent_14 via search em ts=1703326010 (canal=web)
- Evento: interação com ent_7 via search em ts=1703297750 (canal=app)
- Evento: interação com ent_12 via search em ts=1703289290 (canal=web)
- Evento: interação com ent_50 via view em ts=1703272550 (canal=web)
- Evento: interação com ent_8 via purchase em ts=1703267630 (canal=web)
- Evento: interação com ent_46 via add_to_cart em ts=1703221250 (canal=app)
- Evento: interação com ent_46 via add_to_cart em ts=1703214920 (canal=web)
- Evento: interação com ent_12 via purchase em ts=1703187020 (canal=web)
- Evento: interação com ent_12 via search em ts=1703166950 (canal=app)
- Evento: interação com ent_46 via support_ticket em ts=1703121620 (canal=web)
- Evento: interação com ent_19 via search em ts=1703119250 (canal=web)
- Evento: interação com ent_32 via view em ts=1703100710 (canal=web)
- Evento: interação com ent_42 via add_to_cart em ts=1703069990 (canal=web)
- Evento: interação com ent_2 via support_ticket em ts=1703061830 (canal=web)
- Evento: interação com ent_2 via add_to_cart em ts=1703048420 (canal=web)
- Evento: interação com ent_38 via view em ts=1703039030 (canal=web)
- Evento: interação com ent_37 via add_to_cart em ts=1703016530 (canal=web)
- Evento: interação com ent_7 via support_ticket em ts=1703012030 (canal=web)
- Evento: interação com ent_50 via support_ticket em ts=1702996310 (canal=web)
- Evento: interação com ent_32 via view em ts=1702973210 (canal=web)
- Evento: interação com ent_57 via view em ts=1702931720 (canal=web)
- Evento: interação com ent_24 via view em ts=1702919750 (canal=web)
- Evento: interação com ent_42 via add_to_cart em ts=1702919330 (canal=web)
- Evento: interação com ent_41 via support_ticket em ts=1702910810 (canal=web)
- Evento: interação com ent_2 via search em ts=1702875080 (canal=web)
- Evento: interação com ent_2 via view em ts=1702859870 (canal=app)
- Evento: interação com ent_2 via search em ts=1702859810 (canal=app)
- Evento: interação com ent_2 via purchase em ts=1702829990 (canal=web)
- Evento: interação com ent_37 via view em ts=1702815560 (canal=app)
- Evento: interação com ent_50 via view em ts=1702786190 (canal=app)
- Evento: interação com ent_19 via purchase em ts=1702750790 (canal=app)
- Evento: interação com ent_50 via search em ts=1702727840 (canal=web)
- Evento: interação com ent_38 via support_ticket em ts=1702715510 (canal=app)
- Evento: interação com ent_7 via purchase em ts=1702714940 (canal=app)
- Evento: interação com ent_37 via purchase em ts=1702713560 (canal=app)
- Evento: interação com ent_15 via search em ts=1702700690 (canal=app)
- Evento: interação com ent_12 via search em ts=1702674320 (canal=web)
- Evento: interação com ent_8 via view em ts=1702666940 (canal=web)
- Evento: interação com ent_46 via support_ticket em ts=1702637060 (canal=app)
- Evento: interação com ent_12 via support_ticket em ts=1702608080 (canal=app)
- Evento: interação com ent_14 via view em ts=1702602080 (canal=web)
- Evento: interação com ent_46 via view em ts=1702591190 (canal=web)
- Evento: interação com ent_42 via support_ticket em ts=1702578230 (canal=web)
- Evento: interação com ent_2 via view em ts=1702541330 (canal=app)
- Evento: interação com ent_50 via purchase em ts=1702528850 (canal=app)
- Evento: interação com ent_46 via view em ts=1702521470 (canal=app)
- Evento: interação com ent_46 via view em ts=1702515770 (canal=app)
- Evento: interação com ent_20 via view em ts=1702493810 (canal=app)
- Evento: interação com ent_29 via support_ticket em ts=1702462760 (canal=app)
- Evento: interação com ent_37 via purchase em ts=1702449260 (canal=app)
- Evento: interação com ent_37 via add_to_cart em ts=1702435100 (canal=web)
- Evento: interação com ent_12 via add_to_cart em ts=1702419680 (canal=web)
- Evento: interação com ent_7 via view em ts=1702406780 (canal=app)
- Evento: interação com ent_12 via view em ts=1702405400 (canal=app)
- Evento: interação com ent_50 via search em ts=1702392800 (canal=app)
- Evento: interação com ent_41 via add_to_cart em ts=1702389050 (canal=web)
- Evento: interação com ent_25 via view em ts=1702338800 (canal=web)
- Evento: interação com ent_32 via purchase em ts=1702320620 (canal=app)
- Evento: interação com ent_42 via view em ts=1702319840 (canal=app)
- Evento: interação com ent_46 via view em ts=1702294580 (canal=app)
- Evento: interação com ent_42 via search em ts=1702285850 (canal=app)
- Evento: interação com ent_37 via search em ts=1702266860 (canal=web)
- Evento: interação com ent_50 via view em ts=1702259630 (canal=app)
- Evento: interação com ent_12 via purchase em ts=1702244270 (canal=app)
- Evento: interação com ent_46 via view em ts=1702242770 (canal=app)
- Evento: interação com ent_41 via support_ticket em ts=1702237700 (canal=app)
- Evento: interação com ent_20 via search em ts=1702237010 (canal=web)
- Evento: interação com ent_37 via add_to_cart em ts=1702141190 (canal=web)
- Evento: interação com ent_19 via add_to_cart em ts=1702140560 (canal=web)
- Evento: interação com ent_32 via add_to_cart em ts=1702133150 (canal=app)
- Evento: interação com ent_7 via support_ticket em ts=1702118780 (canal=web)
- Evento: interação com ent_8 via search em ts=1702104860 (canal=app)
- Evento: interação com ent_15 via search em ts=1702099760 (canal=web)
- Evento: interação com ent_22 via add_to_cart em ts=1702089230 (canal=app)
- Evento: interação com ent_51 via search em ts=1702072700 (canal=app)
- Evento: interação com ent_35 via purchase em ts=1702070780 (canal=web)
- Evento: interação com ent_12 via view em ts=1702022690 (canal=app)
- Evento: interação com ent_18 via view em ts=1702020620 (canal=app)
- Evento: interação com ent_12 via purchase em ts=1701993830 (canal=web)
- Evento: interação com ent_50 via view em ts=1701983510 (canal=app)
- Evento: interação com ent_12 via add_to_cart em ts=1701955730 (canal=app)
- Evento: interação com ent_7 via add_to_cart em ts=1701954290 (canal=web)
- Evento: interação com ent_32 via view em ts=1701946940 (canal=web)
- Evento: interação com ent_50 via add_to_cart em ts=1701940250 (canal=web)
- Evento: interação com ent_42 via add_to_cart em ts=1701929390 (canal=web)
- Evento: interação com ent_2 via support_ticket em ts=1701923780 (canal=app)
- Evento: interação com ent_2 via view em ts=1701916310 (canal=app)
- Evento: interação com ent_50 via purchase em ts=1701913940 (canal=web)
- Evento: interação com ent_12 via view em ts=1701907970 (canal=web)
- Evento: interação com ent_42 via search em ts=1701907490 (canal=app)
- Evento: interação com ent_38 via add_to_cart em ts=1701899210 (canal=web)
- Evento: interação com ent_37 via view em ts=1701893150 (canal=web)
- Evento: interação com ent_32 via add_to_cart em ts=1701887810 (canal=app)
- Evento: interação com ent_14 via view em ts=1701874130 (canal=app)
- Evento: interação com ent_7 via search em ts=1701779450 (canal=web)
- Evento: interação com ent_2 via view em ts=1701761090 (canal=web)
- Evento: interação com ent_2 via view em ts=1701760670 (canal=web)
- Evento: interação com ent_7 via search em ts=1701752900 (canal=app)
- Evento: interação com ent_7 via view em ts=1701750380 (canal=app)"
cust_9028,pesado,support_ticket_count,topk_estatico,38,,False,malformed,292,"## Contexto do cliente: cust_9028 (top-3 por frequência)
- ent_37 (23 interações) [view, add_to_cart, search], último em ts=1703566760
- ent_46 (20 interações) [view, add_to_cart, search], último em ts=1703341430
- ent_2 (20 interações) [view, support_ticket, search], último em ts=1703578850"
cust_9028,pesado,support_ticket_count,hibrido_sob_demanda,38,,False,malformed,540,"## Contexto do cliente: cust_9028
Canais com atividade encontrada: 2 (app, web)
Resumo de atividade (236 eventos totais): view: 85, search: 52, add_to_cart: 45, support_ticket: 29, purchase: 25

### Entidades mais relevantes (ranqueadas por PageRank personalizado)
- ent_37 (relevância=0.016): 23 eventos [view, add_to_cart, search], último em ts=1703566760
- ent_14 (relevância=0.013): 13 eventos [search, purchase, view], último em ts=1703326010
- ent_46 (relevância=0.013): 20 eventos [view, add_to_cart, search], último em ts=1703341430"
cust_9028,pesado,support_ticket_count,sessao_memoria,38,,False,malformed,526,"## Contexto do cliente: cust_9028 (turno 0)
Resumo de atividade (236 eventos totais): view: 85, search: 52, add_to_cart: 45, support_ticket: 29, purchase: 25

- ent_37 (relevância=0.054): estado mais recente = view em ts=1703566760 (havia também interações anteriores registradas)
- ent_46 (relevância=0.043): estado mais recente = search em ts=1703341430 (havia também interações anteriores registradas)
- ent_50 (relevância=0.040): estado mais recente = view em ts=1703366150 (havia também interações anteriores registradas)"
cust_9028,pesado,support_ticket_count,sessao_memoria_sem_clash,38,38,True,correct,1873,"## Contexto do cliente: cust_9028 (turno 0)
Resumo de atividade (236 eventos totais): view: 85, search: 52, add_to_cart: 45, support_ticket: 29, purchase: 25

- ent_37 (relevância=0.054): view em ts=1703566760; view em ts=1703560850; search em ts=1703492510; search em ts=1703461160; add_to_cart em ts=1703455700; search em ts=1703421890; view em ts=1703407610; add_to_cart em ts=1703016530; view em ts=1702815560; purchase em ts=1702713560; purchase em ts=1702449260; add_to_cart em ts=1702435100; search em ts=1702266860; add_to_cart em ts=1702141190; view em ts=1701893150; add_to_cart em ts=1701749150; search em ts=1701701180; search em ts=1701058010; view em ts=1701024140; view em ts=1700402900; view em ts=1700329310; add_to_cart em ts=1700321270; add_to_cart em ts=1700034110
- ent_46 (relevância=0.043): search em ts=1703341430; add_to_cart em ts=1703221250; add_to_cart em ts=1703214920; support_ticket em ts=1703121620; support_ticket em ts=1702637060; view em ts=1702591190; view em ts=1702521470; view em ts=1702515770; view em ts=1702294580; view em ts=1702242770; search em ts=1701537980; view em ts=1701480380; view em ts=1701192740; view em ts=1701046910; support_ticket em ts=1700914520; view em ts=1700639330; purchase em ts=1700369870; add_to_cart em ts=1700300450; add_to_cart em ts=1700175080; search em ts=1700004740
- ent_50 (relevância=0.040): view em ts=1703366150; view em ts=1703272550; support_ticket em ts=1702996310; view em ts=1702786190; search em ts=1702727840; purchase em ts=1702528850; search em ts=1702392800; view em ts=1702259630; view em ts=1701983510; add_to_cart em ts=1701940250; purchase em ts=1701913940; support_ticket em ts=1701669860; view em ts=1701515180; view em ts=1701413330; search em ts=1700944550; search em ts=1700656970; search em ts=1700533730; view em ts=1700445530; view em ts=1700415200; view em ts=1700400260"
cust_475,pesado,support_ticket_count,sem_retrieval,12,,False,malformed,64,Nenhuma informação adicional sobre este cliente está disponível.
cust_475,pesado,support_ticket_count,contexto_completo,12,12,True,correct,8749,"Histórico completo de eventos do cliente cust_475 (120 eventos):
- Evento: interação com ent_50 via view em ts=1703585390 (canal=web)
- Evento: interação com ent_40 via add_to_cart em ts=1703492570 (canal=app)
- Evento: interação com ent_43 via view em ts=1703477780 (canal=app)
- Evento: interação com ent_45 via add_to_cart em ts=1703437310 (canal=app)
- Evento: interação com ent_30 via view em ts=1703368820 (canal=app)
- Evento: interação com ent_34 via view em ts=1703357240 (canal=web)
- Evento: interação com ent_34 via purchase em ts=1703355650 (canal=app)
- Evento: interação com ent_14 via search em ts=1703354930 (canal=web)
- Evento: interação com ent_41 via add_to_cart em ts=1703346470 (canal=app)
- Evento: interação com ent_30 via view em ts=1703313890 (canal=web)
- Evento: interação com ent_41 via add_to_cart em ts=1703273480 (canal=web)
- Evento: interação com ent_54 via search em ts=1703262740 (canal=app)
- Evento: interação com ent_27 via support_ticket em ts=1703234300 (canal=web)
- Evento: interação com ent_50 via view em ts=1703175680 (canal=web)
- Evento: interação com ent_43 via support_ticket em ts=1703122040 (canal=app)
- Evento: interação com ent_51 via add_to_cart em ts=1703121260 (canal=app)
- Evento: interação com ent_44 via add_to_cart em ts=1703109380 (canal=web)
- Evento: interação com ent_48 via search em ts=1703084360 (canal=app)
- Evento: interação com ent_45 via support_ticket em ts=1703028860 (canal=web)
- Evento: interação com ent_55 via view em ts=1703017880 (canal=app)
- Evento: interação com ent_8 via view em ts=1703000000 (canal=web)
- Evento: interação com ent_43 via add_to_cart em ts=1702970060 (canal=app)
- Evento: interação com ent_34 via view em ts=1702935500 (canal=web)
- Evento: interação com ent_14 via view em ts=1702928150 (canal=app)
- Evento: interação com ent_12 via view em ts=1702919840 (canal=app)
- Evento: interação com ent_40 via add_to_cart em ts=1702868690 (canal=web)
- Evento: interação com ent_15 via add_to_cart em ts=1702859000 (canal=app)
- Evento: interação com ent_30 via search em ts=1702858010 (canal=app)
- Evento: interação com ent_12 via add_to_cart em ts=1702848170 (canal=web)
- Evento: interação com ent_45 via view em ts=1702833110 (canal=web)
- Evento: interação com ent_46 via search em ts=1702829240 (canal=app)
- Evento: interação com ent_45 via view em ts=1702787240 (canal=app)
- Evento: interação com ent_40 via view em ts=1702774670 (canal=app)
- Evento: interação com ent_12 via view em ts=1702751930 (canal=app)
- Evento: interação com ent_48 via support_ticket em ts=1702649600 (canal=app)
- Evento: interação com ent_43 via search em ts=1702581350 (canal=web)
- Evento: interação com ent_45 via add_to_cart em ts=1702564100 (canal=web)
- Evento: interação com ent_35 via add_to_cart em ts=1702532600 (canal=app)
- Evento: interação com ent_41 via search em ts=1702431020 (canal=app)
- Evento: interação com ent_14 via add_to_cart em ts=1702413740 (canal=web)
- Evento: interação com ent_40 via add_to_cart em ts=1702407590 (canal=web)
- Evento: interação com ent_45 via search em ts=1702385600 (canal=app)
- Evento: interação com ent_45 via support_ticket em ts=1702359110 (canal=web)
- Evento: interação com ent_45 via add_to_cart em ts=1702339310 (canal=app)
- Evento: interação com ent_30 via add_to_cart em ts=1702315250 (canal=web)
- Evento: interação com ent_48 via view em ts=1702307030 (canal=web)
- Evento: interação com ent_50 via add_to_cart em ts=1702300520 (canal=app)
- Evento: interação com ent_40 via search em ts=1702233680 (canal=web)
- Evento: interação com ent_41 via search em ts=1702194980 (canal=web)
- Evento: interação com ent_42 via add_to_cart em ts=1702192730 (canal=app)
- Evento: interação com ent_40 via add_to_cart em ts=1702184690 (canal=web)
- Evento: interação com ent_35 via search em ts=1702178870 (canal=web)
- Evento: interação com ent_55 via add_to_cart em ts=1702151690 (canal=app)
- Evento: interação com ent_48 via add_to_cart em ts=1702139960 (canal=web)
- Evento: interação com ent_15 via view em ts=1702134950 (canal=app)
- Evento: interação com ent_48 via view em ts=1702121480 (canal=web)
- Evento: interação com ent_55 via view em ts=1702117760 (canal=app)
- Evento: interação com ent_40 via search em ts=1702111700 (canal=web)
- Evento: interação com ent_55 via purchase em ts=1702068020 (canal=app)
- Evento: interação com ent_5 via support_ticket em ts=1701982520 (canal=web)
- Evento: interação com ent_41 via view em ts=1701915890 (canal=app)
- Evento: interação com ent_48 via view em ts=1701891920 (canal=app)
- Evento: interação com ent_30 via view em ts=1701889490 (canal=app)
- Evento: interação com ent_48 via view em ts=1701871130 (canal=web)
- Evento: interação com ent_15 via add_to_cart em ts=1701840770 (canal=app)
- Evento: interação com ent_33 via search em ts=1701807470 (canal=app)
- Evento: interação com ent_20 via purchase em ts=1701763400 (canal=app)
- Evento: interação com ent_40 via view em ts=1701734270 (canal=app)
- Evento: interação com ent_12 via view em ts=1701726740 (canal=app)
- Evento: interação com ent_41 via view em ts=1701669830 (canal=web)
- Evento: interação com ent_30 via purchase em ts=1701664580 (canal=web)
- Evento: interação com ent_15 via search em ts=1701656930 (canal=web)
- Evento: interação com ent_50 via view em ts=1701652820 (canal=web)
- Evento: interação com ent_14 via purchase em ts=1701640250 (canal=web)
- Evento: interação com ent_48 via view em ts=1701636650 (canal=app)
- Evento: interação com ent_30 via add_to_cart em ts=1701615080 (canal=web)
- Evento: interação com ent_12 via search em ts=1701567740 (canal=web)
- Evento: interação com ent_30 via view em ts=1701538010 (canal=web)
- Evento: interação com ent_12 via purchase em ts=1701494690 (canal=app)
- Evento: interação com ent_42 via purchase em ts=1701493700 (canal=web)
- Evento: interação com ent_48 via view em ts=1701493520 (canal=web)
- Evento: interação com ent_30 via add_to_cart em ts=1701463790 (canal=web)
- Evento: interação com ent_34 via add_to_cart em ts=1701395900 (canal=app)
- Evento: interação com ent_12 via view em ts=1701378500 (canal=web)
- Evento: interação com ent_45 via view em ts=1701344780 (canal=web)
- Evento: interação com ent_55 via view em ts=1701325790 (canal=web)
- Evento: interação com ent_43 via search em ts=1701317810 (canal=app)
- Evento: interação com ent_55 via add_to_cart em ts=1701305570 (canal=app)
- Evento: interação com ent_48 via view em ts=1701231170 (canal=app)
- Evento: interação com ent_12 via view em ts=1701218150 (canal=web)
- Evento: interação com ent_18 via support_ticket em ts=1701196880 (canal=web)
- Evento: interação com ent_40 via support_ticket em ts=1701193640 (canal=web)
- Evento: interação com ent_51 via view em ts=1701135650 (canal=web)
- Evento: interação com ent_15 via view em ts=1701134960 (canal=app)
- Evento: interação com ent_12 via view em ts=1701064910 (canal=web)
- Evento: interação com ent_40 via search em ts=1701036920 (canal=app)
- Evento: interação com ent_42 via view em ts=1701029780 (canal=web)
- Evento: interação com ent_41 via view em ts=1700974280 (canal=web)
- Evento: interação com ent_16 via view em ts=1700952140 (canal=app)
- Evento: interação com ent_45 via add_to_cart em ts=1700938940 (canal=app)
- Evento: interação com ent_34 via add_to_cart em ts=1700913590 (canal=web)
- Evento: interação com ent_15 via view em ts=1700899370 (canal=app)
- Evento: interação com ent_12 via search em ts=1700892230 (canal=app)
- Evento: interação com ent_45 via add_to_cart em ts=1700870720 (canal=app)
- Evento: interação com ent_43 via search em ts=1700848370 (canal=app)
- Evento: interação com ent_55 via search em ts=1700847890 (canal=web)
- Evento: interação com ent_40 via add_to_cart em ts=1700785010 (canal=app)
- Evento: interação com ent_15 via support_ticket em ts=1700750030 (canal=web)
- Evento: interação com ent_34 via view em ts=1700717360 (canal=app)
- Evento: interação com ent_15 via search em ts=1700622500 (canal=app)
- Evento: interação com ent_40 via view em ts=1700606450 (canal=web)
- Evento: interação com ent_30 via add_to_cart em ts=1700606150 (canal=web)
- Evento: interação com ent_31 via add_to_cart em ts=1700577590 (canal=web)
- Evento: interação com ent_41 via add_to_cart em ts=1700531810 (canal=app)
- Evento: interação com ent_33 via view em ts=1700498330 (canal=app)
- Evento: interação com ent_59 via add_to_cart em ts=1700476940 (canal=web)
- Evento: interação com ent_55 via search em ts=1700418020 (canal=app)
- Evento: interação com ent_34 via add_to_cart em ts=1700346110 (canal=web)
- Evento: interação com ent_12 via view em ts=1700320370 (canal=web)
- Evento: interação com ent_55 via view em ts=1700194460 (canal=app)"
cust_475,pesado,support_ticket_count,topk_estatico,12,12,True,correct,289,"## Contexto do cliente: cust_475 (top-3 por frequência)
- ent_40 (13 interações) [add_to_cart, search, view], último em ts=1703492570
- ent_12 (12 interações) [view, add_to_cart, search], último em ts=1702919840
- ent_30 (11 interações) [add_to_cart, view, search], último em ts=1703368820"
cust_475,pesado,support_ticket_count,hibrido_sob_demanda,12,12,True,correct,539,"## Contexto do cliente: cust_475
Canais com atividade encontrada: 2 (app, web)
Resumo de atividade (125 eventos totais): view: 48, add_to_cart: 37, search: 24, support_ticket: 9, purchase: 7

### Entidades mais relevantes (ranqueadas por PageRank personalizado)
- ent_14 (relevância=0.014): 4 eventos [search, view, add_to_cart], último em ts=1703354930
- ent_30 (relevância=0.013): 11 eventos [add_to_cart, view, search], último em ts=1703368820
- ent_40 (relevância=0.010): 13 eventos [add_to_cart, search, view], último em ts=1703492570"
cust_475,pesado,support_ticket_count,sessao_memoria,12,12,True,correct,528,"## Contexto do cliente: cust_475 (turno 0)
Resumo de atividade (125 eventos totais): view: 48, add_to_cart: 37, search: 24, support_ticket: 9, purchase: 7

- ent_30 (relevância=0.045): estado mais recente = view em ts=1703368820 (havia também interações anteriores registradas)
- ent_40 (relevância=0.042): estado mais recente = add_to_cart em ts=1703492570 (havia também interações anteriores registradas)
- ent_12 (relevância=0.041): estado mais recente = view em ts=1702919840 (havia também interações anteriores registradas)"
cust_475,pesado,support_ticket_count,sessao_memoria_sem_clash,12,12,True,correct,1183,"## Contexto do cliente: cust_475 (turno 0)
Resumo de atividade (125 eventos totais): view: 48, add_to_cart: 37, search: 24, support_ticket: 9, purchase: 7

- ent_30 (relevância=0.045): view em ts=1703368820; view em ts=1703313890; search em ts=1702858010; add_to_cart em ts=1702315250; view em ts=1701889490; purchase em ts=1701664580; add_to_cart em ts=1701615080; view em ts=1701538010; add_to_cart em ts=1701463790; add_to_cart em ts=1700606150; add_to_cart em ts=1700117780
- ent_40 (relevância=0.042): add_to_cart em ts=1703492570; add_to_cart em ts=1702868690; view em ts=1702774670; add_to_cart em ts=1702407590; search em ts=1702233680; add_to_cart em ts=1702184690; search em ts=1702111700; view em ts=1701734270; support_ticket em ts=1701193640; search em ts=1701036920; add_to_cart em ts=1700785010; view em ts=1700606450; search em ts=1700177900
- ent_12 (relevância=0.041): view em ts=1702919840; add_to_cart em ts=1702848170; view em ts=1702751930; view em ts=1701726740; search em ts=1701567740; purchase em ts=1701494690; view em ts=1701378500; view em ts=1701218150; view em ts=1701064910; search em ts=1700892230; view em ts=1700320370; add_to_cart em ts=1700067980"
cust_4033,pesado,support_ticket_count,sem_retrieval,12,,False,malformed,64,Nenhuma informação adicional sobre este cliente está disponível.
cust_4033,pesado,support_ticket_count,contexto_completo,12,12,True,correct,6472,"Histórico completo de eventos do cliente cust_4033 (89 eventos):
- Evento: interação com ent_14 via view em ts=1703589980 (canal=web)
- Evento: interação com ent_50 via search em ts=1703555690 (canal=web)
- Evento: interação com ent_58 via add_to_cart em ts=1703442980 (canal=web)
- Evento: interação com ent_14 via purchase em ts=1703399450 (canal=web)
- Evento: interação com ent_37 via purchase em ts=1703333240 (canal=web)
- Evento: interação com ent_10 via view em ts=1703309090 (canal=web)
- Evento: interação com ent_29 via support_ticket em ts=1703293610 (canal=web)
- Evento: interação com ent_52 via view em ts=1703286170 (canal=web)
- Evento: interação com ent_28 via search em ts=1703242190 (canal=web)
- Evento: interação com ent_9 via view em ts=1703226290 (canal=web)
- Evento: interação com ent_9 via search em ts=1703171840 (canal=web)
- Evento: interação com ent_50 via add_to_cart em ts=1703154020 (canal=web)
- Evento: interação com ent_6 via search em ts=1703132780 (canal=web)
- Evento: interação com ent_33 via add_to_cart em ts=1703129780 (canal=web)
- Evento: interação com ent_58 via search em ts=1703121110 (canal=web)
- Evento: interação com ent_8 via add_to_cart em ts=1703099300 (canal=web)
- Evento: interação com ent_8 via search em ts=1703089160 (canal=web)
- Evento: interação com ent_33 via view em ts=1703069240 (canal=web)
- Evento: interação com ent_50 via view em ts=1703058740 (canal=web)
- Evento: interação com ent_59 via add_to_cart em ts=1703023010 (canal=web)
- Evento: interação com ent_8 via view em ts=1703010920 (canal=web)
- Evento: interação com ent_6 via add_to_cart em ts=1702977800 (canal=web)
- Evento: interação com ent_50 via add_to_cart em ts=1702909790 (canal=web)
- Evento: interação com ent_29 via purchase em ts=1702828160 (canal=web)
- Evento: interação com ent_41 via search em ts=1702827950 (canal=web)
- Evento: interação com ent_8 via search em ts=1702775210 (canal=web)
- Evento: interação com ent_50 via add_to_cart em ts=1702741490 (canal=web)
- Evento: interação com ent_58 via add_to_cart em ts=1702679330 (canal=web)
- Evento: interação com ent_21 via view em ts=1702595570 (canal=web)
- Evento: interação com ent_9 via search em ts=1702577690 (canal=web)
- Evento: interação com ent_58 via view em ts=1702502570 (canal=web)
- Evento: interação com ent_22 via support_ticket em ts=1702495850 (canal=web)
- Evento: interação com ent_13 via search em ts=1702479110 (canal=web)
- Evento: interação com ent_36 via view em ts=1702468670 (canal=web)
- Evento: interação com ent_22 via view em ts=1702397660 (canal=web)
- Evento: interação com ent_58 via view em ts=1702374740 (canal=web)
- Evento: interação com ent_58 via add_to_cart em ts=1702353170 (canal=web)
- Evento: interação com ent_20 via search em ts=1702317080 (canal=web)
- Evento: interação com ent_49 via support_ticket em ts=1702289390 (canal=web)
- Evento: interação com ent_56 via view em ts=1702238150 (canal=web)
- Evento: interação com ent_10 via add_to_cart em ts=1702219700 (canal=web)
- Evento: interação com ent_41 via add_to_cart em ts=1702202930 (canal=web)
- Evento: interação com ent_9 via add_to_cart em ts=1702168310 (canal=web)
- Evento: interação com ent_33 via view em ts=1702099010 (canal=web)
- Evento: interação com ent_9 via add_to_cart em ts=1701929600 (canal=web)
- Evento: interação com ent_50 via search em ts=1701928010 (canal=web)
- Evento: interação com ent_25 via add_to_cart em ts=1701838100 (canal=web)
- Evento: interação com ent_9 via search em ts=1701801230 (canal=web)
- Evento: interação com ent_59 via add_to_cart em ts=1701772100 (canal=web)
- Evento: interação com ent_43 via view em ts=1701745550 (canal=web)
- Evento: interação com ent_37 via search em ts=1701616550 (canal=web)
- Evento: interação com ent_58 via purchase em ts=1701602930 (canal=web)
- Evento: interação com ent_37 via view em ts=1701584930 (canal=web)
- Evento: interação com ent_50 via search em ts=1701524150 (canal=web)
- Evento: interação com ent_41 via view em ts=1701502910 (canal=web)
- Evento: interação com ent_9 via add_to_cart em ts=1701496640 (canal=web)
- Evento: interação com ent_37 via purchase em ts=1701487910 (canal=web)
- Evento: interação com ent_29 via view em ts=1701481130 (canal=web)
- Evento: interação com ent_29 via search em ts=1701468740 (canal=web)
- Evento: interação com ent_6 via view em ts=1701416780 (canal=web)
- Evento: interação com ent_10 via support_ticket em ts=1701373790 (canal=web)
- Evento: interação com ent_14 via view em ts=1701329480 (canal=web)
- Evento: interação com ent_59 via view em ts=1701278810 (canal=web)
- Evento: interação com ent_32 via add_to_cart em ts=1701253130 (canal=web)
- Evento: interação com ent_6 via search em ts=1701251000 (canal=web)
- Evento: interação com ent_37 via view em ts=1701177170 (canal=web)
- Evento: interação com ent_11 via add_to_cart em ts=1701123530 (canal=web)
- Evento: interação com ent_39 via view em ts=1701093650 (canal=web)
- Evento: interação com ent_9 via view em ts=1701066980 (canal=web)
- Evento: interação com ent_41 via purchase em ts=1701055400 (canal=web)
- Evento: interação com ent_6 via search em ts=1701006530 (canal=web)
- Evento: interação com ent_59 via add_to_cart em ts=1700995880 (canal=web)
- Evento: interação com ent_59 via purchase em ts=1700990510 (canal=web)
- Evento: interação com ent_21 via view em ts=1700986250 (canal=web)
- Evento: interação com ent_37 via purchase em ts=1700923460 (canal=web)
- Evento: interação com ent_22 via search em ts=1700790980 (canal=web)
- Evento: interação com ent_29 via search em ts=1700770820 (canal=web)
- Evento: interação com ent_33 via view em ts=1700692280 (canal=web)
- Evento: interação com ent_6 via add_to_cart em ts=1700680700 (canal=web)
- Evento: interação com ent_21 via view em ts=1700489750 (canal=web)
- Evento: interação com ent_41 via search em ts=1700460200 (canal=web)
- Evento: interação com ent_59 via view em ts=1700441150 (canal=web)
- Evento: interação com ent_6 via support_ticket em ts=1700439710 (canal=web)
- Evento: interação com ent_9 via view em ts=1700375000 (canal=web)
- Evento: interação com ent_37 via view em ts=1700276240 (canal=web)
- Evento: interação com ent_14 via add_to_cart em ts=1700264090 (canal=web)
- Evento: interação com ent_14 via view em ts=1700228240 (canal=web)
- Evento: interação com ent_9 via view em ts=1700184920 (canal=web)
- Evento: interação com ent_37 via support_ticket em ts=1700107730 (canal=web)"
cust_4033,pesado,support_ticket_count,topk_estatico,12,,False,malformed,283,"## Contexto do cliente: cust_4033 (top-3 por frequência)
- ent_9 (10 interações) [view, search, add_to_cart], último em ts=1703226290
- ent_37 (8 interações) [purchase, view, search], último em ts=1703333240
- ent_6 (7 interações) [search, add_to_cart, view], último em ts=1703132780"
cust_4033,pesado,support_ticket_count,hibrido_sob_demanda,12,,False,malformed,531,"## Contexto do cliente: cust_4033
Canais com atividade encontrada: 1 (web)
Resumo de atividade (89 eventos totais): view: 32, add_to_cart: 22, search: 21, purchase: 8, support_ticket: 6

### Entidades mais relevantes (ranqueadas por PageRank personalizado)
- ent_14 (relevância=0.014): 5 eventos [view, purchase, add_to_cart], último em ts=1703589980
- ent_37 (relevância=0.013): 8 eventos [purchase, view, search], último em ts=1703333240
- ent_58 (relevância=0.013): 7 eventos [add_to_cart, view, search], último em ts=1703442980"
cust_4033,pesado,support_ticket_count,sessao_memoria,12,,False,malformed,529,"## Contexto do cliente: cust_4033 (turno 0)
Resumo de atividade (89 eventos totais): view: 32, add_to_cart: 22, search: 21, purchase: 8, support_ticket: 6

- ent_9 (relevância=0.046): estado mais recente = view em ts=1703226290 (havia também interações anteriores registradas)
- ent_58 (relevância=0.046): estado mais recente = add_to_cart em ts=1703442980 (havia também interações anteriores registradas)
- ent_50 (relevância=0.044): estado mais recente = search em ts=1703555690 (havia também interações anteriores registradas)"
cust_4033,pesado,support_ticket_count,sessao_memoria_sem_clash,12,12,True,correct,871,"## Contexto do cliente: cust_4033 (turno 0)
Resumo de atividade (89 eventos totais): view: 32, add_to_cart: 22, search: 21, purchase: 8, support_ticket: 6

- ent_9 (relevância=0.046): view em ts=1703226290; search em ts=1703171840; search em ts=1702577690; add_to_cart em ts=1702168310; add_to_cart em ts=1701929600; search em ts=1701801230; add_to_cart em ts=1701496640; view em ts=1701066980; view em ts=1700375000; view em ts=1700184920
- ent_58 (relevância=0.046): add_to_cart em ts=1703442980; search em ts=1703121110; add_to_cart em ts=1702679330; view em ts=1702502570; view em ts=1702374740; add_to_cart em ts=1702353170; purchase em ts=1701602930
- ent_50 (relevância=0.044): search em ts=1703555690; add_to_cart em ts=1703154020; view em ts=1703058740; add_to_cart em ts=1702909790; add_to_cart em ts=1702741490; search em ts=1701928010; search em ts=1701524150"
cust_3444,pesado,support_ticket_count,sem_retrieval,5,,False,malformed,64,Nenhuma informação adicional sobre este cliente está disponível.
cust_3444,pesado,support_ticket_count,contexto_completo,5,5,True,correct,4305,"Histórico completo de eventos do cliente cust_3444 (59 eventos):
- Evento: interação com ent_28 via search em ts=1703523530 (canal=web)
- Evento: interação com ent_38 via search em ts=1703425310 (canal=web)
- Evento: interação com ent_24 via view em ts=1703387060 (canal=web)
- Evento: interação com ent_28 via view em ts=1703217380 (canal=app)
- Evento: interação com ent_8 via search em ts=1703124290 (canal=app)
- Evento: interação com ent_38 via add_to_cart em ts=1703122310 (canal=web)
- Evento: interação com ent_6 via search em ts=1703102720 (canal=web)
- Evento: interação com ent_48 via add_to_cart em ts=1703064260 (canal=web)
- Evento: interação com ent_57 via search em ts=1702891940 (canal=web)
- Evento: interação com ent_2 via view em ts=1702875980 (canal=web)
- Evento: interação com ent_9 via search em ts=1702851260 (canal=app)
- Evento: interação com ent_44 via search em ts=1702766450 (canal=web)
- Evento: interação com ent_38 via search em ts=1702700840 (canal=app)
- Evento: interação com ent_37 via search em ts=1702561610 (canal=app)
- Evento: interação com ent_28 via view em ts=1702536410 (canal=app)
- Evento: interação com ent_4 via view em ts=1702505660 (canal=app)
- Evento: interação com ent_38 via add_to_cart em ts=1702447820 (canal=app)
- Evento: interação com ent_8 via add_to_cart em ts=1702410470 (canal=web)
- Evento: interação com ent_47 via view em ts=1702405640 (canal=app)
- Evento: interação com ent_55 via view em ts=1702401170 (canal=web)
- Evento: interação com ent_18 via add_to_cart em ts=1702354670 (canal=web)
- Evento: interação com ent_48 via add_to_cart em ts=1702286720 (canal=web)
- Evento: interação com ent_28 via add_to_cart em ts=1702272740 (canal=web)
- Evento: interação com ent_33 via view em ts=1702269980 (canal=app)
- Evento: interação com ent_38 via search em ts=1702243700 (canal=web)
- Evento: interação com ent_48 via add_to_cart em ts=1702156010 (canal=web)
- Evento: interação com ent_8 via search em ts=1702132610 (canal=web)
- Evento: interação com ent_57 via view em ts=1702050050 (canal=web)
- Evento: interação com ent_14 via view em ts=1701939140 (canal=app)
- Evento: interação com ent_18 via purchase em ts=1701937700 (canal=app)
- Evento: interação com ent_57 via search em ts=1701889580 (canal=web)
- Evento: interação com ent_2 via view em ts=1701790400 (canal=app)
- Evento: interação com ent_57 via view em ts=1701776330 (canal=app)
- Evento: interação com ent_8 via support_ticket em ts=1701716930 (canal=app)
- Evento: interação com ent_48 via add_to_cart em ts=1701706730 (canal=app)
- Evento: interação com ent_9 via support_ticket em ts=1701702860 (canal=web)
- Evento: interação com ent_18 via add_to_cart em ts=1701702560 (canal=web)
- Evento: interação com ent_48 via add_to_cart em ts=1701679550 (canal=app)
- Evento: interação com ent_48 via view em ts=1701610580 (canal=app)
- Evento: interação com ent_38 via search em ts=1701251390 (canal=app)
- Evento: interação com ent_28 via add_to_cart em ts=1701227570 (canal=web)
- Evento: interação com ent_37 via view em ts=1701140480 (canal=web)
- Evento: interação com ent_9 via search em ts=1701139100 (canal=app)
- Evento: interação com ent_28 via search em ts=1701035270 (canal=web)
- Evento: interação com ent_48 via support_ticket em ts=1701033380 (canal=app)
- Evento: interação com ent_48 via search em ts=1700943680 (canal=app)
- Evento: interação com ent_18 via search em ts=1700724470 (canal=web)
- Evento: interação com ent_36 via search em ts=1700665640 (canal=web)
- Evento: interação com ent_8 via add_to_cart em ts=1700637740 (canal=app)
- Evento: interação com ent_36 via view em ts=1700590070 (canal=web)
- Evento: interação com ent_8 via view em ts=1700588540 (canal=app)
- Evento: interação com ent_9 via view em ts=1700525990 (canal=app)
- Evento: interação com ent_47 via view em ts=1700458160 (canal=app)
- Evento: interação com ent_36 via add_to_cart em ts=1700337680 (canal=web)
- Evento: interação com ent_9 via view em ts=1700273420 (canal=app)
- Evento: interação com ent_37 via search em ts=1700261000 (canal=app)
- Evento: interação com ent_46 via purchase em ts=1700230790 (canal=web)
- Evento: interação com ent_57 via add_to_cart em ts=1700190380 (canal=web)
- Evento: interação com ent_38 via purchase em ts=1700090930 (canal=app)"
cust_3444,pesado,support_ticket_count,topk_estatico,5,5,True,correct,308,"## Contexto do cliente: cust_3444 (top-3 por frequência)
- ent_48 (8 interações) [add_to_cart, view, support_ticket], último em ts=1703064260
- ent_38 (7 interações) [search, add_to_cart, purchase], último em ts=1703425310
- ent_8 (6 interações) [search, add_to_cart, support_ticket], último em ts=1703124290"
cust_3444,pesado,support_ticket_count,hibrido_sob_demanda,5,5,True,correct,541,"## Contexto do cliente: cust_3444
Canais com atividade encontrada: 2 (app, web)
Resumo de atividade (59 eventos totais): search: 19, view: 19, add_to_cart: 15, purchase: 3, support_ticket: 3

### Entidades mais relevantes (ranqueadas por PageRank personalizado)
- ent_28 (relevância=0.014): 6 eventos [search, view, add_to_cart], último em ts=1703523530
- ent_38 (relevância=0.012): 7 eventos [search, add_to_cart, purchase], último em ts=1703425310
- ent_57 (relevância=0.011): 5 eventos [search, view, add_to_cart], último em ts=1702891940"
cust_3444,pesado,support_ticket_count,sessao_memoria,5,5,True,correct,532,"## Contexto do cliente: cust_3444 (turno 0)
Resumo de atividade (59 eventos totais): search: 19, view: 19, add_to_cart: 15, purchase: 3, support_ticket: 3

- ent_38 (relevância=0.044): estado mais recente = search em ts=1703425310 (havia também interações anteriores registradas)
- ent_48 (relevância=0.043): estado mais recente = add_to_cart em ts=1703064260 (havia também interações anteriores registradas)
- ent_28 (relevância=0.042): estado mais recente = search em ts=1703523530 (havia também interações anteriores registradas)"
cust_3444,pesado,support_ticket_count,sessao_memoria_sem_clash,5,5,True,correct,813,"## Contexto do cliente: cust_3444 (turno 0)
Resumo de atividade (59 eventos totais): search: 19, view: 19, add_to_cart: 15, purchase: 3, support_ticket: 3

- ent_38 (relevância=0.044): search em ts=1703425310; add_to_cart em ts=1703122310; search em ts=1702700840; add_to_cart em ts=1702447820; search em ts=1702243700; search em ts=1701251390; purchase em ts=1700090930
- ent_48 (relevância=0.043): add_to_cart em ts=1703064260; add_to_cart em ts=1702286720; add_to_cart em ts=1702156010; add_to_cart em ts=1701706730; add_to_cart em ts=1701679550; view em ts=1701610580; support_ticket em ts=1701033380; search em ts=1700943680
- ent_28 (relevância=0.042): search em ts=1703523530; view em ts=1703217380; view em ts=1702536410; add_to_cart em ts=1702272740; add_to_cart em ts=1701227570; search em ts=1701035270"
cust_5426,pesado,support_ticket_count,sem_retrieval,7,,False,malformed,64,Nenhuma informação adicional sobre este cliente está disponível.
cust_5426,pesado,support_ticket_count,contexto_completo,7,7,True,correct,2144,"Histórico completo de eventos do cliente cust_5426 (29 eventos):
- Evento: interação com ent_41 via support_ticket em ts=1703579780 (canal=web)
- Evento: interação com ent_48 via search em ts=1703522720 (canal=web)
- Evento: interação com ent_14 via add_to_cart em ts=1703462480 (canal=web)
- Evento: interação com ent_48 via search em ts=1703347610 (canal=web)
- Evento: interação com ent_15 via view em ts=1703095250 (canal=web)
- Evento: interação com ent_55 via view em ts=1703034170 (canal=web)
- Evento: interação com ent_42 via purchase em ts=1702976450 (canal=web)
- Evento: interação com ent_15 via add_to_cart em ts=1702803770 (canal=web)
- Evento: interação com ent_34 via purchase em ts=1702656020 (canal=web)
- Evento: interação com ent_43 via view em ts=1702343390 (canal=web)
- Evento: interação com ent_41 via view em ts=1702117100 (canal=web)
- Evento: interação com ent_50 via view em ts=1702099220 (canal=web)
- Evento: interação com ent_40 via view em ts=1701867980 (canal=web)
- Evento: interação com ent_40 via add_to_cart em ts=1701731480 (canal=web)
- Evento: interação com ent_28 via purchase em ts=1701631880 (canal=web)
- Evento: interação com ent_34 via view em ts=1701495170 (canal=web)
- Evento: interação com ent_50 via view em ts=1701432380 (canal=web)
- Evento: interação com ent_48 via search em ts=1701332060 (canal=web)
- Evento: interação com ent_34 via view em ts=1701244400 (canal=web)
- Evento: interação com ent_41 via search em ts=1701143030 (canal=web)
- Evento: interação com ent_36 via search em ts=1701025310 (canal=web)
- Evento: interação com ent_48 via view em ts=1700949320 (canal=web)
- Evento: interação com ent_16 via add_to_cart em ts=1700812730 (canal=web)
- Evento: interação com ent_12 via add_to_cart em ts=1700782100 (canal=web)
- Evento: interação com ent_39 via view em ts=1700737370 (canal=web)
- Evento: interação com ent_33 via view em ts=1700536370 (canal=web)
- Evento: interação com ent_34 via support_ticket em ts=1700514200 (canal=web)
- Evento: interação com ent_33 via view em ts=1700137790 (canal=web)
- Evento: interação com ent_48 via search em ts=1700106890 (canal=web)"
cust_5426,pesado,support_ticket_count,topk_estatico,7,7,True,correct,282,"## Contexto do cliente: cust_5426 (top-3 por frequência)
- ent_48 (5 interações) [search, view], último em ts=1703522720
- ent_34 (4 interações) [view, purchase, support_ticket], último em ts=1702656020
- ent_41 (3 interações) [support_ticket, view, search], último em ts=1703579780"
cust_5426,pesado,support_ticket_count,hibrido_sob_demanda,7,7,True,correct,506,"## Contexto do cliente: cust_5426
Canais com atividade encontrada: 1 (web)
Resumo de atividade (29 eventos totais): view: 13, search: 6, add_to_cart: 5, purchase: 3, support_ticket: 2

### Entidades mais relevantes (ranqueadas por PageRank personalizado)
- ent_48 (relevância=0.015): 5 eventos [search, view], último em ts=1703522720
- ent_14 (relevância=0.014): 1 eventos [add_to_cart], último em ts=1703462480
- ent_41 (relevância=0.013): 3 eventos [support_ticket, view, search], último em ts=1703579780"
cust_5426,pesado,support_ticket_count,sessao_memoria,7,7,True,correct,535,"## Contexto do cliente: cust_5426 (turno 0)
Resumo de atividade (29 eventos totais): view: 13, search: 6, add_to_cart: 5, purchase: 3, support_ticket: 2

- ent_48 (relevância=0.057): estado mais recente = search em ts=1703522720 (havia também interações anteriores registradas)
- ent_41 (relevância=0.047): estado mais recente = support_ticket em ts=1703579780 (havia também interações anteriores registradas)
- ent_34 (relevância=0.043): estado mais recente = purchase em ts=1702656020 (havia também interações anteriores registradas)"
cust_5426,pesado,support_ticket_count,sessao_memoria_sem_clash,7,7,True,correct,547,"## Contexto do cliente: cust_5426 (turno 0)
Resumo de atividade (29 eventos totais): view: 13, search: 6, add_to_cart: 5, purchase: 3, support_ticket: 2

- ent_48 (relevância=0.057): search em ts=1703522720; search em ts=1703347610; search em ts=1701332060; view em ts=1700949320; search em ts=1700106890
- ent_41 (relevância=0.047): support_ticket em ts=1703579780; view em ts=1702117100; search em ts=1701143030
- ent_34 (relevância=0.043): purchase em ts=1702656020; view em ts=1701495170; view em ts=1701244400; support_ticket em ts=1700514200"
cust_50,pesado,support_ticket_count,sem_retrieval,6,,False,malformed,64,Nenhuma informação adicional sobre este cliente está disponível.
cust_50,pesado,support_ticket_count,contexto_completo,6,6,True,correct,6587,"Histórico completo de eventos do cliente cust_50 (88 eventos):
- Evento: interação com ent_28 via purchase em ts=1703508680 (canal=call_center)
- Evento: interação com ent_25 via view em ts=1703499440 (canal=call_center)
- Evento: interação com ent_46 via purchase em ts=1703433110 (canal=call_center)
- Evento: interação com ent_46 via view em ts=1703319170 (canal=app)
- Evento: interação com ent_46 via add_to_cart em ts=1703238530 (canal=web)
- Evento: interação com ent_39 via view em ts=1703233460 (canal=call_center)
- Evento: interação com ent_58 via search em ts=1703208680 (canal=call_center)
- Evento: interação com ent_26 via purchase em ts=1703162750 (canal=call_center)
- Evento: interação com ent_46 via purchase em ts=1702980230 (canal=call_center)
- Evento: interação com ent_4 via search em ts=1702946750 (canal=call_center)
- Evento: interação com ent_46 via add_to_cart em ts=1702946600 (canal=app)
- Evento: interação com ent_27 via add_to_cart em ts=1702924850 (canal=app)
- Evento: interação com ent_25 via view em ts=1702873130 (canal=web)
- Evento: interação com ent_54 via view em ts=1702858970 (canal=call_center)
- Evento: interação com ent_46 via purchase em ts=1702834760 (canal=web)
- Evento: interação com ent_39 via search em ts=1702717490 (canal=web)
- Evento: interação com ent_24 via add_to_cart em ts=1702715390 (canal=app)
- Evento: interação com ent_28 via search em ts=1702665680 (canal=app)
- Evento: interação com ent_14 via add_to_cart em ts=1702655090 (canal=call_center)
- Evento: interação com ent_42 via add_to_cart em ts=1702587320 (canal=web)
- Evento: interação com ent_54 via purchase em ts=1702572320 (canal=web)
- Evento: interação com ent_4 via view em ts=1702556270 (canal=app)
- Evento: interação com ent_54 via add_to_cart em ts=1702537850 (canal=app)
- Evento: interação com ent_2 via view em ts=1702508540 (canal=app)
- Evento: interação com ent_14 via view em ts=1702441250 (canal=app)
- Evento: interação com ent_14 via search em ts=1702438340 (canal=app)
- Evento: interação com ent_18 via add_to_cart em ts=1702415840 (canal=call_center)
- Evento: interação com ent_39 via view em ts=1702402190 (canal=app)
- Evento: interação com ent_5 via purchase em ts=1702397150 (canal=app)
- Evento: interação com ent_4 via add_to_cart em ts=1702280420 (canal=web)
- Evento: interação com ent_58 via view em ts=1702269050 (canal=app)
- Evento: interação com ent_54 via search em ts=1702234580 (canal=app)
- Evento: interação com ent_25 via view em ts=1702231010 (canal=app)
- Evento: interação com ent_54 via support_ticket em ts=1702220240 (canal=web)
- Evento: interação com ent_39 via add_to_cart em ts=1702208120 (canal=web)
- Evento: interação com ent_46 via view em ts=1702188110 (canal=web)
- Evento: interação com ent_19 via view em ts=1702147010 (canal=web)
- Evento: interação com ent_19 via view em ts=1702118930 (canal=call_center)
- Evento: interação com ent_58 via view em ts=1702088960 (canal=web)
- Evento: interação com ent_39 via view em ts=1702068950 (canal=app)
- Evento: interação com ent_18 via view em ts=1702025990 (canal=web)
- Evento: interação com ent_39 via purchase em ts=1701919310 (canal=app)
- Evento: interação com ent_25 via view em ts=1701917180 (canal=app)
- Evento: interação com ent_18 via add_to_cart em ts=1701877970 (canal=web)
- Evento: interação com ent_4 via support_ticket em ts=1701873770 (canal=call_center)
- Evento: interação com ent_59 via view em ts=1701865190 (canal=call_center)
- Evento: interação com ent_25 via view em ts=1701845300 (canal=call_center)
- Evento: interação com ent_4 via purchase em ts=1701801260 (canal=web)
- Evento: interação com ent_18 via add_to_cart em ts=1701777650 (canal=app)
- Evento: interação com ent_54 via search em ts=1701748700 (canal=app)
- Evento: interação com ent_46 via add_to_cart em ts=1701645320 (canal=web)
- Evento: interação com ent_27 via view em ts=1701640850 (canal=web)
- Evento: interação com ent_14 via add_to_cart em ts=1701568280 (canal=web)
- Evento: interação com ent_58 via add_to_cart em ts=1701565070 (canal=app)
- Evento: interação com ent_18 via add_to_cart em ts=1701556640 (canal=app)
- Evento: interação com ent_39 via search em ts=1701555860 (canal=app)
- Evento: interação com ent_58 via add_to_cart em ts=1701513590 (canal=app)
- Evento: interação com ent_39 via view em ts=1701371930 (canal=call_center)
- Evento: interação com ent_28 via view em ts=1701339080 (canal=app)
- Evento: interação com ent_14 via view em ts=1701246200 (canal=app)
- Evento: interação com ent_27 via view em ts=1701197660 (canal=web)
- Evento: interação com ent_18 via search em ts=1701176210 (canal=app)
- Evento: interação com ent_18 via search em ts=1701167660 (canal=call_center)
- Evento: interação com ent_18 via support_ticket em ts=1701159470 (canal=app)
- Evento: interação com ent_5 via view em ts=1701147590 (canal=web)
- Evento: interação com ent_58 via view em ts=1701082370 (canal=web)
- Evento: interação com ent_58 via view em ts=1700996870 (canal=app)
- Evento: interação com ent_28 via view em ts=1700953010 (canal=web)
- Evento: interação com ent_46 via add_to_cart em ts=1700936630 (canal=web)
- Evento: interação com ent_18 via search em ts=1700925800 (canal=app)
- Evento: interação com ent_25 via view em ts=1700911070 (canal=web)
- Evento: interação com ent_26 via add_to_cart em ts=1700858900 (canal=web)
- Evento: interação com ent_19 via view em ts=1700831720 (canal=web)
- Evento: interação com ent_54 via search em ts=1700586710 (canal=call_center)
- Evento: interação com ent_27 via view em ts=1700553890 (canal=web)
- Evento: interação com ent_46 via search em ts=1700442920 (canal=call_center)
- Evento: interação com ent_28 via support_ticket em ts=1700403560 (canal=web)
- Evento: interação com ent_4 via view em ts=1700390780 (canal=call_center)
- Evento: interação com ent_39 via view em ts=1700389760 (canal=app)
- Evento: interação com ent_18 via support_ticket em ts=1700362190 (canal=web)
- Evento: interação com ent_58 via support_ticket em ts=1700309450 (canal=web)
- Evento: interação com ent_24 via view em ts=1700244680 (canal=call_center)
- Evento: interação com ent_27 via support_ticket em ts=1700226350 (canal=call_center)
- Evento: interação com ent_24 via search em ts=1700219630 (canal=app)
- Evento: interação com ent_39 via add_to_cart em ts=1700170460 (canal=app)
- Evento: interação com ent_24 via view em ts=1700090750 (canal=web)
- Evento: interação com ent_58 via support_ticket em ts=1700088800 (canal=web)
- Evento: interação com ent_28 via search em ts=1700059430 (canal=web)"
cust_50,pesado,support_ticket_count,topk_estatico,6,6,True,correct,300,"## Contexto do cliente: cust_50 (top-3 por frequência)
- ent_39 (10 interações) [view, search, add_to_cart], último em ts=1703233460
- ent_18 (10 interações) [add_to_cart, search, support_ticket], último em ts=1702415840
- ent_46 (10 interações) [add_to_cart, purchase, view], último em ts=1703433110"
cust_50,pesado,support_ticket_count,hibrido_sob_demanda,6,6,True,correct,560,"## Contexto do cliente: cust_50
Canais com atividade encontrada: 3 (app, call_center, web)
Resumo de atividade (88 eventos totais): view: 36, add_to_cart: 20, search: 15, purchase: 9, support_ticket: 8

### Entidades mais relevantes (ranqueadas por PageRank personalizado)
- ent_46 (relevância=0.019): 10 eventos [add_to_cart, purchase, view], último em ts=1703433110
- ent_58 (relevância=0.014): 9 eventos [view, add_to_cart, support_ticket], último em ts=1703208680
- ent_39 (relevância=0.012): 10 eventos [view, search, add_to_cart], último em ts=1703233460"
cust_50,pesado,support_ticket_count,sessao_memoria,6,6,True,correct,525,"## Contexto do cliente: cust_50 (turno 0)
Resumo de atividade (88 eventos totais): view: 36, add_to_cart: 20, search: 15, purchase: 9, support_ticket: 8

- ent_46 (relevância=0.063): estado mais recente = purchase em ts=1703433110 (havia também interações anteriores registradas)
- ent_39 (relevância=0.054): estado mais recente = view em ts=1703233460 (havia também interações anteriores registradas)
- ent_58 (relevância=0.050): estado mais recente = search em ts=1703208680 (havia também interações anteriores registradas)"
cust_50,pesado,support_ticket_count,sessao_memoria_sem_clash,6,6,True,correct,1004,"## Contexto do cliente: cust_50 (turno 0)
Resumo de atividade (88 eventos totais): view: 36, add_to_cart: 20, search: 15, purchase: 9, support_ticket: 8

- ent_46 (relevância=0.063): purchase em ts=1703433110; view em ts=1703319170; add_to_cart em ts=1703238530; purchase em ts=1702980230; add_to_cart em ts=1702946600; purchase em ts=1702834760; view em ts=1702188110; add_to_cart em ts=1701645320; add_to_cart em ts=1700936630; search em ts=1700442920
- ent_39 (relevância=0.054): view em ts=1703233460; search em ts=1702717490; view em ts=1702402190; add_to_cart em ts=1702208120; view em ts=1702068950; purchase em ts=1701919310; search em ts=1701555860; view em ts=1701371930; view em ts=1700389760; add_to_cart em ts=1700170460
- ent_58 (relevância=0.050): search em ts=1703208680; view em ts=1702269050; view em ts=1702088960; add_to_cart em ts=1701565070; add_to_cart em ts=1701513590; view em ts=1701082370; view em ts=1700996870; support_ticket em ts=1700309450; support_ticket em ts=1700088800"
cust_581,pesado,support_ticket_count,sem_retrieval,3,,False,malformed,64,Nenhuma informação adicional sobre este cliente está disponível.
cust_581,pesado,support_ticket_count,contexto_completo,3,3,True,correct,5975,"Histórico completo de eventos do cliente cust_581 (82 eventos):
- Evento: interação com ent_52 via search em ts=1703569610 (canal=app)
- Evento: interação com ent_34 via search em ts=1703532110 (canal=web)
- Evento: interação com ent_46 via purchase em ts=1703528630 (canal=app)
- Evento: interação com ent_34 via support_ticket em ts=1703369390 (canal=app)
- Evento: interação com ent_27 via search em ts=1703353490 (canal=app)
- Evento: interação com ent_41 via support_ticket em ts=1703252510 (canal=app)
- Evento: interação com ent_32 via view em ts=1703244680 (canal=web)
- Evento: interação com ent_36 via search em ts=1703115860 (canal=web)
- Evento: interação com ent_52 via search em ts=1703062430 (canal=app)
- Evento: interação com ent_27 via view em ts=1702959560 (canal=web)
- Evento: interação com ent_31 via view em ts=1702954940 (canal=app)
- Evento: interação com ent_46 via search em ts=1702874270 (canal=web)
- Evento: interação com ent_31 via add_to_cart em ts=1702856030 (canal=app)
- Evento: interação com ent_57 via search em ts=1702755560 (canal=app)
- Evento: interação com ent_19 via support_ticket em ts=1702730660 (canal=web)
- Evento: interação com ent_39 via view em ts=1702713410 (canal=app)
- Evento: interação com ent_34 via add_to_cart em ts=1702690550 (canal=app)
- Evento: interação com ent_52 via add_to_cart em ts=1702667270 (canal=web)
- Evento: interação com ent_41 via add_to_cart em ts=1702663160 (canal=web)
- Evento: interação com ent_32 via view em ts=1702640540 (canal=web)
- Evento: interação com ent_32 via view em ts=1702640420 (canal=web)
- Evento: interação com ent_32 via add_to_cart em ts=1702627220 (canal=web)
- Evento: interação com ent_34 via view em ts=1702561130 (canal=web)
- Evento: interação com ent_19 via add_to_cart em ts=1702460570 (canal=web)
- Evento: interação com ent_19 via purchase em ts=1702434410 (canal=web)
- Evento: interação com ent_35 via add_to_cart em ts=1702332080 (canal=web)
- Evento: interação com ent_19 via view em ts=1702303430 (canal=app)
- Evento: interação com ent_31 via view em ts=1702290110 (canal=web)
- Evento: interação com ent_31 via view em ts=1702286510 (canal=web)
- Evento: interação com ent_52 via purchase em ts=1702276580 (canal=web)
- Evento: interação com ent_49 via search em ts=1702230830 (canal=web)
- Evento: interação com ent_57 via add_to_cart em ts=1702159910 (canal=web)
- Evento: interação com ent_27 via search em ts=1702056470 (canal=app)
- Evento: interação com ent_49 via view em ts=1702043390 (canal=web)
- Evento: interação com ent_57 via search em ts=1701987950 (canal=app)
- Evento: interação com ent_41 via view em ts=1701892820 (canal=app)
- Evento: interação com ent_31 via view em ts=1701767390 (canal=app)
- Evento: interação com ent_41 via view em ts=1701763670 (canal=web)
- Evento: interação com ent_39 via view em ts=1701743660 (canal=app)
- Evento: interação com ent_41 via add_to_cart em ts=1701706460 (canal=web)
- Evento: interação com ent_51 via add_to_cart em ts=1701647330 (canal=app)
- Evento: interação com ent_41 via view em ts=1701618710 (canal=app)
- Evento: interação com ent_52 via add_to_cart em ts=1701607970 (canal=web)
- Evento: interação com ent_7 via view em ts=1701591050 (canal=app)
- Evento: interação com ent_24 via view em ts=1701530690 (canal=app)
- Evento: interação com ent_46 via add_to_cart em ts=1701417050 (canal=app)
- Evento: interação com ent_32 via view em ts=1701358760 (canal=app)
- Evento: interação com ent_28 via view em ts=1701282140 (canal=web)
- Evento: interação com ent_20 via view em ts=1701223640 (canal=app)
- Evento: interação com ent_41 via add_to_cart em ts=1701190040 (canal=app)
- Evento: interação com ent_57 via add_to_cart em ts=1701171170 (canal=app)
- Evento: interação com ent_34 via purchase em ts=1701153980 (canal=web)
- Evento: interação com ent_6 via search em ts=1701145160 (canal=app)
- Evento: interação com ent_34 via search em ts=1701143570 (canal=app)
- Evento: interação com ent_52 via add_to_cart em ts=1701134360 (canal=app)
- Evento: interação com ent_49 via view em ts=1701115820 (canal=web)
- Evento: interação com ent_49 via view em ts=1701047600 (canal=app)
- Evento: interação com ent_39 via view em ts=1700996960 (canal=web)
- Evento: interação com ent_39 via view em ts=1700956010 (canal=web)
- Evento: interação com ent_19 via purchase em ts=1700934770 (canal=web)
- Evento: interação com ent_52 via view em ts=1700804720 (canal=app)
- Evento: interação com ent_19 via view em ts=1700798210 (canal=app)
- Evento: interação com ent_19 via add_to_cart em ts=1700727350 (canal=app)
- Evento: interação com ent_51 via purchase em ts=1700691230 (canal=app)
- Evento: interação com ent_39 via view em ts=1700650940 (canal=web)
- Evento: interação com ent_19 via view em ts=1700604410 (canal=web)
- Evento: interação com ent_34 via add_to_cart em ts=1700573270 (canal=web)
- Evento: interação com ent_27 via add_to_cart em ts=1700570360 (canal=app)
- Evento: interação com ent_35 via purchase em ts=1700528660 (canal=web)
- Evento: interação com ent_32 via add_to_cart em ts=1700515520 (canal=web)
- Evento: interação com ent_39 via view em ts=1700448170 (canal=app)
- Evento: interação com ent_35 via add_to_cart em ts=1700426240 (canal=web)
- Evento: interação com ent_31 via search em ts=1700397620 (canal=web)
- Evento: interação com ent_49 via add_to_cart em ts=1700333390 (canal=app)
- Evento: interação com ent_56 via search em ts=1700330090 (canal=web)
- Evento: interação com ent_28 via add_to_cart em ts=1700301020 (canal=web)
- Evento: interação com ent_57 via view em ts=1700203460 (canal=web)
- Evento: interação com ent_41 via add_to_cart em ts=1700176340 (canal=app)
- Evento: interação com ent_28 via view em ts=1700155730 (canal=web)
- Evento: interação com ent_27 via search em ts=1700134520 (canal=app)
- Evento: interação com ent_35 via add_to_cart em ts=1700121290 (canal=app)
- Evento: interação com ent_57 via view em ts=1700066630 (canal=app)"
cust_581,pesado,support_ticket_count,topk_estatico,3,3,True,correct,306,"## Contexto do cliente: cust_581 (top-3 por frequência)
- ent_41 (8 interações) [add_to_cart, view, support_ticket], último em ts=1703252510
- ent_19 (8 interações) [view, add_to_cart, purchase], último em ts=1702730660
- ent_34 (7 interações) [search, add_to_cart, support_ticket], último em ts=1703532110"
cust_581,pesado,support_ticket_count,hibrido_sob_demanda,3,3,True,correct,534,"## Contexto do cliente: cust_581
Canais com atividade encontrada: 2 (app, web)
Resumo de atividade (82 eventos totais): view: 33, add_to_cart: 24, search: 15, purchase: 7, support_ticket: 3

### Entidades mais relevantes (ranqueadas por PageRank personalizado)
- ent_32 (relevância=0.014): 6 eventos [view, add_to_cart], último em ts=1703244680
- ent_19 (relevância=0.013): 8 eventos [view, add_to_cart, purchase], último em ts=1702730660
- ent_52 (relevância=0.011): 7 eventos [add_to_cart, search, purchase], último em ts=1703569610"
cust_581,pesado,support_ticket_count,sessao_memoria,3,3,True,correct,542,"## Contexto do cliente: cust_581 (turno 0)
Resumo de atividade (82 eventos totais): view: 33, add_to_cart: 24, search: 15, purchase: 7, support_ticket: 3

- ent_41 (relevância=0.044): estado mais recente = support_ticket em ts=1703252510 (havia também interações anteriores registradas)
- ent_52 (relevância=0.042): estado mais recente = search em ts=1703569610 (havia também interações anteriores registradas)
- ent_19 (relevância=0.041): estado mais recente = support_ticket em ts=1702730660 (havia também interações anteriores registradas)"
cust_581,pesado,support_ticket_count,sessao_memoria_sem_clash,3,3,True,correct,866,"## Contexto do cliente: cust_581 (turno 0)
Resumo de atividade (82 eventos totais): view: 33, add_to_cart: 24, search: 15, purchase: 7, support_ticket: 3

- ent_41 (relevância=0.044): support_ticket em ts=1703252510; add_to_cart em ts=1702663160; view em ts=1701892820; view em ts=1701763670; add_to_cart em ts=1701706460; view em ts=1701618710; add_to_cart em ts=1701190040; add_to_cart em ts=1700176340
- ent_52 (relevância=0.042): search em ts=1703569610; search em ts=1703062430; add_to_cart em ts=1702667270; purchase em ts=1702276580; add_to_cart em ts=1701607970; add_to_cart em ts=1701134360; view em ts=1700804720
- ent_19 (relevância=0.041): support_ticket em ts=1702730660; add_to_cart em ts=1702460570; purchase em ts=1702434410; view em ts=1702303430; purchase em ts=1700934770; view em ts=1700798210; add_to_cart em ts=1700727350; view em ts=1700604410"
cust_6745,pesado,support_ticket_count,sem_retrieval,23,,False,malformed,64,Nenhuma informação adicional sobre este cliente está disponível.
cust_6745,pesado,support_ticket_count,contexto_completo,23,23,True,correct,8714,"Histórico completo de eventos do cliente cust_6745 (120 eventos):
- Evento: interação com ent_14 via view em ts=1703594150 (canal=app)
- Evento: interação com ent_14 via support_ticket em ts=1703570300 (canal=web)
- Evento: interação com ent_14 via add_to_cart em ts=1703563250 (canal=app)
- Evento: interação com ent_6 via purchase em ts=1703535110 (canal=app)
- Evento: interação com ent_59 via search em ts=1703509970 (canal=web)
- Evento: interação com ent_21 via add_to_cart em ts=1703491220 (canal=app)
- Evento: interação com ent_32 via search em ts=1703479940 (canal=app)
- Evento: interação com ent_22 via view em ts=1703475530 (canal=app)
- Evento: interação com ent_41 via view em ts=1703452100 (canal=app)
- Evento: interação com ent_58 via search em ts=1703444810 (canal=web)
- Evento: interação com ent_50 via search em ts=1703431160 (canal=app)
- Evento: interação com ent_6 via view em ts=1703429630 (canal=web)
- Evento: interação com ent_14 via search em ts=1703388650 (canal=app)
- Evento: interação com ent_28 via support_ticket em ts=1703381450 (canal=web)
- Evento: interação com ent_37 via search em ts=1703374850 (canal=app)
- Evento: interação com ent_48 via search em ts=1703373380 (canal=web)
- Evento: interação com ent_37 via search em ts=1703369090 (canal=app)
- Evento: interação com ent_41 via purchase em ts=1703363990 (canal=app)
- Evento: interação com ent_10 via add_to_cart em ts=1703321030 (canal=web)
- Evento: interação com ent_10 via view em ts=1703313170 (canal=web)
- Evento: interação com ent_9 via add_to_cart em ts=1703296580 (canal=web)
- Evento: interação com ent_14 via view em ts=1703286620 (canal=app)
- Evento: interação com ent_9 via view em ts=1703282810 (canal=app)
- Evento: interação com ent_29 via view em ts=1703275970 (canal=app)
- Evento: interação com ent_33 via add_to_cart em ts=1703263250 (canal=app)
- Evento: interação com ent_37 via add_to_cart em ts=1703229110 (canal=web)
- Evento: interação com ent_37 via view em ts=1703207900 (canal=web)
- Evento: interação com ent_59 via search em ts=1703186720 (canal=app)
- Evento: interação com ent_21 via support_ticket em ts=1703184170 (canal=web)
- Evento: interação com ent_14 via view em ts=1703179130 (canal=web)
- Evento: interação com ent_22 via add_to_cart em ts=1703175740 (canal=web)
- Evento: interação com ent_41 via view em ts=1703137490 (canal=app)
- Evento: interação com ent_9 via search em ts=1703128040 (canal=app)
- Evento: interação com ent_10 via add_to_cart em ts=1703127950 (canal=app)
- Evento: interação com ent_14 via search em ts=1703100320 (canal=web)
- Evento: interação com ent_11 via add_to_cart em ts=1703096780 (canal=web)
- Evento: interação com ent_59 via search em ts=1703074730 (canal=app)
- Evento: interação com ent_41 via view em ts=1703062070 (canal=app)
- Evento: interação com ent_59 via add_to_cart em ts=1703048270 (canal=web)
- Evento: interação com ent_37 via add_to_cart em ts=1703045270 (canal=app)
- Evento: interação com ent_29 via add_to_cart em ts=1703044070 (canal=web)
- Evento: interação com ent_50 via support_ticket em ts=1703031200 (canal=app)
- Evento: interação com ent_29 via search em ts=1703015240 (canal=web)
- Evento: interação com ent_6 via add_to_cart em ts=1702983620 (canal=web)
- Evento: interação com ent_21 via view em ts=1702955360 (canal=web)
- Evento: interação com ent_14 via search em ts=1702952720 (canal=app)
- Evento: interação com ent_8 via add_to_cart em ts=1702935290 (canal=app)
- Evento: interação com ent_14 via add_to_cart em ts=1702930130 (canal=app)
- Evento: interação com ent_29 via add_to_cart em ts=1702892840 (canal=web)
- Evento: interação com ent_12 via view em ts=1702870040 (canal=app)
- Evento: interação com ent_25 via view em ts=1702854560 (canal=web)
- Evento: interação com ent_41 via view em ts=1702826750 (canal=app)
- Evento: interação com ent_22 via view em ts=1702816040 (canal=web)
- Evento: interação com ent_41 via view em ts=1702815140 (canal=web)
- Evento: interação com ent_9 via search em ts=1702787840 (canal=web)
- Evento: interação com ent_8 via search em ts=1702770710 (canal=app)
- Evento: interação com ent_58 via view em ts=1702767860 (canal=web)
- Evento: interação com ent_50 via view em ts=1702753490 (canal=web)
- Evento: interação com ent_59 via add_to_cart em ts=1702731470 (canal=app)
- Evento: interação com ent_58 via view em ts=1702728980 (canal=app)
- Evento: interação com ent_26 via add_to_cart em ts=1702710680 (canal=web)
- Evento: interação com ent_8 via view em ts=1702707800 (canal=app)
- Evento: interação com ent_9 via add_to_cart em ts=1702676870 (canal=web)
- Evento: interação com ent_1 via search em ts=1702675730 (canal=app)
- Evento: interação com ent_50 via add_to_cart em ts=1702640750 (canal=web)
- Evento: interação com ent_41 via add_to_cart em ts=1702615850 (canal=app)
- Evento: interação com ent_6 via search em ts=1702572980 (canal=web)
- Evento: interação com ent_50 via search em ts=1702570520 (canal=web)
- Evento: interação com ent_29 via view em ts=1702554260 (canal=web)
- Evento: interação com ent_50 via view em ts=1702552190 (canal=web)
- Evento: interação com ent_59 via view em ts=1702542530 (canal=app)
- Evento: interação com ent_59 via add_to_cart em ts=1702537670 (canal=app)
- Evento: interação com ent_22 via view em ts=1702507400 (canal=web)
- Evento: interação com ent_59 via view em ts=1702483550 (canal=app)
- Evento: interação com ent_6 via search em ts=1702475510 (canal=app)
- Evento: interação com ent_37 via search em ts=1702469480 (canal=app)
- Evento: interação com ent_9 via view em ts=1702457570 (canal=app)
- Evento: interação com ent_41 via search em ts=1702445810 (canal=app)
- Evento: interação com ent_58 via view em ts=1702435520 (canal=app)
- Evento: interação com ent_58 via support_ticket em ts=1702416440 (canal=app)
- Evento: interação com ent_9 via add_to_cart em ts=1702407470 (canal=web)
- Evento: interação com ent_33 via add_to_cart em ts=1702340750 (canal=app)
- Evento: interação com ent_29 via view em ts=1702325480 (canal=web)
- Evento: interação com ent_24 via support_ticket em ts=1702308020 (canal=app)
- Evento: interação com ent_9 via add_to_cart em ts=1702264010 (canal=app)
- Evento: interação com ent_41 via purchase em ts=1702252850 (canal=web)
- Evento: interação com ent_59 via support_ticket em ts=1702241450 (canal=web)
- Evento: interação com ent_58 via support_ticket em ts=1702221440 (canal=app)
- Evento: interação com ent_8 via add_to_cart em ts=1702221230 (canal=app)
- Evento: interação com ent_9 via view em ts=1702214420 (canal=app)
- Evento: interação com ent_58 via view em ts=1702211930 (canal=web)
- Evento: interação com ent_59 via view em ts=1702211870 (canal=app)
- Evento: interação com ent_8 via add_to_cart em ts=1702191710 (canal=web)
- Evento: interação com ent_41 via search em ts=1702151120 (canal=app)
- Evento: interação com ent_29 via view em ts=1702119170 (canal=app)
- Evento: interação com ent_33 via search em ts=1702081430 (canal=web)
- Evento: interação com ent_41 via view em ts=1702066760 (canal=app)
- Evento: interação com ent_58 via purchase em ts=1702062860 (canal=app)
- Evento: interação com ent_59 via search em ts=1702062440 (canal=web)
- Evento: interação com ent_41 via support_ticket em ts=1702057610 (canal=web)
- Evento: interação com ent_6 via view em ts=1702032590 (canal=web)
- Evento: interação com ent_9 via search em ts=1702016270 (canal=web)
- Evento: interação com ent_58 via view em ts=1701998060 (canal=app)
- Evento: interação com ent_37 via view em ts=1701984260 (canal=app)
- Evento: interação com ent_41 via add_to_cart em ts=1701984050 (canal=app)
- Evento: interação com ent_59 via view em ts=1701977540 (canal=app)
- Evento: interação com ent_14 via search em ts=1701970130 (canal=web)
- Evento: interação com ent_37 via view em ts=1701960290 (canal=web)
- Evento: interação com ent_29 via support_ticket em ts=1701957230 (canal=app)
- Evento: interação com ent_41 via view em ts=1701956300 (canal=web)
- Evento: interação com ent_6 via view em ts=1701945020 (canal=app)
- Evento: interação com ent_22 via search em ts=1701934160 (canal=app)
- Evento: interação com ent_9 via support_ticket em ts=1701886790 (canal=app)
- Evento: interação com ent_0 via view em ts=1701876830 (canal=app)
- Evento: interação com ent_54 via search em ts=1701871730 (canal=app)
- Evento: interação com ent_22 via search em ts=1701870290 (canal=app)
- Evento: interação com ent_12 via add_to_cart em ts=1701826430 (canal=web)
- Evento: interação com ent_6 via purchase em ts=1701808490 (canal=web)
- Evento: interação com ent_41 via view em ts=1701808310 (canal=web)
- Evento: interação com ent_37 via search em ts=1701791690 (canal=app)"
cust_6745,pesado,support_ticket_count,topk_estatico,23,23,True,correct,289,"## Contexto do cliente: cust_6745 (top-3 por frequência)
- ent_59 (23 interações) [view, search, add_to_cart], último em ts=1703509970
- ent_6 (18 interações) [view, search, purchase], último em ts=1703535110
- ent_14 (18 interações) [view, search, support_ticket], último em ts=1703594150"
cust_6745,pesado,support_ticket_count,hibrido_sob_demanda,23,23,True,correct,549,"## Contexto do cliente: cust_6745
Canais com atividade encontrada: 2 (app, web)
Resumo de atividade (220 eventos totais): view: 87, add_to_cart: 49, search: 49, support_ticket: 23, purchase: 12

### Entidades mais relevantes (ranqueadas por PageRank personalizado)
- ent_14 (relevância=0.016): 18 eventos [view, search, support_ticket], último em ts=1703594150
- ent_37 (relevância=0.014): 16 eventos [view, search, add_to_cart], último em ts=1703374850
- ent_50 (relevância=0.011): 15 eventos [view, search, support_ticket], último em ts=1703431160"
cust_6745,pesado,support_ticket_count,sessao_memoria,23,23,True,correct,526,"## Contexto do cliente: cust_6745 (turno 0)
Resumo de atividade (220 eventos totais): view: 87, add_to_cart: 49, search: 49, support_ticket: 23, purchase: 12

- ent_14 (relevância=0.053): estado mais recente = view em ts=1703594150 (havia também interações anteriores registradas)
- ent_37 (relevância=0.045): estado mais recente = search em ts=1703374850 (havia também interações anteriores registradas)
- ent_41 (relevância=0.043): estado mais recente = view em ts=1703452100 (havia também interações anteriores registradas)"
cust_6745,pesado,support_ticket_count,sessao_memoria_sem_clash,23,23,True,correct,1555,"## Contexto do cliente: cust_6745 (turno 0)
Resumo de atividade (220 eventos totais): view: 87, add_to_cart: 49, search: 49, support_ticket: 23, purchase: 12

- ent_14 (relevância=0.053): view em ts=1703594150; support_ticket em ts=1703570300; add_to_cart em ts=1703563250; search em ts=1703388650; view em ts=1703286620; view em ts=1703179130; search em ts=1703100320; search em ts=1702952720; add_to_cart em ts=1702930130; search em ts=1701970130; view em ts=1701727760; view em ts=1701579020; search em ts=1701178550; purchase em ts=1701004820; search em ts=1700540360; support_ticket em ts=1700382650; support_ticket em ts=1700292350; view em ts=1700193890
- ent_37 (relevância=0.045): search em ts=1703374850; search em ts=1703369090; add_to_cart em ts=1703229110; view em ts=1703207900; add_to_cart em ts=1703045270; search em ts=1702469480; view em ts=1701984260; view em ts=1701960290; search em ts=1701791690; view em ts=1701672590; view em ts=1701295040; purchase em ts=1701282980; search em ts=1701184880; view em ts=1700958710; add_to_cart em ts=1700930900; add_to_cart em ts=1700418440
- ent_41 (relevância=0.043): view em ts=1703452100; purchase em ts=1703363990; view em ts=1703137490; view em ts=1703062070; view em ts=1702826750; view em ts=1702815140; add_to_cart em ts=1702615850; search em ts=1702445810; purchase em ts=1702252850; search em ts=1702151120; view em ts=1702066760; support_ticket em ts=1702057610; add_to_cart em ts=1701984050; view em ts=1701956300; view em ts=1701808310; view em ts=1700910500; search em ts=1700302400"
cust_7970,pesado,support_ticket_count,sem_retrieval,6,,False,malformed,64,Nenhuma informação adicional sobre este cliente está disponível.
cust_7970,pesado,support_ticket_count,contexto_completo,6,6,True,correct,5484,"Histórico completo de eventos do cliente cust_7970 (75 eventos):
- Evento: interação com ent_33 via view em ts=1703526980 (canal=app)
- Evento: interação com ent_42 via add_to_cart em ts=1703480720 (canal=app)
- Evento: interação com ent_38 via view em ts=1703334530 (canal=app)
- Evento: interação com ent_30 via support_ticket em ts=1703288480 (canal=web)
- Evento: interação com ent_55 via view em ts=1703250680 (canal=web)
- Evento: interação com ent_48 via search em ts=1703247320 (canal=app)
- Evento: interação com ent_34 via view em ts=1703234360 (canal=web)
- Evento: interação com ent_34 via search em ts=1703150840 (canal=web)
- Evento: interação com ent_48 via add_to_cart em ts=1703119100 (canal=app)
- Evento: interação com ent_45 via add_to_cart em ts=1703081510 (canal=web)
- Evento: interação com ent_41 via view em ts=1703065790 (canal=app)
- Evento: interação com ent_30 via add_to_cart em ts=1703051030 (canal=web)
- Evento: interação com ent_50 via add_to_cart em ts=1702904960 (canal=web)
- Evento: interação com ent_42 via view em ts=1702810910 (canal=app)
- Evento: interação com ent_15 via add_to_cart em ts=1702807100 (canal=app)
- Evento: interação com ent_55 via add_to_cart em ts=1702790210 (canal=app)
- Evento: interação com ent_41 via support_ticket em ts=1702656470 (canal=app)
- Evento: interação com ent_30 via view em ts=1702646420 (canal=app)
- Evento: interação com ent_55 via view em ts=1702577540 (canal=app)
- Evento: interação com ent_30 via add_to_cart em ts=1702552970 (canal=app)
- Evento: interação com ent_40 via purchase em ts=1702537220 (canal=app)
- Evento: interação com ent_43 via search em ts=1702532990 (canal=web)
- Evento: interação com ent_48 via view em ts=1702510580 (canal=web)
- Evento: interação com ent_41 via view em ts=1702391660 (canal=app)
- Evento: interação com ent_52 via view em ts=1702388300 (canal=app)
- Evento: interação com ent_55 via view em ts=1702313360 (canal=app)
- Evento: interação com ent_41 via add_to_cart em ts=1702306700 (canal=web)
- Evento: interação com ent_48 via add_to_cart em ts=1702278590 (canal=web)
- Evento: interação com ent_6 via search em ts=1702204820 (canal=web)
- Evento: interação com ent_30 via view em ts=1702187600 (canal=app)
- Evento: interação com ent_34 via add_to_cart em ts=1702153880 (canal=web)
- Evento: interação com ent_45 via search em ts=1702117310 (canal=web)
- Evento: interação com ent_15 via search em ts=1702069760 (canal=app)
- Evento: interação com ent_50 via view em ts=1702035650 (canal=app)
- Evento: interação com ent_33 via add_to_cart em ts=1702001030 (canal=web)
- Evento: interação com ent_31 via support_ticket em ts=1701991640 (canal=web)
- Evento: interação com ent_39 via search em ts=1701990230 (canal=web)
- Evento: interação com ent_41 via search em ts=1701940370 (canal=web)
- Evento: interação com ent_14 via add_to_cart em ts=1701923450 (canal=app)
- Evento: interação com ent_56 via search em ts=1701907580 (canal=app)
- Evento: interação com ent_14 via view em ts=1701842060 (canal=web)
- Evento: interação com ent_41 via add_to_cart em ts=1701730220 (canal=app)
- Evento: interação com ent_45 via search em ts=1701681770 (canal=web)
- Evento: interação com ent_30 via view em ts=1701672830 (canal=app)
- Evento: interação com ent_34 via view em ts=1701595970 (canal=app)
- Evento: interação com ent_12 via add_to_cart em ts=1701507020 (canal=web)
- Evento: interação com ent_11 via view em ts=1701503060 (canal=app)
- Evento: interação com ent_41 via view em ts=1701499580 (canal=web)
- Evento: interação com ent_33 via view em ts=1701464150 (canal=web)
- Evento: interação com ent_30 via add_to_cart em ts=1701382850 (canal=app)
- Evento: interação com ent_50 via search em ts=1701328640 (canal=app)
- Evento: interação com ent_41 via view em ts=1701301880 (canal=web)
- Evento: interação com ent_34 via view em ts=1701259940 (canal=app)
- Evento: interação com ent_55 via view em ts=1701127490 (canal=web)
- Evento: interação com ent_45 via add_to_cart em ts=1701121580 (canal=web)
- Evento: interação com ent_50 via purchase em ts=1701090740 (canal=web)
- Evento: interação com ent_30 via support_ticket em ts=1701078230 (canal=web)
- Evento: interação com ent_40 via support_ticket em ts=1701073940 (canal=web)
- Evento: interação com ent_30 via view em ts=1701050570 (canal=web)
- Evento: interação com ent_50 via add_to_cart em ts=1700948180 (canal=app)
- Evento: interação com ent_34 via add_to_cart em ts=1700852840 (canal=app)
- Evento: interação com ent_18 via view em ts=1700830820 (canal=web)
- Evento: interação com ent_42 via search em ts=1700772020 (canal=web)
- Evento: interação com ent_14 via add_to_cart em ts=1700628950 (canal=app)
- Evento: interação com ent_40 via add_to_cart em ts=1700605850 (canal=web)
- Evento: interação com ent_50 via view em ts=1700569910 (canal=web)
- Evento: interação com ent_43 via view em ts=1700469080 (canal=web)
- Evento: interação com ent_13 via view em ts=1700373860 (canal=app)
- Evento: interação com ent_33 via view em ts=1700301050 (canal=app)
- Evento: interação com ent_43 via view em ts=1700267510 (canal=web)
- Evento: interação com ent_30 via add_to_cart em ts=1700210000 (canal=web)
- Evento: interação com ent_48 via support_ticket em ts=1700188760 (canal=web)
- Evento: interação com ent_50 via view em ts=1700170250 (canal=app)
- Evento: interação com ent_48 via view em ts=1700087210 (canal=app)
- Evento: interação com ent_40 via view em ts=1700031890 (canal=web)"
cust_7970,pesado,support_ticket_count,topk_estatico,6,6,True,correct,304,"## Contexto do cliente: cust_7970 (top-3 por frequência)
- ent_30 (10 interações) [add_to_cart, view, support_ticket], último em ts=1703288480
- ent_41 (8 interações) [view, add_to_cart, support_ticket], último em ts=1703065790
- ent_50 (7 interações) [view, add_to_cart, search], último em ts=1702904960"
cust_7970,pesado,support_ticket_count,hibrido_sob_demanda,6,6,True,correct,546,"## Contexto do cliente: cust_7970
Canais com atividade encontrada: 2 (app, web)
Resumo de atividade (75 eventos totais): view: 33, add_to_cart: 22, search: 12, support_ticket: 6, purchase: 2

### Entidades mais relevantes (ranqueadas por PageRank personalizado)
- ent_30 (relevância=0.015): 10 eventos [add_to_cart, view, support_ticket], último em ts=1703288480
- ent_41 (relevância=0.013): 8 eventos [view, add_to_cart, support_ticket], último em ts=1703065790
- ent_14 (relevância=0.012): 3 eventos [add_to_cart, view], último em ts=1701923450"
cust_7970,pesado,support_ticket_count,sessao_memoria,6,6,True,correct,538,"## Contexto do cliente: cust_7970 (turno 0)
Resumo de atividade (75 eventos totais): view: 33, add_to_cart: 22, search: 12, support_ticket: 6, purchase: 2

- ent_30 (relevância=0.054): estado mais recente = support_ticket em ts=1703288480 (havia também interações anteriores registradas)
- ent_41 (relevância=0.048): estado mais recente = view em ts=1703065790 (havia também interações anteriores registradas)
- ent_50 (relevância=0.037): estado mais recente = add_to_cart em ts=1702904960 (havia também interações anteriores registradas)"
cust_7970,pesado,support_ticket_count,sessao_memoria_sem_clash,6,6,True,correct,908,"## Contexto do cliente: cust_7970 (turno 0)
Resumo de atividade (75 eventos totais): view: 33, add_to_cart: 22, search: 12, support_ticket: 6, purchase: 2

- ent_30 (relevância=0.054): support_ticket em ts=1703288480; add_to_cart em ts=1703051030; view em ts=1702646420; add_to_cart em ts=1702552970; view em ts=1702187600; view em ts=1701672830; add_to_cart em ts=1701382850; support_ticket em ts=1701078230; view em ts=1701050570; add_to_cart em ts=1700210000
- ent_41 (relevância=0.048): view em ts=1703065790; support_ticket em ts=1702656470; view em ts=1702391660; add_to_cart em ts=1702306700; search em ts=1701940370; add_to_cart em ts=1701730220; view em ts=1701499580; view em ts=1701301880
- ent_50 (relevância=0.037): add_to_cart em ts=1702904960; view em ts=1702035650; search em ts=1701328640; purchase em ts=1701090740; add_to_cart em ts=1700948180; view em ts=1700569910; view em ts=1700170250"
cust_4980,pesado,support_ticket_count,sem_retrieval,7,,False,malformed,64,Nenhuma informação adicional sobre este cliente está disponível.
cust_4980,pesado,support_ticket_count,contexto_completo,7,7,True,correct,3608,"Histórico completo de eventos do cliente cust_4980 (49 eventos):
- Evento: interação com ent_58 via add_to_cart em ts=1703582360 (canal=web)
- Evento: interação com ent_39 via support_ticket em ts=1703531990 (canal=web)
- Evento: interação com ent_24 via add_to_cart em ts=1703422700 (canal=web)
- Evento: interação com ent_14 via add_to_cart em ts=1703367830 (canal=app)
- Evento: interação com ent_19 via view em ts=1703278670 (canal=app)
- Evento: interação com ent_54 via search em ts=1703255450 (canal=app)
- Evento: interação com ent_28 via view em ts=1703223200 (canal=web)
- Evento: interação com ent_26 via view em ts=1703214230 (canal=app)
- Evento: interação com ent_28 via view em ts=1703034200 (canal=web)
- Evento: interação com ent_4 via view em ts=1702987190 (canal=app)
- Evento: interação com ent_18 via purchase em ts=1702944440 (canal=app)
- Evento: interação com ent_25 via view em ts=1702805630 (canal=web)
- Evento: interação com ent_14 via search em ts=1702702400 (canal=app)
- Evento: interação com ent_5 via support_ticket em ts=1702693910 (canal=app)
- Evento: interação com ent_54 via search em ts=1702664900 (canal=web)
- Evento: interação com ent_25 via search em ts=1702532930 (canal=app)
- Evento: interação com ent_28 via view em ts=1702499900 (canal=app)
- Evento: interação com ent_26 via view em ts=1702438130 (canal=web)
- Evento: interação com ent_14 via add_to_cart em ts=1702363850 (canal=app)
- Evento: interação com ent_54 via add_to_cart em ts=1702342070 (canal=app)
- Evento: interação com ent_4 via purchase em ts=1702323830 (canal=app)
- Evento: interação com ent_5 via search em ts=1702266500 (canal=web)
- Evento: interação com ent_14 via search em ts=1702242680 (canal=web)
- Evento: interação com ent_54 via add_to_cart em ts=1702225400 (canal=app)
- Evento: interação com ent_14 via search em ts=1702158440 (canal=app)
- Evento: interação com ent_19 via search em ts=1702138670 (canal=app)
- Evento: interação com ent_46 via view em ts=1702114340 (canal=web)
- Evento: interação com ent_24 via view em ts=1702100930 (canal=app)
- Evento: interação com ent_5 via view em ts=1702086830 (canal=app)
- Evento: interação com ent_20 via support_ticket em ts=1702045730 (canal=app)
- Evento: interação com ent_58 via search em ts=1701958250 (canal=app)
- Evento: interação com ent_18 via search em ts=1701882260 (canal=app)
- Evento: interação com ent_24 via add_to_cart em ts=1701858980 (canal=app)
- Evento: interação com ent_4 via support_ticket em ts=1701644720 (canal=web)
- Evento: interação com ent_24 via add_to_cart em ts=1701553850 (canal=web)
- Evento: interação com ent_47 via view em ts=1701315590 (canal=app)
- Evento: interação com ent_5 via search em ts=1701071900 (canal=app)
- Evento: interação com ent_5 via add_to_cart em ts=1701026510 (canal=web)
- Evento: interação com ent_28 via support_ticket em ts=1700803430 (canal=app)
- Evento: interação com ent_39 via view em ts=1700661470 (canal=web)
- Evento: interação com ent_25 via view em ts=1700644760 (canal=app)
- Evento: interação com ent_5 via add_to_cart em ts=1700547680 (canal=web)
- Evento: interação com ent_19 via view em ts=1700440160 (canal=app)
- Evento: interação com ent_58 via support_ticket em ts=1700402030 (canal=app)
- Evento: interação com ent_22 via view em ts=1700398100 (canal=web)
- Evento: interação com ent_19 via view em ts=1700295080 (canal=web)
- Evento: interação com ent_5 via add_to_cart em ts=1700204720 (canal=web)
- Evento: interação com ent_27 via view em ts=1700155610 (canal=web)
- Evento: interação com ent_5 via add_to_cart em ts=1700058740 (canal=app)"
cust_4980,pesado,support_ticket_count,topk_estatico,7,7,True,correct,277,"## Contexto do cliente: cust_4980 (top-3 por frequência)
- ent_5 (8 interações) [add_to_cart, search, support_ticket], último em ts=1702693910
- ent_14 (5 interações) [search, add_to_cart], último em ts=1703367830
- ent_19 (4 interações) [view, search], último em ts=1703278670"
cust_4980,pesado,support_ticket_count,hibrido_sob_demanda,7,7,True,correct,535,"## Contexto do cliente: cust_4980
Canais com atividade encontrada: 2 (app, web)
Resumo de atividade (49 eventos totais): view: 18, add_to_cart: 12, search: 11, support_ticket: 6, purchase: 2

### Entidades mais relevantes (ranqueadas por PageRank personalizado)
- ent_14 (relevância=0.015): 5 eventos [search, add_to_cart], último em ts=1703367830
- ent_28 (relevância=0.014): 4 eventos [view, support_ticket], último em ts=1703223200
- ent_5 (relevância=0.014): 8 eventos [add_to_cart, search, support_ticket], último em ts=1702693910"
cust_4980,pesado,support_ticket_count,sessao_memoria,7,7,True,correct,537,"## Contexto do cliente: cust_4980 (turno 0)
Resumo de atividade (49 eventos totais): view: 18, add_to_cart: 12, search: 11, support_ticket: 6, purchase: 2

- ent_14 (relevância=0.062): estado mais recente = add_to_cart em ts=1703367830 (havia também interações anteriores registradas)
- ent_5 (relevância=0.052): estado mais recente = support_ticket em ts=1702693910 (havia também interações anteriores registradas)
- ent_28 (relevância=0.045): estado mais recente = view em ts=1703223200 (havia também interações anteriores registradas)"
cust_4980,pesado,support_ticket_count,sessao_memoria_sem_clash,7,7,True,correct,701,"## Contexto do cliente: cust_4980 (turno 0)
Resumo de atividade (49 eventos totais): view: 18, add_to_cart: 12, search: 11, support_ticket: 6, purchase: 2

- ent_14 (relevância=0.062): add_to_cart em ts=1703367830; search em ts=1702702400; add_to_cart em ts=1702363850; search em ts=1702242680; search em ts=1702158440
- ent_5 (relevância=0.052): support_ticket em ts=1702693910; search em ts=1702266500; view em ts=1702086830; search em ts=1701071900; add_to_cart em ts=1701026510; add_to_cart em ts=1700547680; add_to_cart em ts=1700204720; add_to_cart em ts=1700058740
- ent_28 (relevância=0.045): view em ts=1703223200; view em ts=1703034200; view em ts=1702499900; support_ticket em ts=1700803430"
cust_661,pesado,support_ticket_count,sem_retrieval,8,,False,malformed,64,Nenhuma informação adicional sobre este cliente está disponível.
cust_661,pesado,support_ticket_count,contexto_completo,8,8,True,correct,7805,"Histórico completo de eventos do cliente cust_661 (104 eventos):
- Evento: interação com ent_22 via view em ts=1703533250 (canal=web)
- Evento: interação com ent_28 via view em ts=1703521070 (canal=app)
- Evento: interação com ent_57 via view em ts=1703519810 (canal=app)
- Evento: interação com ent_4 via support_ticket em ts=1703465930 (canal=app)
- Evento: interação com ent_14 via add_to_cart em ts=1703440490 (canal=web)
- Evento: interação com ent_0 via search em ts=1703425220 (canal=web)
- Evento: interação com ent_38 via view em ts=1703321930 (canal=call_center)
- Evento: interação com ent_57 via view em ts=1703298140 (canal=call_center)
- Evento: interação com ent_36 via view em ts=1703225930 (canal=call_center)
- Evento: interação com ent_55 via add_to_cart em ts=1703218760 (canal=app)
- Evento: interação com ent_37 via search em ts=1703203280 (canal=web)
- Evento: interação com ent_36 via view em ts=1703203160 (canal=call_center)
- Evento: interação com ent_57 via search em ts=1703202170 (canal=web)
- Evento: interação com ent_9 via search em ts=1703199770 (canal=web)
- Evento: interação com ent_55 via add_to_cart em ts=1703118080 (canal=call_center)
- Evento: interação com ent_28 via view em ts=1703065970 (canal=web)
- Evento: interação com ent_38 via search em ts=1703029760 (canal=call_center)
- Evento: interação com ent_18 via view em ts=1702984220 (canal=app)
- Evento: interação com ent_36 via search em ts=1702982780 (canal=app)
- Evento: interação com ent_8 via support_ticket em ts=1702981280 (canal=app)
- Evento: interação com ent_55 via view em ts=1702974860 (canal=app)
- Evento: interação com ent_38 via view em ts=1702840460 (canal=call_center)
- Evento: interação com ent_48 via view em ts=1702803440 (canal=app)
- Evento: interação com ent_48 via view em ts=1702661060 (canal=web)
- Evento: interação com ent_18 via view em ts=1702635320 (canal=web)
- Evento: interação com ent_57 via view em ts=1702633670 (canal=call_center)
- Evento: interação com ent_48 via view em ts=1702572680 (canal=call_center)
- Evento: interação com ent_55 via view em ts=1702448780 (canal=call_center)
- Evento: interação com ent_28 via search em ts=1702425980 (canal=call_center)
- Evento: interação com ent_32 via support_ticket em ts=1702414730 (canal=app)
- Evento: interação com ent_14 via add_to_cart em ts=1702403750 (canal=web)
- Evento: interação com ent_14 via view em ts=1702383950 (canal=app)
- Evento: interação com ent_36 via view em ts=1702328570 (canal=call_center)
- Evento: interação com ent_25 via search em ts=1702290950 (canal=call_center)
- Evento: interação com ent_14 via purchase em ts=1702225700 (canal=call_center)
- Evento: interação com ent_8 via add_to_cart em ts=1702220600 (canal=app)
- Evento: interação com ent_48 via view em ts=1702176380 (canal=call_center)
- Evento: interação com ent_38 via view em ts=1702109600 (canal=web)
- Evento: interação com ent_37 via view em ts=1702105550 (canal=app)
- Evento: interação com ent_14 via add_to_cart em ts=1702085480 (canal=web)
- Evento: interação com ent_57 via add_to_cart em ts=1702072820 (canal=web)
- Evento: interação com ent_8 via view em ts=1702062680 (canal=call_center)
- Evento: interação com ent_8 via purchase em ts=1702014680 (canal=web)
- Evento: interação com ent_38 via view em ts=1702004720 (canal=call_center)
- Evento: interação com ent_56 via view em ts=1701998480 (canal=web)
- Evento: interação com ent_18 via purchase em ts=1701994310 (canal=web)
- Evento: interação com ent_37 via support_ticket em ts=1701979220 (canal=app)
- Evento: interação com ent_28 via support_ticket em ts=1701978740 (canal=web)
- Evento: interação com ent_8 via search em ts=1701966530 (canal=web)
- Evento: interação com ent_9 via add_to_cart em ts=1701883970 (canal=web)
- Evento: interação com ent_4 via search em ts=1701866660 (canal=app)
- Evento: interação com ent_48 via search em ts=1701808460 (canal=web)
- Evento: interação com ent_14 via view em ts=1701795800 (canal=web)
- Evento: interação com ent_57 via add_to_cart em ts=1701742370 (canal=call_center)
- Evento: interação com ent_8 via view em ts=1701732710 (canal=call_center)
- Evento: interação com ent_36 via view em ts=1701726020 (canal=app)
- Evento: interação com ent_38 via view em ts=1701674090 (canal=app)
- Evento: interação com ent_28 via add_to_cart em ts=1701608480 (canal=web)
- Evento: interação com ent_56 via view em ts=1701589040 (canal=web)
- Evento: interação com ent_18 via add_to_cart em ts=1701586760 (canal=call_center)
- Evento: interação com ent_18 via purchase em ts=1701559130 (canal=app)
- Evento: interação com ent_14 via view em ts=1701531710 (canal=web)
- Evento: interação com ent_4 via view em ts=1701529880 (canal=call_center)
- Evento: interação com ent_36 via view em ts=1701514040 (canal=web)
- Evento: interação com ent_18 via view em ts=1701446330 (canal=app)
- Evento: interação com ent_2 via add_to_cart em ts=1701383990 (canal=call_center)
- Evento: interação com ent_48 via view em ts=1701274220 (canal=web)
- Evento: interação com ent_37 via add_to_cart em ts=1701256220 (canal=web)
- Evento: interação com ent_38 via add_to_cart em ts=1701239810 (canal=web)
- Evento: interação com ent_36 via add_to_cart em ts=1701126020 (canal=web)
- Evento: interação com ent_14 via view em ts=1701036980 (canal=app)
- Evento: interação com ent_57 via view em ts=1700989970 (canal=app)
- Evento: interação com ent_56 via search em ts=1700964380 (canal=call_center)
- Evento: interação com ent_36 via search em ts=1700941700 (canal=call_center)
- Evento: interação com ent_57 via search em ts=1700930960 (canal=app)
- Evento: interação com ent_38 via view em ts=1700877200 (canal=app)
- Evento: interação com ent_36 via view em ts=1700855960 (canal=web)
- Evento: interação com ent_56 via add_to_cart em ts=1700827520 (canal=call_center)
- Evento: interação com ent_57 via add_to_cart em ts=1700756120 (canal=call_center)
- Evento: interação com ent_37 via view em ts=1700723120 (canal=app)
- Evento: interação com ent_38 via support_ticket em ts=1700700980 (canal=call_center)
- Evento: interação com ent_37 via support_ticket em ts=1700684120 (canal=web)
- Evento: interação com ent_4 via add_to_cart em ts=1700669810 (canal=web)
- Evento: interação com ent_43 via add_to_cart em ts=1700655440 (canal=call_center)
- Evento: interação com ent_14 via view em ts=1700632970 (canal=app)
- Evento: interação com ent_18 via search em ts=1700569250 (canal=web)
- Evento: interação com ent_18 via view em ts=1700557880 (canal=web)
- Evento: interação com ent_37 via search em ts=1700506850 (canal=call_center)
- Evento: interação com ent_9 via purchase em ts=1700500880 (canal=call_center)
- Evento: interação com ent_55 via add_to_cart em ts=1700401550 (canal=web)
- Evento: interação com ent_48 via view em ts=1700395520 (canal=app)
- Evento: interação com ent_2 via view em ts=1700372240 (canal=call_center)
- Evento: interação com ent_48 via support_ticket em ts=1700341190 (canal=call_center)
- Evento: interação com ent_1 via add_to_cart em ts=1700334830 (canal=web)
- Evento: interação com ent_2 via view em ts=1700320100 (canal=web)
- Evento: interação com ent_15 via search em ts=1700304500 (canal=app)
- Evento: interação com ent_57 via view em ts=1700303540 (canal=web)
- Evento: interação com ent_37 via purchase em ts=1700233400 (canal=call_center)
- Evento: interação com ent_2 via search em ts=1700171300 (canal=call_center)
- Evento: interação com ent_28 via add_to_cart em ts=1700121380 (canal=call_center)
- Evento: interação com ent_56 via view em ts=1700118380 (canal=app)
- Evento: interação com ent_2 via view em ts=1700102480 (canal=app)
- Evento: interação com ent_4 via view em ts=1700068130 (canal=call_center)
- Evento: interação com ent_55 via purchase em ts=1700064710 (canal=web)"
cust_661,pesado,support_ticket_count,topk_estatico,8,8,True,correct,289,"## Contexto do cliente: cust_661 (top-3 por frequência)
- ent_57 (10 interações) [view, add_to_cart, search], último em ts=1703519810
- ent_14 (9 interações) [view, add_to_cart, purchase], último em ts=1703440490
- ent_38 (9 interações) [view, search, add_to_cart], último em ts=1703321930"
cust_661,pesado,support_ticket_count,hibrido_sob_demanda,8,8,True,correct,555,"## Contexto do cliente: cust_661
Canais com atividade encontrada: 3 (app, call_center, web)
Resumo de atividade (104 eventos totais): view: 49, add_to_cart: 22, search: 18, support_ticket: 8, purchase: 7

### Entidades mais relevantes (ranqueadas por PageRank personalizado)
- ent_14 (relevância=0.019): 9 eventos [view, add_to_cart, purchase], último em ts=1703440490
- ent_37 (relevância=0.013): 8 eventos [search, view, support_ticket], último em ts=1703203280
- ent_28 (relevância=0.011): 6 eventos [view, add_to_cart, search], último em ts=1703521070"
cust_661,pesado,support_ticket_count,sessao_memoria,8,8,True,correct,528,"## Contexto do cliente: cust_661 (turno 0)
Resumo de atividade (104 eventos totais): view: 49, add_to_cart: 22, search: 18, support_ticket: 8, purchase: 7

- ent_14 (relevância=0.051): estado mais recente = add_to_cart em ts=1703440490 (havia também interações anteriores registradas)
- ent_57 (relevância=0.044): estado mais recente = view em ts=1703519810 (havia também interações anteriores registradas)
- ent_38 (relevância=0.040): estado mais recente = view em ts=1703321930 (havia também interações anteriores registradas)"
cust_661,pesado,support_ticket_count,sessao_memoria_sem_clash,8,8,True,correct,952,"## Contexto do cliente: cust_661 (turno 0)
Resumo de atividade (104 eventos totais): view: 49, add_to_cart: 22, search: 18, support_ticket: 8, purchase: 7

- ent_14 (relevância=0.051): add_to_cart em ts=1703440490; add_to_cart em ts=1702403750; view em ts=1702383950; purchase em ts=1702225700; add_to_cart em ts=1702085480; view em ts=1701795800; view em ts=1701531710; view em ts=1701036980; view em ts=1700632970
- ent_57 (relevância=0.044): view em ts=1703519810; view em ts=1703298140; search em ts=1703202170; view em ts=1702633670; add_to_cart em ts=1702072820; add_to_cart em ts=1701742370; view em ts=1700989970; search em ts=1700930960; add_to_cart em ts=1700756120; view em ts=1700303540
- ent_38 (relevância=0.040): view em ts=1703321930; search em ts=1703029760; view em ts=1702840460; view em ts=1702109600; view em ts=1702004720; view em ts=1701674090; add_to_cart em ts=1701239810; view em ts=1700877200; support_ticket em ts=1700700980"
cust_1616,pesado,support_ticket_count,sem_retrieval,13,,False,malformed,64,Nenhuma informação adicional sobre este cliente está disponível.
cust_1616,pesado,support_ticket_count,contexto_completo,13,13,True,correct,8689,"Histórico completo de eventos do cliente cust_1616 (120 eventos):
- Evento: interação com ent_41 via add_to_cart em ts=1703531660 (canal=app)
- Evento: interação com ent_29 via search em ts=1703505740 (canal=app)
- Evento: interação com ent_22 via search em ts=1703500280 (canal=web)
- Evento: interação com ent_8 via support_ticket em ts=1703498360 (canal=app)
- Evento: interação com ent_22 via search em ts=1703494370 (canal=web)
- Evento: interação com ent_50 via view em ts=1703477150 (canal=web)
- Evento: interação com ent_59 via add_to_cart em ts=1703453780 (canal=web)
- Evento: interação com ent_58 via add_to_cart em ts=1703443280 (canal=app)
- Evento: interação com ent_25 via add_to_cart em ts=1703416670 (canal=app)
- Evento: interação com ent_32 via add_to_cart em ts=1703411150 (canal=web)
- Evento: interação com ent_8 via search em ts=1703370140 (canal=web)
- Evento: interação com ent_50 via search em ts=1703361200 (canal=app)
- Evento: interação com ent_50 via view em ts=1703354120 (canal=app)
- Evento: interação com ent_33 via add_to_cart em ts=1703345510 (canal=web)
- Evento: interação com ent_37 via search em ts=1703324900 (canal=app)
- Evento: interação com ent_10 via view em ts=1703287220 (canal=app)
- Evento: interação com ent_21 via support_ticket em ts=1703284340 (canal=web)
- Evento: interação com ent_41 via purchase em ts=1703279960 (canal=app)
- Evento: interação com ent_58 via view em ts=1703271380 (canal=web)
- Evento: interação com ent_8 via search em ts=1703255270 (canal=app)
- Evento: interação com ent_21 via support_ticket em ts=1703209250 (canal=app)
- Evento: interação com ent_22 via view em ts=1703200280 (canal=web)
- Evento: interação com ent_33 via add_to_cart em ts=1703184410 (canal=app)
- Evento: interação com ent_33 via add_to_cart em ts=1703183870 (canal=web)
- Evento: interação com ent_28 via view em ts=1703178620 (canal=app)
- Evento: interação com ent_33 via view em ts=1703164940 (canal=app)
- Evento: interação com ent_33 via purchase em ts=1703146250 (canal=app)
- Evento: interação com ent_50 via purchase em ts=1703061860 (canal=app)
- Evento: interação com ent_33 via view em ts=1703048780 (canal=web)
- Evento: interação com ent_33 via search em ts=1703032280 (canal=web)
- Evento: interação com ent_22 via add_to_cart em ts=1703011790 (canal=web)
- Evento: interação com ent_59 via search em ts=1702998740 (canal=app)
- Evento: interação com ent_22 via view em ts=1702961960 (canal=app)
- Evento: interação com ent_22 via view em ts=1702940420 (canal=web)
- Evento: interação com ent_21 via view em ts=1702938170 (canal=app)
- Evento: interação com ent_9 via search em ts=1702937060 (canal=app)
- Evento: interação com ent_10 via view em ts=1702903580 (canal=web)
- Evento: interação com ent_9 via purchase em ts=1702878590 (canal=web)
- Evento: interação com ent_22 via support_ticket em ts=1702855280 (canal=app)
- Evento: interação com ent_14 via purchase em ts=1702851860 (canal=web)
- Evento: interação com ent_22 via purchase em ts=1702840550 (canal=web)
- Evento: interação com ent_6 via search em ts=1702839530 (canal=web)
- Evento: interação com ent_10 via view em ts=1702796120 (canal=app)
- Evento: interação com ent_14 via view em ts=1702781780 (canal=app)
- Evento: interação com ent_9 via view em ts=1702755170 (canal=app)
- Evento: interação com ent_58 via add_to_cart em ts=1702717280 (canal=web)
- Evento: interação com ent_22 via view em ts=1702710590 (canal=app)
- Evento: interação com ent_58 via add_to_cart em ts=1702690970 (canal=web)
- Evento: interação com ent_21 via add_to_cart em ts=1702655780 (canal=web)
- Evento: interação com ent_6 via view em ts=1702654670 (canal=app)
- Evento: interação com ent_51 via purchase em ts=1702647980 (canal=web)
- Evento: interação com ent_52 via view em ts=1702624220 (canal=app)
- Evento: interação com ent_14 via support_ticket em ts=1702609820 (canal=app)
- Evento: interação com ent_58 via view em ts=1702607180 (canal=app)
- Evento: interação com ent_59 via view em ts=1702563770 (canal=app)
- Evento: interação com ent_10 via view em ts=1702563710 (canal=web)
- Evento: interação com ent_13 via view em ts=1702557470 (canal=app)
- Evento: interação com ent_19 via view em ts=1702543520 (canal=app)
- Evento: interação com ent_10 via add_to_cart em ts=1702525940 (canal=web)
- Evento: interação com ent_44 via search em ts=1702521020 (canal=web)
- Evento: interação com ent_11 via view em ts=1702493480 (canal=web)
- Evento: interação com ent_42 via view em ts=1702492640 (canal=app)
- Evento: interação com ent_41 via add_to_cart em ts=1702489610 (canal=web)
- Evento: interação com ent_22 via support_ticket em ts=1702415810 (canal=web)
- Evento: interação com ent_8 via view em ts=1702405730 (canal=web)
- Evento: interação com ent_37 via search em ts=1702403510 (canal=web)
- Evento: interação com ent_6 via add_to_cart em ts=1702388480 (canal=app)
- Evento: interação com ent_41 via search em ts=1702383740 (canal=web)
- Evento: interação com ent_37 via search em ts=1702376600 (canal=app)
- Evento: interação com ent_10 via add_to_cart em ts=1702345550 (canal=app)
- Evento: interação com ent_50 via view em ts=1702315820 (canal=app)
- Evento: interação com ent_10 via search em ts=1702308320 (canal=web)
- Evento: interação com ent_41 via purchase em ts=1702300370 (canal=app)
- Evento: interação com ent_59 via support_ticket em ts=1702288130 (canal=app)
- Evento: interação com ent_41 via search em ts=1702262000 (canal=app)
- Evento: interação com ent_10 via view em ts=1702231820 (canal=web)
- Evento: interação com ent_37 via add_to_cart em ts=1702209470 (canal=web)
- Evento: interação com ent_7 via view em ts=1702206650 (canal=web)
- Evento: interação com ent_14 via add_to_cart em ts=1702159700 (canal=web)
- Evento: interação com ent_22 via view em ts=1702155050 (canal=web)
- Evento: interação com ent_6 via add_to_cart em ts=1702154750 (canal=app)
- Evento: interação com ent_21 via search em ts=1702101260 (canal=app)
- Evento: interação com ent_41 via add_to_cart em ts=1702092140 (canal=app)
- Evento: interação com ent_9 via purchase em ts=1702087790 (canal=web)
- Evento: interação com ent_8 via search em ts=1702073870 (canal=web)
- Evento: interação com ent_50 via view em ts=1702069850 (canal=web)
- Evento: interação com ent_8 via add_to_cart em ts=1702063490 (canal=app)
- Evento: interação com ent_6 via view em ts=1702054250 (canal=app)
- Evento: interação com ent_22 via view em ts=1702013930 (canal=app)
- Evento: interação com ent_59 via view em ts=1701978020 (canal=web)
- Evento: interação com ent_22 via search em ts=1701974990 (canal=app)
- Evento: interação com ent_38 via search em ts=1701950300 (canal=web)
- Evento: interação com ent_50 via purchase em ts=1701944570 (canal=app)
- Evento: interação com ent_22 via view em ts=1701939200 (canal=web)
- Evento: interação com ent_58 via view em ts=1701938660 (canal=app)
- Evento: interação com ent_33 via view em ts=1701917120 (canal=app)
- Evento: interação com ent_10 via view em ts=1701891770 (canal=app)
- Evento: interação com ent_17 via search em ts=1701863060 (canal=web)
- Evento: interação com ent_6 via add_to_cart em ts=1701861410 (canal=app)
- Evento: interação com ent_21 via add_to_cart em ts=1701845570 (canal=web)
- Evento: interação com ent_8 via add_to_cart em ts=1701845060 (canal=app)
- Evento: interação com ent_15 via search em ts=1701831230 (canal=web)
- Evento: interação com ent_50 via view em ts=1701795560 (canal=app)
- Evento: interação com ent_21 via view em ts=1701763280 (canal=app)
- Evento: interação com ent_4 via search em ts=1701744230 (canal=app)
- Evento: interação com ent_37 via view em ts=1701729740 (canal=web)
- Evento: interação com ent_33 via search em ts=1701725300 (canal=web)
- Evento: interação com ent_15 via add_to_cart em ts=1701701270 (canal=app)
- Evento: interação com ent_8 via view em ts=1701688010 (canal=web)
- Evento: interação com ent_8 via view em ts=1701682460 (canal=web)
- Evento: interação com ent_29 via purchase em ts=1701663890 (canal=web)
- Evento: interação com ent_29 via view em ts=1701643520 (canal=app)
- Evento: interação com ent_14 via add_to_cart em ts=1701605090 (canal=web)
- Evento: interação com ent_21 via view em ts=1701590450 (canal=web)
- Evento: interação com ent_50 via add_to_cart em ts=1701562490 (canal=app)
- Evento: interação com ent_19 via purchase em ts=1701527360 (canal=app)
- Evento: interação com ent_8 via search em ts=1701521390 (canal=web)
- Evento: interação com ent_25 via view em ts=1701515090 (canal=web)
- Evento: interação com ent_10 via add_to_cart em ts=1701511400 (canal=app)
- Evento: interação com ent_22 via view em ts=1701504590 (canal=web)"
cust_1616,pesado,support_ticket_count,topk_estatico,13,,False,malformed,293,"## Contexto do cliente: cust_1616 (top-3 por frequência)
- ent_22 (21 interações) [view, search, support_ticket], último em ts=1703500280
- ent_10 (18 interações) [view, add_to_cart, search], último em ts=1703287220
- ent_33 (15 interações) [view, add_to_cart, search], último em ts=1703345510"
cust_1616,pesado,support_ticket_count,hibrido_sob_demanda,13,13,True,correct,547,"## Contexto do cliente: cust_1616
Canais com atividade encontrada: 2 (app, web)
Resumo de atividade (189 eventos totais): view: 71, add_to_cart: 45, search: 43, purchase: 17, support_ticket: 13

### Entidades mais relevantes (ranqueadas por PageRank personalizado)
- ent_22 (relevância=0.015): 21 eventos [view, search, support_ticket], último em ts=1703500280
- ent_14 (relevância=0.013): 8 eventos [view, add_to_cart, purchase], último em ts=1702851860
- ent_37 (relevância=0.013): 10 eventos [add_to_cart, search, view], último em ts=1703324900"
cust_1616,pesado,support_ticket_count,sessao_memoria,13,13,True,correct,533,"## Contexto do cliente: cust_1616 (turno 0)
Resumo de atividade (189 eventos totais): view: 71, add_to_cart: 45, search: 43, purchase: 17, support_ticket: 13

- ent_22 (relevância=0.051): estado mais recente = search em ts=1703500280 (havia também interações anteriores registradas)
- ent_33 (relevância=0.042): estado mais recente = add_to_cart em ts=1703345510 (havia também interações anteriores registradas)
- ent_10 (relevância=0.040): estado mais recente = view em ts=1703287220 (havia também interações anteriores registradas)"
cust_1616,pesado,support_ticket_count,sessao_memoria_sem_clash,13,13,True,correct,1613,"## Contexto do cliente: cust_1616 (turno 0)
Resumo de atividade (189 eventos totais): view: 71, add_to_cart: 45, search: 43, purchase: 17, support_ticket: 13

- ent_22 (relevância=0.051): search em ts=1703500280; search em ts=1703494370; view em ts=1703200280; add_to_cart em ts=1703011790; view em ts=1702961960; view em ts=1702940420; support_ticket em ts=1702855280; purchase em ts=1702840550; view em ts=1702710590; support_ticket em ts=1702415810; view em ts=1702155050; view em ts=1702013930; search em ts=1701974990; view em ts=1701939200; view em ts=1701504590; purchase em ts=1701265430; search em ts=1701029480; view em ts=1700995040; view em ts=1700941430; view em ts=1700488370; view em ts=1700315300
- ent_33 (relevância=0.042): add_to_cart em ts=1703345510; add_to_cart em ts=1703184410; add_to_cart em ts=1703183870; view em ts=1703164940; purchase em ts=1703146250; view em ts=1703048780; search em ts=1703032280; view em ts=1701917120; search em ts=1701725300; view em ts=1701390110; search em ts=1701364460; view em ts=1701219830; view em ts=1700271260; add_to_cart em ts=1700176490; search em ts=1700110550
- ent_10 (relevância=0.040): view em ts=1703287220; view em ts=1702903580; view em ts=1702796120; view em ts=1702563710; add_to_cart em ts=1702525940; add_to_cart em ts=1702345550; search em ts=1702308320; view em ts=1702231820; view em ts=1701891770; add_to_cart em ts=1701511400; support_ticket em ts=1701344930; view em ts=1700895890; view em ts=1700759300; view em ts=1700748800; search em ts=1700708930; search em ts=1700504870; add_to_cart em ts=1700430410; search em ts=1700356670"
